"STATION","DATE","REPORT_TYPE","SOURCE","AWND","BackupDirection","BackupDistance","BackupDistanceUnit","BackupElements","BackupElevation","BackupElevationUnit","BackupEquipment","BackupLatitude","BackupLongitude","BackupName","CDSD","CLDD","DSNW","DYHF","DYTS","DailyAverageDewPointTemperature","DailyAverageDryBulbTemperature","DailyAverageRelativeHumidity","DailyAverageSeaLevelPressure","DailyAverageStationPressure","DailyAverageWetBulbTemperature","DailyAverageWindSpeed","DailyCoolingDegreeDays","DailyDepartureFromNormalAverageTemperature","DailyHeatingDegreeDays","DailyMaximumDryBulbTemperature","DailyMinimumDryBulbTemperature","DailyPeakWindDirection","DailyPeakWindSpeed","DailyPrecipitation","DailySnowDepth","DailySnowfall","DailySustainedWindDirection","DailySustainedWindSpeed","DailyWeather","HDSD","HTDD","HourlyAltimeterSetting","HourlyDewPointTemperature","HourlyDryBulbTemperature","HourlyPrecipitation","HourlyPresentWeatherType","HourlyPressureChange","HourlyPressureTendency","HourlyRelativeHumidity","HourlySeaLevelPressure","HourlySkyConditions","HourlyStationPressure","HourlyVisibility","HourlyWetBulbTemperature","HourlyWindDirection","HourlyWindGustSpeed","HourlyWindSpeed","MonthlyAverageRH","MonthlyDaysWithGT001Precip","MonthlyDaysWithGT010Precip","MonthlyDaysWithGT32Temp","MonthlyDaysWithGT90Temp","MonthlyDaysWithLT0Temp","MonthlyDaysWithLT32Temp","MonthlyDepartureFromNormalAverageTemperature","MonthlyDepartureFromNormalCoolingDegreeDays","MonthlyDepartureFromNormalHeatingDegreeDays","MonthlyDepartureFromNormalMaximumTemperature","MonthlyDepartureFromNormalMinimumTemperature","MonthlyDepartureFromNormalPrecipitation","MonthlyDewpointTemperature","MonthlyGreatestPrecip","MonthlyGreatestPrecipDate","MonthlyGreatestSnowDepth","MonthlyGreatestSnowDepthDate","MonthlyGreatestSnowfall","MonthlyGreatestSnowfallDate","MonthlyMaxSeaLevelPressureValue","MonthlyMaxSeaLevelPressureValueDate","MonthlyMaxSeaLevelPressureValueTime","MonthlyMaximumTemperature","MonthlyMeanTemperature","MonthlyMinSeaLevelPressureValue","MonthlyMinSeaLevelPressureValueDate","MonthlyMinSeaLevelPressureValueTime","MonthlyMinimumTemperature","MonthlySeaLevelPressure","MonthlyStationPressure","MonthlyTotalLiquidPrecipitation","MonthlyTotalSnowfall","MonthlyWetBulb","NormalsCoolingDegreeDay","NormalsHeatingDegreeDay","REM","REPORT_TYPE","SOURCE","ShortDurationEndDate005","ShortDurationEndDate010","ShortDurationEndDate015","ShortDurationEndDate020","ShortDurationEndDate030","ShortDurationEndDate045","ShortDurationEndDate060","ShortDurationEndDate080","ShortDurationEndDate100","ShortDurationEndDate120","ShortDurationEndDate150","ShortDurationEndDate180","ShortDurationPrecipitationValue005","ShortDurationPrecipitationValue010","ShortDurationPrecipitationValue015","ShortDurationPrecipitationValue020","ShortDurationPrecipitationValue030","ShortDurationPrecipitationValue045","ShortDurationPrecipitationValue060","ShortDurationPrecipitationValue080","ShortDurationPrecipitationValue100","ShortDurationPrecipitationValue120","ShortDurationPrecipitationValue150","ShortDurationPrecipitationValue180","Sunrise","Sunset","WindEquipmentChangeDate"
"72493023230","2015-12-01T00:53:00","FM-15","7",,,,,,,,,,,,,,,,,,,,,,,,,,,,,,,,,,,,,,,"30.22","29","45","0.00",,"+0.01","8","54","30.22","FEW:02 70","30.12","10.00","38","100",,"9",,,,,,,,,,,,,,,,,,,,,,,,,,,,,,,,,,,,,"MET10012/01/15 00:53:02 METAR KOAK 010853Z 10008KT 10SM FEW070 07/M02 A3022 RMK AO2 SLP232 T00721017 58005","FM-15","7",,,,,,,,,,,,,,,,,,,,,,,,,,,
"72493023230","2015-12-01T01:53:00","FM-15","7",,,,,,,,,,,,,,,,,,,,,,,,,,,,,,,,,,,,,,,"30.23","29","44","0.00",,,,"55","30.22","CLR:00","30.13","10.00","38","130",,"7",,,,,,,,,,,,,,,,,,,,,,,,,,,,,,,,,,,,,"MET09112/01/15 01:53:02 METAR KOAK 010953Z 13006KT 10SM CLR 07/M02 A3023 RMK AO2 SLP234 T00671017","FM-15","7",,,,,,,,,,,,,,,,,,,,,,,,,,,
"72493023230","2015-12-01T02:53:00","FM-15","7",,,,,,,,,,,,,,,,,,,,,,,,,,,,,,,,,,,,,,,"30.22","29","43","0.00",,,,"58","30.21","CLR:00","30.12","10.00","37","120",,"6",,,,,,,,,,,,,,,,,,,,,,,,,,,,,,,,,,,,,"MET09112/01/15 02:53:02 METAR KOAK 011053Z 12005KT 10SM CLR 06/M02 A3022 RMK AO2 SLP231 T00611017","FM-15","7",,,,,,,,,,,,,,,,,,,,,,,,,,,
"72493023230","2015-12-01T03:53:00","FM-15","7",,,,,,,,,,,,,,,,,,,,,,,,,,,,,,,,,,,,,,,"30.22","29","43","0.00",,"-0.00","0","58","30.22","BKN:07 200","30.12","10.00","37","120",,"5",,,,,,,,,,,,,,,,,,,,,,,,,,,,,,,,,,,,,"MET11212/01/15 03:53:01 METAR KOAK 011153Z 12004KT 10SM BKN200 06/M02 A3022 RMK AO2 SLP232 T00611017 10089 20061 50000","FM-15","7",,,,,,,,,,,,,,,,,,,,,,,,,,,
"72493023230","2015-12-01T04:53:00","FM-15","7",,,,,,,,,,,,,,,,,,,,,,,,,,,,,,,,,,,,,,,"30.22","28","42","0.00",,,,"58","30.22","BKN:07 200","30.12","10.00","36","110",,"3",,,,,,,,,,,,,,,,,,,,,,,,,,,,,,,,,,,,,"MET09412/01/15 04:53:02 METAR KOAK 011253Z 11003KT 10SM BKN200 06/M02 A3022 RMK AO2 SLP234 T00561022","FM-15","7",,,,,,,,,,,,,,,,,,,,,,,,,,,
"72493023230","2015-12-01T05:53:00","FM-15","7",,,,,,,,,,,,,,,,,,,,,,,,,,,,,,,,,,,,,,,"30.23","29","45","0.00",,,,"54","30.23","BKN:07 200","30.13","10.00","38","120",,"9",,,,,,,,,,,,,,,,,,,,,,,,,,,,,,,,,,,,,"MET09412/01/15 05:53:01 METAR KOAK 011353Z 12008KT 10SM BKN200 07/M02 A3023 RMK AO2 SLP236 T00721017","FM-15","7",,,,,,,,,,,,,,,,,,,,,,,,,,,
"72493023230","2015-12-01T06:53:00","FM-15","7",,,,,,,,,,,,,,,,,,,,,,,,,,,,,,,,,,,,,,,"30.24","28","45","0.00",,"-0.01","3","52","30.23","FEW:02 20 FEW:02 200","30.14","10.00","38","110",,"8",,,,,,,,,,,,,,,,,,,,,,,,,,,,,,,,,,,,,"MET10712/01/15 06:53:01 METAR KOAK 011453Z 11007KT 10SM FEW020 FEW200 07/M02 A3024 RMK AO2 SLP238 T00721022 53005","FM-15","7",,,,,,,,,,,,,,,,,,,,,,,,,,,
"72493023230","2015-12-01T07:53:00","FM-15","7",,,,,,,,,,,,,,,,,,,,,,,,,,,,,,,,,,,,,,,"30.25","31","45","0.00",,,,"58","30.24","FEW:02 20 SCT:04 200","30.15","10.00","39","120",,"7",,,,,,,,,,,,,,,,,,,,,,,,,,,,,,,,,,,,,"MET10112/01/15 07:53:01 METAR KOAK 011553Z 12006KT 10SM FEW020 SCT200 07/M01 A3025 RMK AO2 SLP242 T00721006","FM-15","7",,,,,,,,,,,,,,,,,,,,,,,,,,,
"72493023230","2015-12-01T08:53:00","FM-15","7",,,,,,,,,,,,,,,,,,,,,,,,,,,,,,,,,,,,,,,"30.25","30","50","0.00",,,,"46","30.24","FEW:02 200","30.15","10.00","42","110",,"6",,,,,,,,,,,,,,,,,,,,,,,,,,,,,,,,,,,,,"MET09412/01/15 08:53:02 METAR KOAK 011653Z 11005KT 10SM FEW200 10/M01 A3025 RMK AO2 SLP242 T01001011","FM-15","7",,,,,,,,,,,,,,,,,,,,,,,,,,,
"72493023230","2015-12-01T09:53:00","FM-15","7",,,,,,,,,,,,,,,,,,,,,,,,,,,,,,,,,,,,,,,"30.26","33","50","0.00",,"-0.02","1","52","30.26","FEW:02 200","30.16","10.00","43","200",,"7",,,,,,,,,,,,,,,,,,,,,,,,,,,,,,,,,,,,,"MET11112/01/15 09:53:02 METAR KOAK 011753Z 20006KT 10SM FEW200 10/01 A3026 RMK AO2 SLP246 T01000006 10111 20039 51008","FM-15","7",,,,,,,,,,,,,,,,,,,,,,,,,,,
"72493023230","2015-12-01T10:53:00","FM-15","7",,,,,,,,,,,,,,,,,,,,,,,,,,,,,,,,,,,,,,,"30.26","35","51","0.00",,,,"54","30.25","FEW:02 140 FEW:02 200","30.16","10.00","44","220",,"6",,,,,,,,,,,,,,,,,,,,,,,,,,,,,,,,,,,,,"MET10012/01/15 10:53:02 METAR KOAK 011853Z 22005KT 10SM FEW140 FEW200 11/02 A3026 RMK AO2 SLP245 T01060017","FM-15","7",,,,,,,,,,,,,,,,,,,,,,,,,,,
"72493023230","2015-12-01T11:53:00","FM-15","7",,,,,,,,,,,,,,,,,,,,,,,,,,,,,,,,,,,,,,,"30.23","34","52","0.00",,,,"50","30.23","FEW:02 140 FEW:02 200","30.13","10.00","44","240",,"6",,,,,,,,,,,,,,,,,,,,,,,,,,,,,,,,,,,,,"MET10012/01/15 11:53:02 METAR KOAK 011953Z 24005KT 10SM FEW140 FEW200 11/01 A3023 RMK AO2 SLP236 T01110011","FM-15","7",,,,,,,,,,,,,,,,,,,,,,,,,,,
"72493023230","2015-12-01T12:53:00","FM-15","7",,,,,,,,,,,,,,,,,,,,,,,,,,,,,,,,,,,,,,,"30.21","35","53","0.00",,"+0.05","8","51","30.21","FEW:02 140 SCT:04 200","30.11","10.00","45","260",,"7",,,,,,,,,,,,,,,,,,,,,,,,,,,,,,,,,,,,,"MET10612/01/15 12:53:02 METAR KOAK 012053Z 26006KT 10SM FEW140 SCT200 12/02 A3021 RMK AO2 SLP229 T01170017 58017","FM-15","7",,,,,,,,,,,,,,,,,,,,,,,,,,,
"72493023230","2015-12-01T13:53:00","FM-15","7",,,,,,,,,,,,,,,,,,,,,,,,,,,,,,,,,,,,,,,"30.19","37","54","0.00",,,,"53","30.19","FEW:02 140 BKN:07 200","30.09","10.00","46","270",,"7",,,,,,,,,,,,,,,,,,,,,,,,,,,,,,,,,,,,,"MET10512/01/15 13:53:02 METAR KOAK 012153Z 27006KT 10SM FEW140 BKN200 12/03 A3019 RMK AO2 SLP223 T01220028 (WS)","FM-15","7",,,,,,,,,,,,,,,,,,,,,,,,,,,
"72493023230","2015-12-01T14:53:00","FM-15","7",,,,,,,,,,,,,,,,,,,,,,,,,,,,,,,,,,,,,,,"30.18","39","55","0.00",,,,"55","30.18","FEW:02 140 BKN:07 200","30.08","10.00","47","250",,"6",,,,,,,,,,,,,,,,,,,,,,,,,,,,,,,,,,,,,"MET10512/01/15 14:53:02 METAR KOAK 012253Z 25005KT 10SM FEW140 BKN200 13/04 A3018 RMK AO2 SLP219 T01280039 (WS)","FM-15","7",,,,,,,,,,,,,,,,,,,,,,,,,,,
"72493023230","2015-12-01T15:53:00","FM-15","7",,,,,,,,,,,,,,,,,,,,,,,,,,,,,,,,,,,,,,,"30.18","40","55","0.00",,"+0.03","6","57","30.18","FEW:02 140 BKN:07 200","30.08","10.00","48","240",,"7",,,,,,,,,,,,,,,,,,,,,,,,,,,,,,,,,,,,,"MET12412/01/15 15:53:02 METAR KOAK 012353Z 24006KT 10SM FEW140 BKN200 13/04 A3018 RMK AO2 SLP219 T01280044 10133 20100 56010 (DPB)","FM-15","7",,,,,,,,,,,,,,,,,,,,,,,,,,,
"72493023230","2015-12-01T16:53:00","FM-15","7",,,,,,,,,,,,,,,,,,,,,,,,,,,,,,,,,,,,,,,"30.18","41","53","0.00",,,,"64","30.17","FEW:02 140 BKN:07 200","30.08","10.00","47","000",,"0",,,,,,,,,,,,,,,,,,,,,,,,,,,,,,,,,,,,,"MET10012/01/15 16:53:01 METAR KOAK 020053Z 00000KT 10SM FEW140 BKN200 12/05 A3018 RMK AO2 SLP218 T01170050","FM-15","7",,,,,,,,,,,,,,,,,,,,,,,,,,,
"72493023230","2015-12-01T17:53:00","FM-15","7",,,,,,,,,,,,,,,,,,,,,,,,,,,,,,,,,,,,,,,"30.18","39","50","0.00",,,,"66","30.18","FEW:02 140 BKN:07 200","30.08","10.00","45","000",,"0",,,,,,,,,,,,,,,,,,,,,,,,,,,,,,,,,,,,,"MET10012/01/15 17:53:01 METAR KOAK 020153Z 00000KT 10SM FEW140 BKN200 10/04 A3018 RMK AO2 SLP220 T01000039","FM-15","7",,,,,,,,,,,,,,,,,,,,,,,,,,,
"72493023230","2015-12-01T18:53:00","FM-15","7",,,,,,,,,,,,,,,,,,,,,,,,,,,,,,,,,,,,,,,"30.19","38","49","0.00",,"-0.01","3","66","30.19","FEW:02 140 BKN:07 200","30.09","10.00","44","000",,"0",,,,,,,,,,,,,,,,,,,,,,,,,,,,,,,,,,,,,"MET10612/01/15 18:53:01 METAR KOAK 020253Z 00000KT 10SM FEW140 BKN200 09/03 A3019 RMK AO2 SLP222 T00940033 53004","FM-15","7",,,,,,,,,,,,,,,,,,,,,,,,,,,
"72493023230","2015-12-01T19:53:00","FM-15","7",,,,,,,,,,,,,,,,,,,,,,,,,,,,,,,,,,,,,,,"30.20","37","47","0.00",,,,"69","30.19","BKN:07 200","30.10","10.00","43","030",,"3",,,,,,,,,,,,,,,,,,,,,,,,,,,,,,,,,,,,,"MET09312/01/15 19:53:02 METAR KOAK 020353Z 03003KT 10SM BKN200 08/03 A3020 RMK AO2 SLP225 T00830028","FM-15","7",,,,,,,,,,,,,,,,,,,,,,,,,,,
"72493023230","2015-12-01T20:53:00","FM-15","7",,,,,,,,,,,,,,,,,,,,,,,,,,,,,,,,,,,,,,,"30.21","39","49","0.00",,,,"69","30.21","FEW:02 120 BKN:07 200","30.11","10.00","44","000",,"0",,,,,,,,,,,,,,,,,,,,,,,,,,,,,,,,,,,,,"MET10012/01/15 20:53:02 METAR KOAK 020453Z 00000KT 10SM FEW120 BKN200 09/04 A3021 RMK AO2 SLP229 T00940039","FM-15","7",,,,,,,,,,,,,,,,,,,,,,,,,,,
"72493023230","2015-12-01T21:53:00","FM-15","7",,,,,,,,,,,,,,,,,,,,,,,,,,,,,,,,,,,,,,,"30.21","37","47","0.00",,"-0.02","1","69","30.21","FEW:02 100 BKN:07 200","30.11","10.00","43","000",,"0",,,,,,,,,,,,,,,,,,,,,,,,,,,,,,,,,,,,,"MET11812/01/15 21:53:02 METAR KOAK 020553Z 00000KT 10SM FEW100 BKN200 08/03 A3021 RMK AO2 SLP230 T00830028 10128 20078 51008","FM-15","7",,,,,,,,,,,,,,,,,,,,,,,,,,,
"72493023230","2015-12-01T22:53:00","FM-15","7",,,,,,,,,,,,,,,,,,,,,,,,,,,,,,,,,,,,,,,"30.22","36","43","0.00",,,,"76","30.22","FEW:02 100 SCT:04 200","30.12","10.00","40","000",,"0",,,,,,,,,,,,,,,,,,,,,,,,,,,,,,,,,,,,,"MET10012/01/15 22:53:02 METAR KOAK 020653Z 00000KT 10SM FEW100 SCT200 06/02 A3022 RMK AO2 SLP233 T00610022","FM-15","7",,,,,,,,,,,,,,,,,,,,,,,,,,,
"72493023230","2015-12-01T23:53:00","FM-15","7",,,,,,,,,,,,,,,,,,,,,,,,,,,,,,,,,,,,,,,"30.22","34","44","0.00",,,,"68","30.21","FEW:02 200","30.12","10.00","40","060",,"5",,,,,,,,,,,,,,,,,,,,,,,,,,,,,,,,,,,,,"MET10312/01/15 23:53:02 METAR KOAK 020753Z 06004KT 10SM FEW200 07/01 A3022 RMK AO2 SLP231 T00670011 401330039","FM-15","7",,,,,,,,,,,,,,,,,,,,,,,,,,,
"72493023230","2015-12-01T23:59:00","SOD  ","6",,,,,,,,,,,,,,,,,,"48",,,"30.12",,"4.7","0","-2.9","17","56","39","110","15","0.00","0","0.0","110","13",,,,,,,,,,,,,,,,,,,,,,,,,,,,,,,,,,,,,,,,,,,,,,,,,,,,,,,,"SOD74324 HR PRECIPITATION (IN): 0.00 SNOW DEPTH (IN):0     24 HR SNOWFALL (IN):0.0  24 HR MAX TEMP (F): 5624 HR MIN TEMP (F): 39AVERAGE STATION PRESSURE(D):30.121 MINIMUM SEA LEVEL PRESSURE:30.17 TIME OF OCCURRENCE:1701 PEAK WIND SPEED (MPH): 15 PEAK WIND DIR (DEG):110 PEAK WIND TIME (LST):      FASTEST 2MIN SPEED (MPH): 13FASTEST 2MIN DIR (DEG):110 FASTEST 2MIN TIME (LST):     AVERAGE WIND SPEED (MPH): 4.7 24 HR AVG TEMP (F): 48DEPART FROM NORMAL: -3  HEATING DEGREE DAYS: 17 COOLING DEGREE DAYS:  0 LATEST DAY MAX TEMP (0700-1900 LST): 56 LATEST NIGHT MIN TEMP(1900-0800 LST):39 HOURLY INCREMENTAL PRECIPITATION VALUES (IN):0.00 0.00 0.00 0.00 0.00 0.00 0.00 0.00 0.00 0.00 0.00 0.00 0.00 0.00 0.00 0.00 0.00 0.00 0.00 0.00 0.00 0.00 0.00 0.00","SOD  ","6",,,,,,,,,,,,,,,,,,,,,,,,,"0705","1650",
"72493023230","2015-12-02T00:53:00","FM-15","7",,,,,,,,,,,,,,,,,,,,,,,,,,,,,,,,,,,,,,,"30.22","34","43","0.00",,"-0.00","1","71","30.21","FEW:02 200","30.12","10.00","39","030",,"3",,,,,,,,,,,,,,,,,,,,,,,,,,,,,,,,,,,,,"MET10412/02/15 00:53:02 METAR KOAK 020853Z 03003KT 10SM FEW200 06/01 A3022 RMK AO2 SLP231 T00610011 51001 (DB)","FM-15","7",,,,,,,,,,,,,,,,,,,,,,,,,,,
"72493023230","2015-12-02T01:53:00","FM-15","7",,,,,,,,,,,,,,,,,,,,,,,,,,,,,,,,,,,,,,,"30.22","34","43","0.00",,,,"71","30.22","FEW:02 110 BKN:07 200","30.12","10.00","39","030",,"5",,,,,,,,,,,,,,,,,,,,,,,,,,,,,,,,,,,,,"MET10512/02/15 01:53:02 METAR KOAK 020953Z 03004KT 10SM FEW110 BKN200 06/01 A3022 RMK AO2 SLP232 T00610011 (DB)","FM-15","7",,,,,,,,,,,,,,,,,,,,,,,,,,,
"72493023230","2015-12-02T02:53:00","FM-15","7",,,,,,,,,,,,,,,,,,,,,,,,,,,,,,,,,,,,,,,"30.23","36","46","0.00",,,,"68","30.23","FEW:02 110 BKN:07 200","30.13","10.00","42","000",,"0",,,,,,,,,,,,,,,,,,,,,,,,,,,,,,,,,,,,,"MET10512/02/15 02:53:02 METAR KOAK 021053Z 00000KT 10SM FEW110 BKN200 08/02 A3023 RMK AO2 SLP236 T00780022 (DB)","FM-15","7",,,,,,,,,,,,,,,,,,,,,,,,,,,
"72493023230","2015-12-02T03:53:00","FM-15","7",,,,,,,,,,,,,,,,,,,,,,,,,,,,,,,,,,,,,,,"30.22","36","44","0.00",,"-0.01","0","73","30.22","FEW:02 100 BKN:07 200","30.12","10.00","41","000",,"0",,,,,,,,,,,,,,,,,,,,,,,,,,,,,,,,,,,,,"MET12312/02/15 03:53:02 METAR KOAK 021153Z 00000KT 10SM FEW100 BKN200 07/02 A3022 RMK AO2 SLP233 T00670022 10094 20061 50002 (DB)","FM-15","7",,,,,,,,,,,,,,,,,,,,,,,,,,,
"72493023230","2015-12-02T04:53:00","FM-15","7",,,,,,,,,,,,,,,,,,,,,,,,,,,,,,,,,,,,,,,"30.23","37","46","0.00",,,,"71","30.22","OVC:08 100","30.13","10.00","42","000",,"0",,,,,,,,,,,,,,,,,,,,,,,,,,,,,,,,,,,,,"MET09812/02/15 04:53:02 METAR KOAK 021253Z 00000KT 10SM OVC100 08/03 A3023 RMK AO2 SLP235 T00780028 (DB)","FM-15","7",,,,,,,,,,,,,,,,,,,,,,,,,,,
"72493023230","2015-12-02T05:53:00","FM-15","7",,,,,,,,,,,,,,,,,,,,,,,,,,,,,,,,,,,,,,,"30.23","36","45","0.00",,,,"71","30.22","BKN:07 110","30.13","10.00","41","000",,"0",,,,,,,,,,,,,,,,,,,,,,,,,,,,,,,,,,,,,"MET09812/02/15 05:53:02 METAR KOAK 021353Z 00000KT 10SM BKN110 07/02 A3023 RMK AO2 SLP234 T00720022 (DB)","FM-15","7",,,,,,,,,,,,,,,,,,,,,,,,,,,
"72493023230","2015-12-02T06:53:00","FM-15","7",,,,,,,,,,,,,,,,,,,,,,,,,,,,,,,,,,,,,,,"30.24","38","47","0.00",,"-0.01","3","71","30.23","SCT:04 95 BKN:07 110 OVC:08 250","30.14","10.00","43","170",,"5",,,,,,,,,,,,,,,,,,,,,,,,,,,,,,,,,,,,,"MET11812/02/15 06:53:02 METAR KOAK 021453Z 17004KT 10SM SCT095 BKN110 OVC250 08/03 A3024 RMK AO2 SLP238 T00830033 53005 (DB)","FM-15","7",,,,,,,,,,,,,,,,,,,,,,,,,,,
"72493023230","2015-12-02T07:53:00","FM-15","7",,,,,,,,,,,,,,,,,,,,,,,,,,,,,,,,,,,,,,,"30.24","39","48","0.00",,,,"71","30.23","OVC:08 100","30.14","10.00","44","000",,"0",,,,,,,,,,,,,,,,,,,,,,,,,,,,,,,,,,,,,"MET09812/02/15 07:53:02 METAR KOAK 021553Z 00000KT 10SM OVC100 09/04 A3024 RMK AO2 SLP237 T00890039 (LM)","FM-15","7",,,,,,,,,,,,,,,,,,,,,,,,,,,
"72493023230","2015-12-02T08:53:00","FM-15","7",,,,,,,,,,,,,,,,,,,,,,,,,,,,,,,,,,,,,,,"30.23","40","51","0.00",,,,"66","30.23","OVC:08 100","30.13","10.00","46","000",,"0",,,,,,,,,,,,,,,,,,,,,,,,,,,,,,,,,,,,,"MET09812/02/15 08:53:02 METAR KOAK 021653Z 00000KT 10SM OVC100 11/04 A3023 RMK AO2 SLP237 T01060044 (LM)","FM-15","7",,,,,,,,,,,,,,,,,,,,,,,,,,,
"72493023230","2015-12-02T09:53:00","FM-15","7",,,,,,,,,,,,,,,,,,,,,,,,,,,,,,,,,,,,,,,"30.23","39","51","0.00",,"+0.00","7","64","30.23","BKN:07 80 OVC:08 90","30.13","10.00","45","190",,"5",,,,,,,,,,,,,,,,,,,,,,,,,,,,,,,,,,,,,"MET12312/02/15 09:53:02 METAR KOAK 021753Z 19004KT 10SM BKN080 OVC090 11/04 A3023 RMK AO2 SLP237 T01060039 10111 20067 57001 (LM)","FM-15","7",,,,,,,,,,,,,,,,,,,,,,,,,,,
"72493023230","2015-12-02T10:53:00","FM-15","7",,,,,,,,,,,,,,,,,,,,,,,,,,,,,,,,,,,,,,,"30.22","39","53","0.00",,,,"59","30.22","BKN:07 95 OVC:08 140","30.12","10.00","46","210",,"3",,,,,,,,,,,,,,,,,,,,,,,,,,,,,,,,,,,,,"MET10512/02/15 10:53:02 METAR KOAK 021853Z 21003KT 10SM BKN095 OVC140 12/04 A3022 RMK AO2 SLP233 T01170039 (LM)","FM-15","7",,,,,,,,,,,,,,,,,,,,,,,,,,,
"72493023230","2015-12-02T11:53:00","FM-15","7",,,,,,,,,,,,,,,,,,,,,,,,,,,,,,,,,,,,,,,"30.19","41","53","0.00",,,,"64","30.19","BKN:07 95 OVC:08 140","30.09","10.00","47","220",,"6",,,,,,,,,,,,,,,,,,,,,,,,,,,,,,,,,,,,,"MET10512/02/15 11:53:02 METAR KOAK 021953Z 22005KT 10SM BKN095 OVC140 12/05 A3019 RMK AO2 SLP222 T01170050 (LM)","FM-15","7",,,,,,,,,,,,,,,,,,,,,,,,,,,
"72493023230","2015-12-02T12:53:00","FM-15","7",,,,,,,,,,,,,,,,,,,,,,,,,,,,,,,,,,,,,,,"30.17","41","54","0.00",,"+0.07","8","62","30.16","BKN:07 95 BKN:07 110","30.07","10.00","48","000",,"0",,,,,,,,,,,,,,,,,,,,,,,,,,,,,,,,,,,,,"MET11112/02/15 12:53:02 METAR KOAK 022053Z 00000KT 10SM BKN095 BKN110 12/05 A3017 RMK AO2 SLP214 T01220050 58023 (LM)","FM-15","7",,,,,,,,,,,,,,,,,,,,,,,,,,,
"72493023230","2015-12-02T13:53:00","FM-15","7",,,,,,,,,,,,,,,,,,,,,,,,,,,,,,,,,,,,,,,"30.14","43","54","0.00",,,,"67","30.14","BKN:07 95 BKN:07 110","30.04","10.00","49","210",,"6",,,,,,,,,,,,,,,,,,,,,,,,,,,,,,,,,,,,,"MET10512/02/15 13:53:02 METAR KOAK 022153Z 21005KT 10SM BKN095 BKN110 12/06 A3014 RMK AO2 SLP206 T01220061 (LM)","FM-15","7",,,,,,,,,,,,,,,,,,,,,,,,,,,
"72493023230","2015-12-02T14:53:00","FM-15","7",,,,,,,,,,,,,,,,,,,,,,,,,,,,,,,,,,,,,,,"30.12","41","55","0.00",,,,"59","30.12","BKN:07 95 BKN:07 140","30.02","10.00","48","240",,"6",,,,,,,,,,,,,,,,,,,,,,,,,,,,,,,,,,,,,"MET10512/02/15 14:53:02 METAR KOAK 022253Z 24005KT 10SM BKN095 BKN140 13/05 A3012 RMK AO2 SLP200 T01280050 (LM)","FM-15","7",,,,,,,,,,,,,,,,,,,,,,,,,,,
"72493023230","2015-12-02T15:53:00","FM-15","7",,,,,,,,,,,,,,,,,,,,,,,,,,,,,,,,,,,,,,,"30.12","42","55","0.00",,"+0.05","6","62","30.11","FEW:02 95 BKN:07 140 BKN:07 200","30.02","10.00","49","250",,"5",,,,,,,,,,,,,,,,,,,,,,,,,,,,,,,,,,,,,"MET13112/02/15 15:53:02 METAR KOAK 022353Z 25004KT 10SM FEW095 BKN140 BKN200 13/06 A3012 RMK AO2 SLP198 T01280056 10133 20106 56017 (NAB)","FM-15","7",,,,,,,,,,,,,,,,,,,,,,,,,,,
"72493023230","2015-12-02T16:53:00","FM-15","7",,,,,,,,,,,,,,,,,,,,,,,,,,,,,,,,,,,,,,,"30.11","43","54","0.00",,,,"67","30.10","FEW:02 95 BKN:07 200","30.01","10.00","49","000",,"0",,,,,,,,,,,,,,,,,,,,,,,,,,,,,,,,,,,,,"MET10012/02/15 16:53:01 METAR KOAK 030053Z 00000KT 10SM FEW095 BKN200 12/06 A3011 RMK AO2 SLP194 T01220061","FM-15","7",,,,,,,,,,,,,,,,,,,,,,,,,,,
"72493023230","2015-12-02T17:53:00","FM-15","7",,,,,,,,,,,,,,,,,,,,,,,,,,,,,,,,,,,,,,,"30.11","39","53","0.00",,,,"59","30.11","FEW:02 120 BKN:07 200","30.01","10.00","46","090",,"7",,,,,,,,,,,,,,,,,,,,,,,,,,,,,,,,,,,,,"MET10012/02/15 17:53:01 METAR KOAK 030153Z 09006KT 10SM FEW120 BKN200 12/04 A3011 RMK AO2 SLP196 T01170039","FM-15","7",,,,,,,,,,,,,,,,,,,,,,,,,,,
"72493023230","2015-12-02T18:53:00","FM-15","7",,,,,,,,,,,,,,,,,,,,,,,,,,,,,,,,,,,,,,,"30.10","35","53","0.00",,"+0.02","8","51","30.10","FEW:02 120 BKN:07 200","30.00","10.00","45","080",,"8",,,,,,,,,,,,,,,,,,,,,,,,,,,,,,,,,,,,,"MET10612/02/15 18:53:01 METAR KOAK 030253Z 08007KT 10SM FEW120 BKN200 12/02 A3010 RMK AO2 SLP192 T01170017 58006","FM-15","7",,,,,,,,,,,,,,,,,,,,,,,,,,,
"72493023230","2015-12-02T19:53:00","FM-15","7",,,,,,,,,,,,,,,,,,,,,,,,,,,,,,,,,,,,,,,"30.08","35","54","0.00",,,,"49","30.08","SCT:04 200","29.98","9.00","45","090",,"10",,,,,,,,,,,,,,,,,,,,,,,,,,,,,,,,,,,,,"MET09212/02/15 19:53:02 METAR KOAK 030353Z 09009KT 9SM SCT200 12/02 A3008 RMK AO2 SLP187 T01220017","FM-15","7",,,,,,,,,,,,,,,,,,,,,,,,,,,
"72493023230","2015-12-02T20:53:00","FM-15","7",,,,,,,,,,,,,,,,,,,,,,,,,,,,,,,,,,,,,,,"30.09","35","51","0.00",,,,"54","30.09","BKN:07 170","29.99","10.00","44","070",,"6",,,,,,,,,,,,,,,,,,,,,,,,,,,,,,,,,,,,,"MET09312/02/15 20:53:02 METAR KOAK 030453Z 07005KT 10SM BKN170 11/02 A3009 RMK AO2 SLP188 T01060017","FM-15","7",,,,,,,,,,,,,,,,,,,,,,,,,,,
"72493023230","2015-12-02T21:53:00","FM-15","7",,,,,,,,,,,,,,,,,,,,,,,,,,,,,,,,,,,,,,,"30.08","35","50","0.00",,"+0.02","6","57","30.07","BKN:07 160","29.98","10.00","43","080",,"3",,,,,,,,,,,,,,,,,,,,,,,,,,,,,,,,,,,,,"MET11112/02/15 21:53:02 METAR KOAK 030553Z 08003KT 10SM BKN160 10/02 A3008 RMK AO2 SLP183 T01000017 10128 20100 56008","FM-15","7",,,,,,,,,,,,,,,,,,,,,,,,,,,
"72493023230","2015-12-02T22:53:00","FM-15","7",,,,,,,,,,,,,,,,,,,,,,,,,,,,,,,,,,,,,,,"30.05","35","49","0.00",,,,"59","30.05","FEW:02 200","29.96","10.00","43","000",,"0",,,,,,,,,,,,,,,,,,,,,,,,,,,,,,,,,,,,,"MET09312/02/15 22:53:02 METAR KOAK 030653Z 00000KT 10SM FEW200 09/02 A3005 RMK AO2 SLP176 T00940017","FM-15","7",,,,,,,,,,,,,,,,,,,,,,,,,,,
"72493023230","2015-12-02T23:53:00","FM-15","7",,,,,,,,,,,,,,,,,,,,,,,,,,,,,,,,,,,,,,,"30.05","36","48","0.00",,,,"63","30.05","FEW:02 200","29.96","10.00","43","000",,"0",,,,,,,,,,,,,,,,,,,,,,,,,,,,,,,,,,,,,"MET10312/02/15 23:53:02 METAR KOAK 030753Z 00000KT 10SM FEW200 09/02 A3005 RMK AO2 SLP175 T00890022 401330061","FM-15","7",,,,,,,,,,,,,,,,,,,,,,,,,,,
"72493023230","2015-12-02T23:59:00","SOD  ","6",,,,,,,,,,,,,,,,,,"50",,,"30.07",,"3.2","0","-0.7","15","56","43","090","15","0.00","0","0.0","100","12",,,,,,,,,,,,,,,,,,,,,,,,,,,,,,,,,,,,,,,,,,,,,,,,,,,,,,,,"SOD74324 HR PRECIPITATION (IN): 0.00 SNOW DEPTH (IN):0     24 HR SNOWFALL (IN):0.0  24 HR MAX TEMP (F): 5624 HR MIN TEMP (F): 43AVERAGE STATION PRESSURE(D):30.067 MINIMUM SEA LEVEL PRESSURE:30.05 TIME OF OCCURRENCE:2359 PEAK WIND SPEED (MPH): 15 PEAK WIND DIR (DEG): 90 PEAK WIND TIME (LST):      FASTEST 2MIN SPEED (MPH): 12FASTEST 2MIN DIR (DEG):100 FASTEST 2MIN TIME (LST):     AVERAGE WIND SPEED (MPH): 3.2 24 HR AVG TEMP (F): 50DEPART FROM NORMAL:  0  HEATING DEGREE DAYS: 15 COOLING DEGREE DAYS:  0 LATEST DAY MAX TEMP (0700-1900 LST): 56 LATEST NIGHT MIN TEMP(1900-0800 LST):43 HOURLY INCREMENTAL PRECIPITATION VALUES (IN):0.00 0.00 0.00 0.00 0.00 0.00 0.00 0.00 0.00 0.00 0.00 0.00 0.00 0.00 0.00 0.00 0.00 0.00 0.00 0.00 0.00 0.00 0.00 0.00","SOD  ","6",,,,,,,,,,,,,,,,,,,,,,,,,"0706","1650",
"72493023230","2015-12-03T00:53:00","FM-15","7",,,,,,,,,,,,,,,,,,,,,,,,,,,,,,,,,,,,,,,"30.04","34","42","0.00",,"+0.04","6","73","30.04","SCT:04 200","29.94","8.00","39","040",,"6",,,,,,,,,,,,,,,,,,,,,,,,,,,,,,,,,,,,,"MET10312/03/15 00:53:02 METAR KOAK 030853Z 04005KT 8SM SCT200 06/01 A3004 RMK AO2 SLP172 T00560011 56012 (DB)","FM-15","7",,,,,,,,,,,,,,,,,,,,,,,,,,,
"72493023230","2015-12-03T01:53:00","FM-15","7",,,,,,,,,,,,,,,,,,,,,,,,,,,,,,,,,,,,,,,"30.03","36","45","0.00",,,,"71","30.02","CLR:00","29.93","9.00","41","050",,"3",,,,,,,,,,,,,,,,,,,,,,,,,,,,,,,,,,,,,"MET09412/03/15 01:53:02 METAR KOAK 030953Z 05003KT 9SM CLR 07/02 A3003 RMK AO2 SLP167 T00720022 (DB)","FM-15","7",,,,,,,,,,,,,,,,,,,,,,,,,,,
"72493023230","2015-12-03T02:53:00","FM-15","7",,,,,,,,,,,,,,,,,,,,,,,,,,,,,,,,,,,,,,,"30.02","36","44","0.00",,,,"73","30.02","BKN:07 200","29.92","9.00","40","060",,"3",,,,,,,,,,,,,,,,,,,,,,,,,,,,,,,,,,,,,"MET09712/03/15 02:53:02 METAR KOAK 031053Z 06003KT 9SM BKN200 07/02 A3002 RMK AO2 SLP165 T00670022 (DB)","FM-15","7",,,,,,,,,,,,,,,,,,,,,,,,,,,
"72493023230","2015-12-03T03:53:00","FM-15","7",,,,,,,,,,,,,,,,,,,,,,,,,,,,,,,,,,,,,,,"30.00","35","44","0.00",,"+0.04","8","71","29.99","BKN:07 200","29.91","9.00","40","140",,"3",,,,,,,,,,,,,,,,,,,,,,,,,,,,,,,,,,,,,"MET11512/03/15 03:53:02 METAR KOAK 031153Z 14003KT 9SM BKN200 07/02 A3000 RMK AO2 SLP157 T00670017 10100 20056 58015 (DB)","FM-15","7",,,,,,,,,,,,,,,,,,,,,,,,,,,
"72493023230","2015-12-03T04:53:00","FM-15","7",,,,,,,,,,,,,,,,,,,,,,,,,,,,,,,,,,,,,,,"30.00","37","44","0.00",,,,"76","29.99","BKN:07 200","29.91","9.00","41","090",,"3",,,,,,,,,,,,,,,,,,,,,,,,,,,,,,,,,,,,,"MET09712/03/15 04:53:02 METAR KOAK 031253Z 09003KT 9SM BKN200 07/03 A3000 RMK AO2 SLP157 T00670028 (DB)","FM-15","7",,,,,,,,,,,,,,,,,,,,,,,,,,,
"72493023230","2015-12-03T05:53:00","FM-15","7",,,,,,,,,,,,,,,,,,,,,,,,,,,,,,,,,,,,,,,"29.99","36","43","0.00",,,,"76","29.99","FEW:02 20 OVC:08 180","29.89","9.00","40","000",,"0",,,,,,,,,,,,,,,,,,,,,,,,,,,,,,,,,,,,,"MET10412/03/15 05:53:02 METAR KOAK 031353Z 00000KT 9SM FEW020 OVC180 06/02 A2999 RMK AO2 SLP156 T00610022 (DB)","FM-15","7",,,,,,,,,,,,,,,,,,,,,,,,,,,
"72493023230","2015-12-03T06:53:00","FM-15","7",,,,,,,,,,,,,,,,,,,,,,,,,,,,,,,,,,,,,,,"29.98","37","45","0.00",,"+0.02","8","74","29.98","FEW:02 20 OVC:08 180","29.88","10.00","41","110",,"3",,,,,,,,,,,,,,,,,,,,,,,,,,,,,,,,,,,,,"MET11112/03/15 06:53:02 METAR KOAK 031453Z 11003KT 10SM FEW020 OVC180 07/03 A2998 RMK AO2 SLP151 T00720028 58006 (DB)","FM-15","7",,,,,,,,,,,,,,,,,,,,,,,,,,,
"72493023230","2015-12-03T07:53:00","FM-15","7",,,,,,,,,,,,,,,,,,,,,,,,,,,,,,,,,,,,,,,"29.99","38","49","0.00",,,,"66","29.99","SCT:04 20 BKN:07 35 BKN:07 160","29.89","10.00","44","150",,"6",,,,,,,,,,,,,,,,,,,,,,,,,,,,,,,,,,,,,"MET11212/03/15 07:53:02 METAR KOAK 031553Z 15005KT 10SM SCT020 BKN035 BKN160 09/03 A2999 RMK AO2 SLP155 T00940033 (LM)","FM-15","7",,,,,,,,,,,,,,,,,,,,,,,,,,,
"72493023230","2015-12-03T08:53:00","FM-15","7",,,,,,,,,,,,,,,,,,,,,,,,,,,,,,,,,,,,,,,"29.97","43","55","0.00",,,,"64","29.96","SCT:04 20 BKN:07 35 BKN:07 160","29.88","10.00","49","120",,"8",,,,,,,,,,,,,,,,,,,,,,,,,,,,,,,,,,,,,"MET11212/03/15 08:53:02 METAR KOAK 031653Z 12007KT 10SM SCT020 BKN035 BKN160 13/06 A2997 RMK AO2 SLP147 T01280061 (LM)","FM-15","7",,,,,,,,,,,,,,,,,,,,,,,,,,,
"72493023230","2015-12-03T09:53:00","FM-15","7",,,,,,,,,,,,,,,,,,,,,,,,,,,,,,,,,,,,,,,"29.95","46","59","0.00",,"+0.03","8","62","29.95","BKN:07 41 OVC:08 49","29.85","10.00","52","150",,"26",,,,,,,,,,,,,,,,,,,,,,,,,,,,,,,,,,,,,"MET14112/03/15 09:53:02 METAR KOAK 031753Z 15023KT 10SM BKN041 OVC049 15/08 A2995 RMK AO2 PK WND 15027/1735 SLP141 T01500078 10150 20050 58010 (LM)","FM-15","7",,,,,,,,,,,,,,,,,,,,,,,,,,,
"72493023230","2015-12-03T10:34:00","FM-16","7",,,,,,,,,,,,,,,,,,,,,,,,,,,,,,,,,,,,,,,"29.96","46","55","0.02","+RA:02 BR:1 |RA |",,,"72",,"OVC:08 33","29.86","2.00","50","150",,"17",,,,,,,,,,,,,,,,,,,,,,,,,,,,,,,,,,,,,"MET12712/03/15 10:34:02 SPECI KOAK 031834Z 15015KT 2SM +RA BR OVC033 13/08 A2996 RMK AO2 PK WND 15030/1758 RAB23 P0002 T01280078 (LM)","FM-16","7",,,,,,,,,,,,,,,,,,,,,,,,,,,
"72493023230","2015-12-03T10:51:00","FM-16","6",,,,,,,,,,,,,,,,,,,,,,,,,,,,,,,,,,,,,,,"29.96","48","55",,"-RA:02 BR:1 |RA |",,,"77",,"BKN:07 32 OVC:08 46","29.86","4.00","51","140",,"17",,,,,,,,,,,,,,,,,,,,,,,,,,,,,,,,,,,,,"MET12912/03/15 10:51:02 SPECI KOAK 031851Z 14015KT 4SM -RA BR BKN032 OVC046 13/09 A2996 RMK AO2 PK WND 15030/1758 RAB23 P0004 FIBI (LM)","FM-16","6",,,,,,,,,,,,,,,,,,,,,,,,,,,
"72493023230","2015-12-03T10:53:00","FM-15","7",,,,,,,,,,,,,,,,,,,,,,,,,,,,,,,,,,,,,,,"29.96","48","55","0.04","-RA:02 BR:1 |RA |",,,"77","29.96","BKN:07 30 OVC:08 46","29.86","2.50","51","140",,"17",,,,,,,,,,,,,,,,,,,,,,,,,,,,,,,,,,,,,"MET14512/03/15 10:53:02 METAR KOAK 031853Z 14015KT 2 1/2SM -RA BR BKN030 OVC046 13/09 A2996 RMK AO2 PK WND 15030/1758 RAB23 SLP146 P0004 T01280089 (LM)","FM-15","7",,,,,,,,,,,,,,,,,,,,,,,,,,,
"72493023230","2015-12-03T11:09:00","FM-16","7",,,,,,,,,,,,,,,,,,,,,,,,,,,,,,,,,,,,,,,"29.97","50","55","T","-RA:02 BR:1 |RA |",,,"83",,"BKN:07 27 OVC:08 32","29.88","5.00","52","160",,"16",,,,,,,,,,,,,,,,,,,,,,,,,,,,,,,,,,,,,"MET11012/03/15 11:09:02 SPECI KOAK 031909Z 16014KT 5SM -RA BR BKN027 OVC032 13/10 A2997 RMK AO2 P0000 T01280100 (LM)","FM-16","7",,,,,,,,,,,,,,,,,,,,,,,,,,,
"72493023230","2015-12-03T11:53:00","FM-15","7",,,,,,,,,,,,,,,,,,,,,,,,,,,,,,,,,,,,,,,"29.95","52","56","T","-RA:02 BR:1 |RA |",,,"87","29.95","BKN:07 32 BKN:07 42 OVC:08 50","29.85","5.00","54","150",,"20",,,,,,,,,,,,,,,,,,,,,,,,,,,,,,,,,,,,,"MET13312/03/15 11:53:02 METAR KOAK 031953Z 15017KT 5SM -RA BR BKN032 BKN042 OVC050 13/11 A2995 RMK AO2 RAE23B47 SLP142 P0000 T01330111 (LM)","FM-15","7",,,,,,,,,,,,,,,,,,,,,,,,,,,
"72493023230","2015-12-03T12:21:00","FM-16","7",,,,,,,,,,,,,,,,,,,,,,,,,,,,,,,,,,,,,,,"29.98","53","55","0.07","+RA:02 BR:1 |RA |",,,"93",,"FEW:02 13 BKN:07 28 OVC:08 35","29.88","1.50","54","230","30","22",,,,,,,,,,,,,,,,,,,,,,,,,,,,,,,,,,,,,"MET14912/03/15 12:21:02 SPECI KOAK 032021Z 23019G26KT 1 1/2SM +RA BR FEW013 BKN028 OVC035 13/12 A2998 RMK AO2 PK WND 24026/2021 PRESRR P0007 T01280117 (LM)","FM-16","7",,,,,,,,,,,,,,,,,,,,,,,,,,,
"72493023230","2015-12-03T12:30:00","FM-16","7",,,,,,,,,,,,,,,,,,,,,,,,,,,,,,,,,,,,,,,"29.99","52","54","0.09","+RA:02 BR:1 |RA |",,,"93",,"FEW:02 13 BKN:07 28 OVC:08 35","29.89","1.25","53","230","30","17",,,,,,,,,,,,,,,,,,,,,,,,,,,,,,,,,,,,,"MET16012/03/15 12:30:02 SPECI KOAK 032030Z 23015G26KT 1 1/4SM +RA BR FEW013 BKN028 OVC035 12/11 A2999 RMK AO2 PK WND 24026/2021 WSHFT 2010 PRESRR P0009 T01220111 (LM)","FM-16","7",,,,,,,,,,,,,,,,,,,,,,,,,,,
"72493023230","2015-12-03T12:37:00","FM-16","7",,,,,,,,,,,,,,,,,,,,,,,,,,,,,,,,,,,,,,,"29.99","53","54","0.09","RA:02 BR:1 |RA |",,,"97",,"FEW:02 13 OVC:08 35","29.89","3.00","53","210",,"9",,,,,,,,,,,,,,,,,,,,,,,,,,,,,,,,,,,,,"MET13812/03/15 12:37:02 SPECI KOAK 032037Z 21008KT 3SM RA BR FEW013 OVC035 12/12 A2999 RMK AO2 PK WND 24026/2021 WSHFT 2010 P0009 T01220117 (LM)","FM-16","7",,,,,,,,,,,,,,,,,,,,,,,,,,,
"72493023230","2015-12-03T12:53:00","FM-15","7",,,,,,,,,,,,,,,,,,,,,,,,,,,,,,,,,,,,,,,"29.98","53","54","0.09","-RA:02 |RA |","-0.03","3","97","29.97","BKN:07 38 BKN:07 50 OVC:08 60","29.88","10.00","53","180",,"10",,,,,,,,,,,,,,,,,,,,,,,,,,,,,,,,,,,,,"MET16312/03/15 12:53:02 METAR KOAK 032053Z 18009KT 10SM -RA BKN038 BKN050 OVC060 12/12 A2998 RMK AO2 PK WND 24026/2021 WSHFT 2010 SLP150 P0009 60013 T01220117 53009 (LM)","FM-15","7",,,,,,,,,,,,,,,,,,,,,,,,,,,
"72493023230","2015-12-03T13:53:00","FM-15","7",,,,,,,,,,,,,,,,,,,,,,,,,,,,,,,,,,,,,,,"29.98","52","56","T","-RA:02 |RA |",,,"87","29.98","BKN:07 33 BKN:07 60 OVC:08 80","29.88","10.00","54","200",,"15",,,,,,,,,,,,,,,,,,,,,,,,,,,,,,,,,,,,,"MET13112/03/15 13:53:02 METAR KOAK 032153Z 20013KT 10SM -RA BKN033 BKN060 OVC080 13/11 A2998 RMK AO2 RAE04B21 SLP151 P0000 T01330111 (LM)","FM-15","7",,,,,,,,,,,,,,,,,,,,,,,,,,,
"72493023230","2015-12-03T14:51:00","FM-16","6",,,,,,,,,,,,,,,,,,,,,,,,,,,,,,,,,,,,,,,"29.98","48","55",,,,,"77",,"BKN:07 15 BKN:07 32 OVC:08 95","29.88","10.00","51","210",,"11",,,,,,,,,,,,,,,,,,,,,,,,,,,,,,,,,,,,,"MET11212/03/15 14:51:02 SPECI KOAK 032251Z 21010KT 10SM BKN015 BKN032 OVC095 13/09 A2998 RMK AO2 RAE44 P0000 FIBI (LM)","FM-16","6",,,,,,,,,,,,,,,,,,,,,,,,,,,
"72493023230","2015-12-03T14:53:00","FM-15","7",,,,,,,,,,,,,,,,,,,,,,,,,,,,,,,,,,,,,,,"29.98","49","56","T",,,,"77","29.98","BKN:07 15 BKN:07 32 OVC:08 95","29.88","10.00","52","190",,"13",,,,,,,,,,,,,,,,,,,,,,,,,,,,,,,,,,,,,"MET12412/03/15 14:53:02 METAR KOAK 032253Z 19011KT 10SM BKN015 BKN032 OVC095 13/09 A2998 RMK AO2 RAE44 SLP152 P0000 T01330094 (LM)","FM-15","7",,,,,,,,,,,,,,,,,,,,,,,,,,,
"72493023230","2015-12-03T15:53:00","FM-15","7",,,,,,,,,,,,,,,,,,,,,,,,,,,,,,,,,,,,,,,"30.00","49","57","0.00",,"-0.02","3","74","29.99","FEW:02 15 SCT:04 37 BKN:07 50","29.91","10.00","53","200",,"15",,,,,,,,,,,,,,,,,,,,,,,,,,,,,,,,,,,,,"MET13712/03/15 15:53:02 METAR KOAK 032353Z 20013KT 10SM FEW015 SCT037 BKN050 14/09 A3000 RMK AO2 SLP157 60013 T01390094 10139 20122 53007 (ALT)","FM-15","7",,,,,,,,,,,,,,,,,,,,,,,,,,,
"72493023230","2015-12-03T16:53:00","FM-15","7",,,,,,,,,,,,,,,,,,,,,,,,,,,,,,,,,,,,,,,"30.01","48","57","T",,,,"72","30.01","FEW:02 33 BKN:07 50 BKN:07 70","29.91","10.00","52","240",,"15",,,,,,,,,,,,,,,,,,,,,,,,,,,,,,,,,,,,,"MET12212/03/15 16:53:01 METAR KOAK 040053Z 24013KT 10SM FEW033 BKN050 BKN070 14/09 A3001 RMK AO2 RAB02E11 SLP163 P0000 T01390089","FM-15","7",,,,,,,,,,,,,,,,,,,,,,,,,,,
"72493023230","2015-12-03T17:53:00","FM-15","7",,,,,,,,,,,,,,,,,,,,,,,,,,,,,,,,,,,,,,,"30.04","49","55","0.00",,,,"80","30.04","SCT:04 36 SCT:04 50 BKN:07 70","29.94","10.00","52","230",,"10",,,,,,,,,,,,,,,,,,,,,,,,,,,,,,,,,,,,,"MET10712/03/15 17:53:01 METAR KOAK 040153Z 23009KT 10SM SCT036 SCT050 BKN070 13/09 A3004 RMK AO2 SLP173 T01280094","FM-15","7",,,,,,,,,,,,,,,,,,,,,,,,,,,
"72493023230","2015-12-03T18:53:00","FM-15","6",,,,,,,,,,,,,,,,,,,,,,,,,,,,,,,,,,,,,,,"30.06","48","55","T",,"-0.06","1","77","30.06","FEW:02 35 SCT:04 55 BKN:07 70","29.96","10.00","51","230",,"11",,,,,,,,,,,,,,,,,,,,,,,,,,,,,,,,,,,,,"MET13412/03/15 18:53:02 METAR KOAK 040253Z 23010KT 10SM FEW035 SCT055 BKN070 13/09 A3006 RMK AO2 RAB20E35 SLP178 P0000 60000 T01280089 51020","FM-15","6",,,,,,,,,,,,,,,,,,,,,,,,,,,
"72493023230","2015-12-03T19:53:00","FM-15","7",,,,,,,,,,,,,,,,,,,,,,,,,,,,,,,,,,,,,,,"30.09","47","54","0.00",,,,"77","30.09","FEW:02 30 FEW:02 50 SCT:04 65","29.99","10.00","50","250",,"6",,,,,,,,,,,,,,,,,,,,,,,,,,,,,,,,,,,,,"MET10712/03/15 19:53:02 METAR KOAK 040353Z 25005KT 10SM FEW030 FEW050 SCT065 12/08 A3009 RMK AO2 SLP188 T01220083","FM-15","7",,,,,,,,,,,,,,,,,,,,,,,,,,,
"72493023230","2015-12-03T20:53:00","FM-15","7",,,,,,,,,,,,,,,,,,,,,,,,,,,,,,,,,,,,,,,"30.10","47","53","0.00",,,,"80","30.09","FEW:02 30 FEW:02 70","30.00","10.00","50","180",,"8",,,,,,,,,,,,,,,,,,,,,,,,,,,,,,,,,,,,,"MET10012/03/15 20:53:02 METAR KOAK 040453Z 18007KT 10SM FEW030 FEW070 12/08 A3010 RMK AO2 SLP191 T01170083","FM-15","7",,,,,,,,,,,,,,,,,,,,,,,,,,,
"72493023230","2015-12-03T21:53:00","FM-15","7",,,,,,,,,,,,,,,,,,,,,,,,,,,,,,,,,,,,,,,"30.11","46","51","0.00",,"-0.05","1","83","30.11","FEW:02 70","30.01","10.00","49","140",,"8",,,,,,,,,,,,,,,,,,,,,,,,,,,,,,,,,,,,,"MET11712/03/15 21:53:02 METAR KOAK 040553Z 14007KT 10SM FEW070 11/08 A3011 RMK AO2 SLP195 60000 T01060078 10144 20106 51018","FM-15","7",,,,,,,,,,,,,,,,,,,,,,,,,,,
"72493023230","2015-12-03T22:53:00","FM-15","7",,,,,,,,,,,,,,,,,,,,,,,,,,,,,,,,,,,,,,,"30.11","46","50","0.00",,,,"86","30.10","FEW:02 70","30.01","10.00","48","120",,"7",,,,,,,,,,,,,,,,,,,,,,,,,,,,,,,,,,,,,"MET09312/03/15 22:53:02 METAR KOAK 040653Z 12006KT 10SM FEW070 10/08 A3011 RMK AO2 SLP194 T01000078","FM-15","7",,,,,,,,,,,,,,,,,,,,,,,,,,,
"72493023230","2015-12-03T23:53:00","FM-15","7",,,,,,,,,,,,,,,,,,,,,,,,,,,,,,,,,,,,,,,"30.13","45","49","0.00",,,,"86","30.13","CLR:00","30.03","10.00","47","100",,"5",,,,,,,,,,,,,,,,,,,,,,,,,,,,,,,,,,,,,"MET10012/03/15 23:53:02 METAR KOAK 040753Z 10004KT 10SM CLR 09/07 A3013 RMK AO2 SLP202 T00940072 401500050","FM-15","7",,,,,,,,,,,,,,,,,,,,,,,,,,,
"72493023230","2015-12-03T23:59:00","SOD  ","6",,,,,,,,,,,,,,,,,,"50",,,"29.91",,"9.9","0","-0.5","15","59","41","150","34","0.24","0","0.0","150","28","RA BR",,,,,,,,,,,,,,,,,,,,,,,,,,,,,,,,,,,,,,,,,,,,,,,,,,,,,,,"SOD76024 HR PRECIPITATION (IN): 0.24 SNOW DEPTH (IN):0     24 HR SNOWFALL (IN):0.0  WEATHER(CODE):1  24 HR MAX TEMP (F): 5924 HR MIN TEMP (F): 41AVERAGE STATION PRESSURE(D):29.914 MINIMUM SEA LEVEL PRESSURE:29.94 TIME OF OCCURRENCE:1002 PEAK WIND SPEED (MPH): 34 PEAK WIND DIR (DEG):150 PEAK WIND TIME (LST):      FASTEST 2MIN SPEED (MPH): 28FASTEST 2MIN DIR (DEG):150 FASTEST 2MIN TIME (LST):     AVERAGE WIND SPEED (MPH): 9.9 24 HR AVG TEMP (F): 50DEPART FROM NORMAL:  0  HEATING DEGREE DAYS: 15 COOLING DEGREE DAYS:  0 LATEST DAY MAX TEMP (0700-1900 LST): 59 LATEST NIGHT MIN TEMP(1900-0800 LST):41 HOURLY INCREMENTAL PRECIPITATION VALUES (IN):0.00 0.00 0.00 0.00 0.00 0.00 0.00 0.00 0.00 0.00 0.04T     0.09T    T     0.00T     0.00T     0.00 0.00 0.00 0.00 0.00","SOD  ","6",,,,,,,,,,,,,,,,,,,,,,,,,"0707","1650",
"72493023230","2015-12-04T00:53:00","FM-15","7",,,,,,,,,,,,,,,,,,,,,,,,,,,,,,,,,,,,,,,"30.14","45","48","0.00",,"-0.03","3","89","30.14","FEW:02 30","30.04","10.00","47","120",,"5",,,,,,,,,,,,,,,,,,,,,,,,,,,,,,,,,,,,,"MET10412/04/15 00:53:02 METAR KOAK 040853Z 12004KT 10SM FEW030 09/07 A3014 RMK AO2 SLP205 T00890072 53009 (DB)","FM-15","7",,,,,,,,,,,,,,,,,,,,,,,,,,,
"72493023230","2015-12-04T01:53:00","FM-15","7",,,,,,,,,,,,,,,,,,,,,,,,,,,,,,,,,,,,,,,"30.15","44","46","0.00",,,,"93","30.15","CLR:00","30.05","10.00","45","070",,"5",,,,,,,,,,,,,,,,,,,,,,,,,,,,,,,,,,,,,"MET09512/04/15 01:53:02 METAR KOAK 040953Z 07004KT 10SM CLR 08/07 A3015 RMK AO2 SLP209 T00780067 (DB)","FM-15","7",,,,,,,,,,,,,,,,,,,,,,,,,,,
"72493023230","2015-12-04T02:53:00","FM-15","7",,,,,,,,,,,,,,,,,,,,,,,,,,,,,,,,,,,,,,,"30.16","44","47","0.00",,,,"90","30.16","FEW:02 30","30.06","10.00","46","110",,"5",,,,,,,,,,,,,,,,,,,,,,,,,,,,,,,,,,,,,"MET09812/04/15 02:53:02 METAR KOAK 041053Z 11004KT 10SM FEW030 08/07 A3016 RMK AO2 SLP213 T00830067 (DB)","FM-15","7",,,,,,,,,,,,,,,,,,,,,,,,,,,
"72493023230","2015-12-04T03:53:00","FM-15","7",,,,,,,,,,,,,,,,,,,,,,,,,,,,,,,,,,,,,,,"30.17","44","46","0.00",,"-0.03","1","93","30.16","FEW:02 20","30.07","10.00","45","120",,"6",,,,,,,,,,,,,,,,,,,,,,,,,,,,,,,,,,,,,"MET12212/04/15 03:53:02 METAR KOAK 041153Z 12005KT 10SM FEW020 08/07 A3017 RMK AO2 SLP215 70013 T00780067 10106 20072 51010 (DB)","FM-15","7",,,,,,,,,,,,,,,,,,,,,,,,,,,
"72493023230","2015-12-04T04:53:00","FM-15","7",,,,,,,,,,,,,,,,,,,,,,,,,,,,,,,,,,,,,,,"30.17","42","44","0.00",,,,"93","30.17","FEW:02 20","30.07","9.00","43","060",,"5",,,,,,,,,,,,,,,,,,,,,,,,,,,,,,,,,,,,,"MET09712/04/15 04:53:02 METAR KOAK 041253Z 06004KT 9SM FEW020 07/06 A3017 RMK AO2 SLP217 T00670056 (DB)","FM-15","7",,,,,,,,,,,,,,,,,,,,,,,,,,,
"72493023230","2015-12-04T05:53:00","FM-15","7",,,,,,,,,,,,,,,,,,,,,,,,,,,,,,,,,,,,,,,"30.19","40","43","0.00",,,,"89","30.18","FEW:02 20","30.09","10.00","42","130",,"3",,,,,,,,,,,,,,,,,,,,,,,,,,,,,,,,,,,,,"MET09812/04/15 05:53:02 METAR KOAK 041353Z 13003KT 10SM FEW020 06/04 A3019 RMK AO2 SLP221 T00610044 (DB)","FM-15","7",,,,,,,,,,,,,,,,,,,,,,,,,,,
"72493023230","2015-12-04T06:53:00","FM-15","7",,,,,,,,,,,,,,,,,,,,,,,,,,,,,,,,,,,,,,,"30.20","40","42","0.00",,"-0.03","3","92","30.19","FEW:02 15","30.10","10.00","41","060",,"5",,,,,,,,,,,,,,,,,,,,,,,,,,,,,,,,,,,,,"MET10412/04/15 06:53:02 METAR KOAK 041453Z 06004KT 10SM FEW015 06/04 A3020 RMK AO2 SLP224 T00560044 53009 (DB)","FM-15","7",,,,,,,,,,,,,,,,,,,,,,,,,,,
"72493023230","2015-12-04T07:51:00","FM-16","6",,,,,,,,,,,,,,,,,,,,,,,,,,,,,,,,,,,,,,,"30.21","43","45",,"MI:1 FG:2 ||FG",,,"93",,"FEW:02 2 FEW:02 15","30.11","10.00","44","160",,"6",,,,,,,,,,,,,,,,,,,,,,,,,,,,,,,,,,,,,"MET11112/04/15 07:51:02 SPECI KOAK 041551Z 16005KT 10SM MIFG FEW002 FEW015 07/06 A3021 RMK AO2 FU FEW002 NE FIBI (LM)","FM-16","6",,,,,,,,,,,,,,,,,,,,,,,,,,,
"72493023230","2015-12-04T07:53:00","FM-15","7",,,,,,,,,,,,,,,,,,,,,,,,,,,,,,,,,,,,,,,"30.22","43","45","0.00","MI:1 FG:2 |FG |FG",,,"93","30.21","FEW:02 2 FEW:02 15","30.12","10.00","44","150",,"6",,,,,,,,,,,,,,,,,,,,,,,,,,,,,,,,,,,,,"MET12312/04/15 07:53:02 METAR KOAK 041553Z 15005KT 10SM MIFG FEW002 FEW015 07/06 A3022 RMK AO2 SLP231 FU FEW002 NE T00720061 (LM)","FM-15","7",,,,,,,,,,,,,,,,,,,,,,,,,,,
"72493023230","2015-12-04T08:53:00","FM-15","7",,,,,,,,,,,,,,,,,,,,,,,,,,,,,,,,,,,,,,,"30.23","46","49","0.00",,,,"90","30.23","FEW:02 15","30.13","10.00","48","130",,"6",,,,,,,,,,,,,,,,,,,,,,,,,,,,,,,,,,,,,"MET09812/04/15 08:53:02 METAR KOAK 041653Z 13005KT 10SM FEW015 09/08 A3023 RMK AO2 SLP237 T00940078 (LM)","FM-15","7",,,,,,,,,,,,,,,,,,,,,,,,,,,
"72493023230","2015-12-04T09:53:00","FM-15","7",,,,,,,,,,,,,,,,,,,,,,,,,,,,,,,,,,,,,,,"30.26","47","53","0.00",,"-0.07","3","80","30.26","FEW:02 15","30.16","10.00","50","120",,"5",,,,,,,,,,,,,,,,,,,,,,,,,,,,,,,,,,,,,"MET11612/04/15 09:53:02 METAR KOAK 041753Z 12004KT 10SM FEW015 12/08 A3026 RMK AO2 SLP247 T01170083 10117 20050 53023 (LM)","FM-15","7",,,,,,,,,,,,,,,,,,,,,,,,,,,
"72493023230","2015-12-04T10:53:00","FM-15","7",,,,,,,,,,,,,,,,,,,,,,,,,,,,,,,,,,,,,,,"30.27","48","56","0.00",,,,"75","30.26","FEW:02 15","30.17","10.00","52","140",,"6",,,,,,,,,,,,,,,,,,,,,,,,,,,,,,,,,,,,,"MET09812/04/15 10:53:02 METAR KOAK 041853Z 14005KT 10SM FEW015 13/09 A3027 RMK AO2 SLP248 T01330089 (LM)","FM-15","7",,,,,,,,,,,,,,,,,,,,,,,,,,,
"72493023230","2015-12-04T11:53:00","FM-15","7",,,,,,,,,,,,,,,,,,,,,,,,,,,,,,,,,,,,,,,"30.24","49","58","0.00",,,,"72","30.24","FEW:02 15","30.14","10.00","53","160",,"9",,,,,,,,,,,,,,,,,,,,,,,,,,,,,,,,,,,,,"MET09812/04/15 11:53:02 METAR KOAK 041953Z 16008KT 10SM FEW015 14/09 A3024 RMK AO2 SLP239 T01440094 (LM)","FM-15","7",,,,,,,,,,,,,,,,,,,,,,,,,,,
"72493023230","2015-12-04T12:53:00","FM-15","7",,,,,,,,,,,,,,,,,,,,,,,,,,,,,,,,,,,,,,,"30.22","49","58","0.00",,"+0.04","8","72","30.22","SCT:04 15","30.12","10.00","53","180",,"6",,,,,,,,,,,,,,,,,,,,,,,,,,,,,,,,,,,,,"MET10412/04/15 12:53:02 METAR KOAK 042053Z 18005KT 10SM SCT015 14/09 A3022 RMK AO2 SLP234 T01440094 58014 (LM)","FM-15","7",,,,,,,,,,,,,,,,,,,,,,,,,,,
"72493023230","2015-12-04T13:53:00","FM-15","7",,,,,,,,,,,,,,,,,,,,,,,,,,,,,,,,,,,,,,,"30.22","48","58","0.00",,,,"70","30.22","FEW:02 15","30.12","10.00","53","260",,"5",,,,,,,,,,,,,,,,,,,,,,,,,,,,,,,,,,,,,"MET09812/04/15 13:53:02 METAR KOAK 042153Z 26004KT 10SM FEW015 14/09 A3022 RMK AO2 SLP232 T01440089 (LM)","FM-15","7",,,,,,,,,,,,,,,,,,,,,,,,,,,
"72493023230","2015-12-04T14:53:00","FM-15","7",,,,,,,,,,,,,,,,,,,,,,,,,,,,,,,,,,,,,,,"30.21","48","58","0.00",,,,"70","30.21","FEW:02 15 SCT:04 180","30.11","10.00","53","250",,"6",,,,,,,,,,,,,,,,,,,,,,,,,,,,,,,,,,,,,"MET10512/04/15 14:53:02 METAR KOAK 042253Z 25005KT 10SM FEW015 SCT180 14/09 A3021 RMK AO2 SLP231 T01440089 (LM)","FM-15","7",,,,,,,,,,,,,,,,,,,,,,,,,,,
"72493023230","2015-12-04T15:53:00","FM-15","7",,,,,,,,,,,,,,,,,,,,,,,,,,,,,,,,,,,,,,,"30.24","47","58","0.00",,"-0.01","3","67","30.23","FEW:02 15 BKN:07 180","30.14","10.00","52","280",,"7",,,,,,,,,,,,,,,,,,,,,,,,,,,,,,,,,,,,,"MET12412/04/15 15:53:02 METAR KOAK 042353Z 28006KT 10SM FEW015 BKN180 14/08 A3024 RMK AO2 SLP238 T01440083 10150 20117 53004 (ALT)","FM-15","7",,,,,,,,,,,,,,,,,,,,,,,,,,,
"72493023230","2015-12-04T16:53:00","FM-15","7",,,,,,,,,,,,,,,,,,,,,,,,,,,,,,,,,,,,,,,"30.25","48","54","0.00",,,,"80","30.24","FEW:02 15 FEW:02 35 BKN:07 180","30.15","10.00","51","290",,"6",,,,,,,,,,,,,,,,,,,,,,,,,,,,,,,,,,,,,"MET10712/04/15 16:53:01 METAR KOAK 050053Z 29005KT 10SM FEW015 FEW035 BKN180 12/09 A3025 RMK AO2 SLP242 T01220089","FM-15","7",,,,,,,,,,,,,,,,,,,,,,,,,,,
"72493023230","2015-12-04T17:53:00","FM-15","7",,,,,,,,,,,,,,,,,,,,,,,,,,,,,,,,,,,,,,,"30.24","46","51","0.00",,,,"83","30.24","FEW:02 20 BKN:07 200","30.14","10.00","49","020",,"3",,,,,,,,,,,,,,,,,,,,,,,,,,,,,,,,,,,,,"MET10012/04/15 17:53:01 METAR KOAK 050153Z 02003KT 10SM FEW020 BKN200 11/08 A3024 RMK AO2 SLP239 T01060078","FM-15","7",,,,,,,,,,,,,,,,,,,,,,,,,,,
"72493023230","2015-12-04T18:53:00","FM-15","7",,,,,,,,,,,,,,,,,,,,,,,,,,,,,,,,,,,,,,,"30.25","47","54","0.00",,"-0.01","3","77","30.24","FEW:02 20 SCT:04 200","30.15","10.00","50","000",,"0",,,,,,,,,,,,,,,,,,,,,,,,,,,,,,,,,,,,,"MET10612/04/15 18:53:01 METAR KOAK 050253Z 00000KT 10SM FEW020 SCT200 12/08 A3025 RMK AO2 SLP242 T01220083 53004","FM-15","7",,,,,,,,,,,,,,,,,,,,,,,,,,,
"72493023230","2015-12-04T19:53:00","FM-15","7",,,,,,,,,,,,,,,,,,,,,,,,,,,,,,,,,,,,,,,"30.26","43","48","0.00",,,,"83","30.26","FEW:02 200","30.16","10.00","46","000",,"0",,,,,,,,,,,,,,,,,,,,,,,,,,,,,,,,,,,,,"MET09312/04/15 19:53:02 METAR KOAK 050353Z 00000KT 10SM FEW200 09/06 A3026 RMK AO2 SLP247 T00890061","FM-15","7",,,,,,,,,,,,,,,,,,,,,,,,,,,
"72493023230","2015-12-04T20:53:00","FM-15","7",,,,,,,,,,,,,,,,,,,,,,,,,,,,,,,,,,,,,,,"30.28","44","49","0.00",,,,"83","30.28","FEW:02 200","30.18","10.00","47","000",,"0",,,,,,,,,,,,,,,,,,,,,,,,,,,,,,,,,,,,,"MET09312/04/15 20:53:02 METAR KOAK 050453Z 00000KT 10SM FEW200 09/07 A3028 RMK AO2 SLP253 T00940067","FM-15","7",,,,,,,,,,,,,,,,,,,,,,,,,,,
"72493023230","2015-12-04T21:53:00","FM-15","7",,,,,,,,,,,,,,,,,,,,,,,,,,,,,,,,,,,,,,,"30.28","42","45","0.00",,"-0.03","0","90","30.28","FEW:02 200","30.18","10.00","44","020",,"3",,,,,,,,,,,,,,,,,,,,,,,,,,,,,,,,,,,,,"MET11112/04/15 21:53:02 METAR KOAK 050553Z 02003KT 10SM FEW200 07/06 A3028 RMK AO2 SLP253 T00720056 10144 20067 50010","FM-15","7",,,,,,,,,,,,,,,,,,,,,,,,,,,
"72493023230","2015-12-04T22:53:00","FM-15","7",,,,,,,,,,,,,,,,,,,,,,,,,,,,,,,,,,,,,,,"30.29","41","44","0.00","MI:1 FG:2 |FG |FG",,,"89","30.29","FEW:02 200","30.19","10.00","43","080",,"3",,,,,,,,,,,,,,,,,,,,,,,,,,,,,,,,,,,,,"MET09812/04/15 22:53:02 METAR KOAK 050653Z 08003KT 10SM MIFG FEW200 07/05 A3029 RMK AO2 SLP256 T00670050","FM-15","7",,,,,,,,,,,,,,,,,,,,,,,,,,,
"72493023230","2015-12-04T23:53:00","FM-15","7",,,,,,,,,,,,,,,,,,,,,,,,,,,,,,,,,,,,,,,"30.28","42","45","0.00","MI:1 FG:2 |FG |FG",,,"90","30.28","FEW:02 20 FEW:02 200","30.18","10.00","44","120",,"3",,,,,,,,,,,,,,,,,,,,,,,,,,,,,,,,,,,,,"MET11512/04/15 23:53:02 METAR KOAK 050753Z 12003KT 10SM MIFG FEW020 FEW200 07/06 A3028 RMK AO2 SLP253 T00720056 401500050","FM-15","7",,,,,,,,,,,,,,,,,,,,,,,,,,,
"72493023230","2015-12-04T23:59:00","SOD  ","6",,,,,,,,,,,,,,,,,,"50",,,"30.13",,"4.4","0","-0.3","15","59","41","150","13","0.00","0","0.0","160","10","MIFG FG",,,,,,,,,,,,,,,,,,,,,,,,,,,,,,,,,,,,,,,,,,,,,,,,,,,,,,,"SOD76024 HR PRECIPITATION (IN): 0.00 SNOW DEPTH (IN):0     24 HR SNOWFALL (IN):0.0  WEATHER(CODE):1  24 HR MAX TEMP (F): 5924 HR MIN TEMP (F): 41AVERAGE STATION PRESSURE(D):30.129 MINIMUM SEA LEVEL PRESSURE:30.12 TIME OF OCCURRENCE:0032 PEAK WIND SPEED (MPH): 13 PEAK WIND DIR (DEG):150 PEAK WIND TIME (LST):      FASTEST 2MIN SPEED (MPH): 10FASTEST 2MIN DIR (DEG):160 FASTEST 2MIN TIME (LST):     AVERAGE WIND SPEED (MPH): 4.4 24 HR AVG TEMP (F): 50DEPART FROM NORMAL:  0  HEATING DEGREE DAYS: 15 COOLING DEGREE DAYS:  0 LATEST DAY MAX TEMP (0700-1900 LST): 59 LATEST NIGHT MIN TEMP(1900-0800 LST):41 HOURLY INCREMENTAL PRECIPITATION VALUES (IN):0.00 0.00 0.00 0.00 0.00 0.00 0.00 0.00 0.00 0.00 0.00 0.00 0.00 0.00 0.00 0.00 0.00 0.00 0.00 0.00 0.00 0.00 0.00 0.00","SOD  ","6",,,,,,,,,,,,,,,,,,,,,,,,,"0708","1650",
"72493023230","2015-12-05T00:53:00","FM-15","7",,,,,,,,,,,,,,,,,,,,,,,,,,,,,,,,,,,,,,,"30.28","39","42","0.00","MI:1 FG:2 |FG |FG","+0.01","8","89","30.27","FEW:02 16 FEW:02 200","30.18","10.00","41","060",,"5",,,,,,,,,,,,,,,,,,,,,,,,,,,,,,,,,,,,,"MET11712/05/15 00:53:02 METAR KOAK 050853Z 06004KT 10SM MIFG FEW016 FEW200 06/04 A3028 RMK AO2 SLP251 T00560039 58002 (NAB)","FM-15","7",,,,,,,,,,,,,,,,,,,,,,,,,,,
"72493023230","2015-12-05T01:53:00","FM-15","7",,,,,,,,,,,,,,,,,,,,,,,,,,,,,,,,,,,,,,,"30.28","40","43","0.00",,,,"89","30.27","FEW:02 16 SCT:04 220","30.18","10.00","42","060",,"3",,,,,,,,,,,,,,,,,,,,,,,,,,,,,,,,,,,,,"MET10612/05/15 01:53:02 METAR KOAK 050953Z 06003KT 10SM FEW016 SCT220 06/04 A3028 RMK AO2 SLP252 T00610044 (NAB)","FM-15","7",,,,,,,,,,,,,,,,,,,,,,,,,,,
"72493023230","2015-12-05T02:53:00","FM-15","7",,,,,,,,,,,,,,,,,,,,,,,,,,,,,,,,,,,,,,,"30.27","41","44","0.00",,,,"89","30.27","FEW:02 16 SCT:04 220","30.17","10.00","43","000",,"0",,,,,,,,,,,,,,,,,,,,,,,,,,,,,,,,,,,,,"MET10612/05/15 02:53:02 METAR KOAK 051053Z 00000KT 10SM FEW016 SCT220 07/05 A3027 RMK AO2 SLP250 T00670050 (NAB)","FM-15","7",,,,,,,,,,,,,,,,,,,,,,,,,,,
"72493023230","2015-12-05T03:53:00","FM-15","7",,,,,,,,,,,,,,,,,,,,,,,,,,,,,,,,,,,,,,,"30.26","39","42","0.00",,"+0.02","8","89","30.25","FEW:02 14 SCT:04 220","30.16","10.00","41","000",,"0",,,,,,,,,,,,,,,,,,,,,,,,,,,,,,,,,,,,,"MET12412/05/15 03:53:02 METAR KOAK 051153Z 00000KT 10SM FEW014 SCT220 06/04 A3026 RMK AO2 SLP244 T00560039 10078 20050 58006 (NAB)","FM-15","7",,,,,,,,,,,,,,,,,,,,,,,,,,,
"72493023230","2015-12-05T04:53:00","FM-15","7",,,,,,,,,,,,,,,,,,,,,,,,,,,,,,,,,,,,,,,"30.25","39","42","0.00",,,,"89","30.25","FEW:02 14 SCT:04 220","30.15","10.00","41","000",,"0",,,,,,,,,,,,,,,,,,,,,,,,,,,,,,,,,,,,,"MET10612/05/15 04:53:02 METAR KOAK 051253Z 00000KT 10SM FEW014 SCT220 06/04 A3025 RMK AO2 SLP243 T00560039 (NAB)","FM-15","7",,,,,,,,,,,,,,,,,,,,,,,,,,,
"72493023230","2015-12-05T05:53:00","FM-15","7",,,,,,,,,,,,,,,,,,,,,,,,,,,,,,,,,,,,,,,"30.25","39","41","0.00",,,,"93","30.25","FEW:02 14 FEW:02 220","30.15","10.00","40","000",,"0",,,,,,,,,,,,,,,,,,,,,,,,,,,,,,,,,,,,,"MET10612/05/15 05:53:02 METAR KOAK 051353Z 00000KT 10SM FEW014 FEW220 05/04 A3025 RMK AO2 SLP243 T00500039 (NAB)","FM-15","7",,,,,,,,,,,,,,,,,,,,,,,,,,,
"72493023230","2015-12-05T06:53:00","FM-15","7",,,,,,,,,,,,,,,,,,,,,,,,,,,,,,,,,,,,,,,"30.26","39","41","0.00",,"+0.00","5","93","30.25","FEW:02 14 SCT:04 220","30.16","10.00","40","060",,"6",,,,,,,,,,,,,,,,,,,,,,,,,,,,,,,,,,,,,"MET11212/05/15 06:53:02 METAR KOAK 051453Z 06005KT 10SM FEW014 SCT220 05/04 A3026 RMK AO2 SLP244 T00500039 55000 (NAB)","FM-15","7",,,,,,,,,,,,,,,,,,,,,,,,,,,
"72493023230","2015-12-05T07:53:00","FM-15","7",,,,,,,,,,,,,,,,,,,,,,,,,,,,,,,,,,,,,,,"30.27","40","43","0.00",,,,"89","30.27","FEW:02 150 OVC:08 220","30.17","10.00","42","360",,"3",,,,,,,,,,,,,,,,,,,,,,,,,,,,,,,,,,,,,"MET10512/05/15 07:53:02 METAR KOAK 051553Z 36003KT 10SM FEW150 OVC220 06/04 A3027 RMK AO2 SLP250 T00610044 (WS)","FM-15","7",,,,,,,,,,,,,,,,,,,,,,,,,,,
"72493023230","2015-12-05T08:53:00","FM-15","7",,,,,,,,,,,,,,,,,,,,,,,,,,,,,,,,,,,,,,,"30.27","43","45","0.00",,,,"93","30.27","FEW:02 150 OVC:08 200","30.17","10.00","44","000",,"0",,,,,,,,,,,,,,,,,,,,,,,,,,,,,,,,,,,,,"MET10512/05/15 08:53:02 METAR KOAK 051653Z 00000KT 10SM FEW150 OVC200 07/06 A3027 RMK AO2 SLP249 T00720061 (WS)","FM-15","7",,,,,,,,,,,,,,,,,,,,,,,,,,,
"72493023230","2015-12-05T09:53:00","FM-15","7",,,,,,,,,,,,,,,,,,,,,,,,,,,,,,,,,,,,,,,"30.29","45","50","0.00",,"-0.04","3","83","30.29","FEW:02 150 OVC:08 200","30.19","10.00","48","150",,"3",,,,,,,,,,,,,,,,,,,,,,,,,,,,,,,,,,,,,"MET12312/05/15 09:53:02 METAR KOAK 051753Z 15003KT 10SM FEW150 OVC200 10/07 A3029 RMK AO2 SLP258 T01000072 10100 20044 53014 (WS)","FM-15","7",,,,,,,,,,,,,,,,,,,,,,,,,,,
"72493023230","2015-12-05T10:53:00","FM-15","7",,,,,,,,,,,,,,,,,,,,,,,,,,,,,,,,,,,,,,,"30.28","44","52","0.00",,,,"75","30.28","FEW:02 150 OVC:08 200","30.18","10.00","48","130",,"6",,,,,,,,,,,,,,,,,,,,,,,,,,,,,,,,,,,,,"MET10512/05/15 10:53:02 METAR KOAK 051853Z 13005KT 10SM FEW150 OVC200 11/07 A3028 RMK AO2 SLP254 T01110067 (WS)","FM-15","7",,,,,,,,,,,,,,,,,,,,,,,,,,,
"72493023230","2015-12-05T11:53:00","FM-15","7",,,,,,,,,,,,,,,,,,,,,,,,,,,,,,,,,,,,,,,"30.27","46","52","0.00",,,,"80","30.27","FEW:02 150 OVC:08 200","30.17","10.00","49","220",,"7",,,,,,,,,,,,,,,,,,,,,,,,,,,,,,,,,,,,,"MET10512/05/15 11:53:02 METAR KOAK 051953Z 22006KT 10SM FEW150 OVC200 11/08 A3027 RMK AO2 SLP249 T01110078 (WS)","FM-15","7",,,,,,,,,,,,,,,,,,,,,,,,,,,
"72493023230","2015-12-05T12:53:00","FM-15","7",,,,,,,,,,,,,,,,,,,,,,,,,,,,,,,,,,,,,,,"30.24","44","52","0.00",,"+0.05","8","75","30.24","FEW:02 120 SCT:04 150 OVC:08 200","30.14","10.00","48","280",,"7",,,,,,,,,,,,,,,,,,,,,,,,,,,,,,,,,,,,,"MET11812/05/15 12:53:02 METAR KOAK 052053Z 28006KT 10SM FEW120 SCT150 OVC200 11/07 A3024 RMK AO2 SLP239 T01110067 58018 (WS)","FM-15","7",,,,,,,,,,,,,,,,,,,,,,,,,,,
"72493023230","2015-12-05T13:53:00","FM-15","7",,,,,,,,,,,,,,,,,,,,,,,,,,,,,,,,,,,,,,,"30.22","45","52","0.00",,,,"77","30.22","FEW:02 120 SCT:04 150 OVC:08 200","30.12","10.00","49","260",,"5",,,,,,,,,,,,,,,,,,,,,,,,,,,,,,,,,,,,,"MET11212/05/15 13:53:02 METAR KOAK 052153Z 26004KT 10SM FEW120 SCT150 OVC200 11/07 A3022 RMK AO2 SLP233 T01110072 (WS)","FM-15","7",,,,,,,,,,,,,,,,,,,,,,,,,,,
"72493023230","2015-12-05T14:53:00","FM-15","7",,,,,,,,,,,,,,,,,,,,,,,,,,,,,,,,,,,,,,,"30.23","46","53","0.00",,,,"77","30.22","FEW:02 120 SCT:04 150 OVC:08 200","30.13","10.00","49","230",,"5",,,,,,,,,,,,,,,,,,,,,,,,,,,,,,,,,,,,,"MET11212/05/15 14:53:02 METAR KOAK 052253Z 23004KT 10SM FEW120 SCT150 OVC200 12/08 A3023 RMK AO2 SLP235 T01170078 (WS)","FM-15","7",,,,,,,,,,,,,,,,,,,,,,,,,,,
"72493023230","2015-12-05T15:53:00","FM-15","7",,,,,,,,,,,,,,,,,,,,,,,,,,,,,,,,,,,,,,,"30.22","46","52","0.00",,"+0.02","6","80","30.22","SCT:04 150 OVC:08 200","30.12","10.00","49","200",,"3",,,,,,,,,,,,,,,,,,,,,,,,,,,,,,,,,,,,,"MET12412/05/15 15:53:02 METAR KOAK 052353Z 20003KT 10SM SCT150 OVC200 11/08 A3022 RMK AO2 SLP232 T01110078 10122 20100 56008 (ALT)","FM-15","7",,,,,,,,,,,,,,,,,,,,,,,,,,,
"72493023230","2015-12-05T16:53:00","FM-15","7",,,,,,,,,,,,,,,,,,,,,,,,,,,,,,,,,,,,,,,"30.23","46","52","0.00",,,,"80","30.22","SCT:04 150 OVC:08 200","30.13","10.00","49","020",,"3",,,,,,,,,,,,,,,,,,,,,,,,,,,,,,,,,,,,,"MET10612/05/15 16:53:03 METAR KOAK 060053Z 02003KT 10SM SCT150 OVC200 11/08 A3023 RMK AO2 SLP235 T01110078 (ALT)","FM-15","7",,,,,,,,,,,,,,,,,,,,,,,,,,,
"72493023230","2015-12-05T17:53:00","FM-15","7",,,,,,,,,,,,,,,,,,,,,,,,,,,,,,,,,,,,,,,"30.21","45","50","0.00",,,,"83","30.21","SCT:04 160 OVC:08 200","30.11","10.00","48","080",,"8",,,,,,,,,,,,,,,,,,,,,,,,,,,,,,,,,,,,,"MET11312/05/15 17:53:03 METAR KOAK 060153Z 08007KT 10SM SCT160 OVC200 10/07 A3021 RMK AO2 PRESFR SLP230 T01000072 (ALT)","FM-15","7",,,,,,,,,,,,,,,,,,,,,,,,,,,
"72493023230","2015-12-05T18:53:00","FM-15","7",,,,,,,,,,,,,,,,,,,,,,,,,,,,,,,,,,,,,,,"30.23","45","52","0.00",,"-0.01","3","77","30.23","BKN:07 160 OVC:08 200","30.13","10.00","49","160",,"3",,,,,,,,,,,,,,,,,,,,,,,,,,,,,,,,,,,,,"MET11212/05/15 18:53:03 METAR KOAK 060253Z 16003KT 10SM BKN160 OVC200 11/07 A3023 RMK AO2 SLP237 T01110072 53005 (ALT)","FM-15","7",,,,,,,,,,,,,,,,,,,,,,,,,,,
"72493023230","2015-12-05T19:53:00","FM-15","7",,,,,,,,,,,,,,,,,,,,,,,,,,,,,,,,,,,,,,,"30.25","46","50","0.00",,,,"86","30.24","BKN:07 160 OVC:08 200","30.15","10.00","48","150",,"6",,,,,,,,,,,,,,,,,,,,,,,,,,,,,,,,,,,,,"MET10612/05/15 19:53:03 METAR KOAK 060353Z 15005KT 10SM BKN160 OVC200 10/08 A3025 RMK AO2 SLP242 T01000078 (ALT)","FM-15","7",,,,,,,,,,,,,,,,,,,,,,,,,,,
"72493023230","2015-12-05T20:53:00","FM-15","7",,,,,,,,,,,,,,,,,,,,,,,,,,,,,,,,,,,,,,,"30.24","45","51","0.00",,,,"80","30.24","BKN:07 160 BKN:07 200","30.14","10.00","48","000",,"0",,,,,,,,,,,,,,,,,,,,,,,,,,,,,,,,,,,,,"MET10612/05/15 20:53:03 METAR KOAK 060453Z 00000KT 10SM BKN160 BKN200 11/07 A3024 RMK AO2 SLP241 T01060072 (ALT)","FM-15","7",,,,,,,,,,,,,,,,,,,,,,,,,,,
"72493023230","2015-12-05T21:53:00","FM-15","7",,,,,,,,,,,,,,,,,,,,,,,,,,,,,,,,,,,,,,,"30.25","45","52","0.00",,"-0.01","1","77","30.24","BKN:07 160 BKN:07 200","30.15","10.00","49","000",,"0",,,,,,,,,,,,,,,,,,,,,,,,,,,,,,,,,,,,,"MET12412/05/15 21:53:03 METAR KOAK 060553Z 00000KT 10SM BKN160 BKN200 11/07 A3025 RMK AO2 SLP241 T01110072 10117 20100 51005 (ALT)","FM-15","7",,,,,,,,,,,,,,,,,,,,,,,,,,,
"72493023230","2015-12-05T22:53:00","FM-15","7",,,,,,,,,,,,,,,,,,,,,,,,,,,,,,,,,,,,,,,"30.24","44","50","0.00",,,,"80","30.24","BKN:07 160 OVC:08 200","30.14","10.00","47","000",,"0",,,,,,,,,,,,,,,,,,,,,,,,,,,,,,,,,,,,,"MET10612/05/15 22:53:03 METAR KOAK 060653Z 00000KT 10SM BKN160 OVC200 10/07 A3024 RMK AO2 SLP240 T01000067 (ALT)","FM-15","7",,,,,,,,,,,,,,,,,,,,,,,,,,,
"72493023230","2015-12-05T23:53:00","FM-15","7",,,,,,,,,,,,,,,,,,,,,,,,,,,,,,,,,,,,,,,"30.24","42","47","0.00",,,,"83","30.24","BKN:07 160 BKN:07 200","30.14","10.00","45","000",,"0",,,,,,,,,,,,,,,,,,,,,,,,,,,,,,,,,,,,,"MET11512/05/15 23:53:03 METAR KOAK 060753Z 00000KT 10SM BKN160 BKN200 08/06 A3024 RMK AO2 SLP241 T00830056 401220044 (RC)","FM-15","7",,,,,,,,,,,,,,,,,,,,,,,,,,,
"72493023230","2015-12-05T23:59:00","SOD  ","6",,,,,,,,,,,,,,,,,,"47",,,"30.16",,"3.1","0","-3.1","18","54","40","270","10","0.00","0","0.0","270","9","MIFG FG",,,,,,,,,,,,,,,,,,,,,,,,,,,,,,,,,,,,,,,,,,,,,,,,,,,,,,,"SOD76024 HR PRECIPITATION (IN): 0.00 SNOW DEPTH (IN):0     24 HR SNOWFALL (IN):0.0  WEATHER(CODE):1  24 HR MAX TEMP (F): 5424 HR MIN TEMP (F): 40AVERAGE STATION PRESSURE(D):30.155 MINIMUM SEA LEVEL PRESSURE:30.21 TIME OF OCCURRENCE:1811 PEAK WIND SPEED (MPH): 10 PEAK WIND DIR (DEG):270 PEAK WIND TIME (LST):      FASTEST 2MIN SPEED (MPH):  9FASTEST 2MIN DIR (DEG):270 FASTEST 2MIN TIME (LST):     AVERAGE WIND SPEED (MPH): 3.1 24 HR AVG TEMP (F): 47DEPART FROM NORMAL: -3  HEATING DEGREE DAYS: 18 COOLING DEGREE DAYS:  0 LATEST DAY MAX TEMP (0700-1900 LST): 54 LATEST NIGHT MIN TEMP(1900-0800 LST):40 HOURLY INCREMENTAL PRECIPITATION VALUES (IN):0.00 0.00 0.00 0.00 0.00 0.00 0.00 0.00 0.00 0.00 0.00 0.00 0.00 0.00 0.00 0.00 0.00 0.00 0.00 0.00 0.00 0.00 0.00 0.00","SOD  ","6",,,,,,,,,,,,,,,,,,,,,,,,,"0709","1650",
"72493023230","2015-12-06T00:53:00","FM-15","7",,,,,,,,,,,,,,,,,,,,,,,,,,,,,,,,,,,,,,,"30.24","41","45","0.00",,"+0.01","7","86","30.24","SCT:04 160 BKN:07 200","30.14","10.00","43","060",,"3",,,,,,,,,,,,,,,,,,,,,,,,,,,,,,,,,,,,,"MET11112/06/15 00:53:02 METAR KOAK 060853Z 06003KT 10SM SCT160 BKN200 07/05 A3024 RMK AO2 SLP239 T00720050 57002 (RC)","FM-15","7",,,,,,,,,,,,,,,,,,,,,,,,,,,
"72493023230","2015-12-06T01:53:00","FM-15","7",,,,,,,,,,,,,,,,,,,,,,,,,,,,,,,,,,,,,,,"30.26","42","46","0.00",,,,"86","30.25","BKN:07 120","30.16","10.00","44","330",,"3",,,,,,,,,,,,,,,,,,,,,,,,,,,,,,,,,,,,,"MET09812/06/15 01:53:02 METAR KOAK 060953Z 33003KT 10SM BKN120 08/06 A3026 RMK AO2 SLP245 T00780056 (RC)","FM-15","7",,,,,,,,,,,,,,,,,,,,,,,,,,,
"72493023230","2015-12-06T02:53:00","FM-15","7",,,,,,,,,,,,,,,,,,,,,,,,,,,,,,,,,,,,,,,"30.23","40","47","0.00",,,,"77","30.23","FEW:02 55 BKN:07 110","30.13","10.00","44","080",,"3",,,,,,,,,,,,,,,,,,,,,,,,,,,,,,,,,,,,,"MET10512/06/15 02:53:02 METAR KOAK 061053Z 08003KT 10SM FEW055 BKN110 08/04 A3023 RMK AO2 SLP236 T00830044 (RC)","FM-15","7",,,,,,,,,,,,,,,,,,,,,,,,,,,
"72493023230","2015-12-06T03:53:00","FM-15","7",,,,,,,,,,,,,,,,,,,,,,,,,,,,,,,,,,,,,,,"30.23","41","50","0.00",,"+0.01","8","71","30.23","SCT:04 110 BKN:07 200","30.13","10.00","46","120",,"10",,,,,,,,,,,,,,,,,,,,,,,,,,,,,,,,,,,,,"MET12312/06/15 03:53:02 METAR KOAK 061153Z 12009KT 10SM SCT110 BKN200 10/05 A3023 RMK AO2 SLP236 T01000050 10111 20067 58003 (RC)","FM-15","7",,,,,,,,,,,,,,,,,,,,,,,,,,,
"72493023230","2015-12-06T04:53:00","FM-15","7",,,,,,,,,,,,,,,,,,,,,,,,,,,,,,,,,,,,,,,"30.24","40","53","0.00",,,,"61","30.23","SCT:04 50 BKN:07 110 OVC:08 200","30.14","10.00","47","130",,"9",,,,,,,,,,,,,,,,,,,,,,,,,,,,,,,,,,,,,"MET11212/06/15 04:53:02 METAR KOAK 061253Z 13008KT 10SM SCT050 BKN110 OVC200 12/04 A3024 RMK AO2 SLP238 T01170044 (RC)","FM-15","7",,,,,,,,,,,,,,,,,,,,,,,,,,,
"72493023230","2015-12-06T05:53:00","FM-15","7",,,,,,,,,,,,,,,,,,,,,,,,,,,,,,,,,,,,,,,"30.24","38","55","0.00",,,,"53","30.24","FEW:02 20 BKN:07 30 OVC:08 50","30.14","10.00","47","130",,"10",,,,,,,,,,,,,,,,,,,,,,,,,,,,,,,,,,,,,"MET11212/06/15 05:53:02 METAR KOAK 061353Z 13009KT 10SM FEW020 BKN030 OVC050 13/03 A3024 RMK AO2 SLP240 T01280033 (RC)","FM-15","7",,,,,,,,,,,,,,,,,,,,,,,,,,,
"72493023230","2015-12-06T06:37:00","FM-16","7",,,,,,,,,,,,,,,,,,,,,,,,,,,,,,,,,,,,,,,"30.25","39","54",,,,,"57",,"BKN:07 27 OVC:08 37","30.15","10.00","47","140",,"11",,,,,,,,,,,,,,,,,,,,,,,,,,,,,,,,,,,,,"MET09812/06/15 06:37:02 SPECI KOAK 061437Z 14010KT 10SM BKN027 OVC037 12/04 A3025 RMK AO2 T01220039 (RC)","FM-16","7",,,,,,,,,,,,,,,,,,,,,,,,,,,
"72493023230","2015-12-06T06:53:00","FM-15","7",,,,,,,,,,,,,,,,,,,,,,,,,,,,,,,,,,,,,,,"30.26","41","53","T","-DZ:01 |DZ |","-0.03","3","64","30.26","BKN:07 25 BKN:07 33 BKN:07 100","30.16","10.00","47","140",,"8",,,,,,,,,,,,,,,,,,,,,,,,,,,,,,,,,,,,,"MET14012/06/15 06:53:02 METAR KOAK 061453Z 14007KT 10SM -DZ BKN025 BKN033 BKN100 12/05 A3026 RMK AO2 DZB51 SLP246 P0000 60000 T01170050 53010 (RC)","FM-15","7",,,,,,,,,,,,,,,,,,,,,,,,,,,
"72493023230","2015-12-06T07:53:00","FM-15","7",,,,,,,,,,,,,,,,,,,,,,,,,,,,,,,,,,,,,,,"30.28","40","53","T",,,,"61","30.28","OVC:08 20","30.18","10.00","47","120",,"9",,,,,,,,,,,,,,,,,,,,,,,,,,,,,,,,,,,,,"MET11812/06/15 07:53:02 METAR KOAK 061553Z 12008KT 10SM OVC020 12/04 A3028 RMK AO2 DZE15RAB15E27 SLP253 P0000 T01170044 (WS)","FM-15","7",,,,,,,,,,,,,,,,,,,,,,,,,,,
"72493023230","2015-12-06T08:53:00","FM-15","7",,,,,,,,,,,,,,,,,,,,,,,,,,,,,,,,,,,,,,,"30.31","41","54","T","-RA:02 |RA |",,,"62","30.30","OVC:08 23","30.21","5.00","48","120",,"10",,,,,,,,,,,,,,,,,,,,,,,,,,,,,,,,,,,,,"MET11612/06/15 08:53:02 METAR KOAK 061653Z 12009KT 5SM -RA OVC023 12/05 A3031 RMK AO2 RAB47 SLP262 BR P0000 T01220050 (WS)","FM-15","7",,,,,,,,,,,,,,,,,,,,,,,,,,,
"72493023230","2015-12-06T09:23:00","FM-16","7",,,,,,,,,,,,,,,,,,,,,,,,,,,,,,,,,,,,,,,"30.32","44","51","T","-RA:02 BR:1 |RA |",,,"77",,"OVC:08 24","30.22","2.50","48","120",,"11",,,,,,,,,,,,,,,,,,,,,,,,,,,,,,,,,,,,,"MET10712/06/15 09:23:02 SPECI KOAK 061723Z 12010KT 2 1/2SM -RA BR OVC024 11/07 A3032 RMK AO2 P0000 T01060067 (WS)","FM-16","7",,,,,,,,,,,,,,,,,,,,,,,,,,,
"72493023230","2015-12-06T09:33:00","FM-16","7",,,,,,,,,,,,,,,,,,,,,,,,,,,,,,,,,,,,,,,"30.32","45","51","T","-RA:02 BR:1 |RA |",,,"80",,"OVC:08 24","30.22","3.00","48","100",,"8",,,,,,,,,,,,,,,,,,,,,,,,,,,,,,,,,,,,,"MET10312/06/15 09:33:02 SPECI KOAK 061733Z 10007KT 3SM -RA BR OVC024 11/07 A3032 RMK AO2 P0000 T01060072 (WS)","FM-16","7",,,,,,,,,,,,,,,,,,,,,,,,,,,
"72493023230","2015-12-06T09:53:00","FM-15","7",,,,,,,,,,,,,,,,,,,,,,,,,,,,,,,,,,,,,,,"30.33","46","52","T","-RA:02 |RA |","-0.06","3","80","30.32","OVC:08 22","30.23","9.00","49","110",,"9",,,,,,,,,,,,,,,,,,,,,,,,,,,,,,,,,,,,,"MET13112/06/15 09:53:02 METAR KOAK 061753Z 11008KT 9SM -RA OVC022 11/08 A3033 RMK AO2 SLP269 P0000 60000 T01110078 10128 20106 53022 (WS)","FM-15","7",,,,,,,,,,,,,,,,,,,,,,,,,,,
"72493023230","2015-12-06T10:53:00","FM-15","7",,,,,,,,,,,,,,,,,,,,,,,,,,,,,,,,,,,,,,,"30.31","52","54","T",,,,"93","30.31","BKN:07 25 OVC:08 29","30.21","10.00","53","090",,"6",,,,,,,,,,,,,,,,,,,,,,,,,,,,,,,,,,,,,"MET11712/06/15 10:53:02 METAR KOAK 061853Z 09005KT 10SM BKN025 OVC029 12/11 A3031 RMK AO2 RAE40 SLP265 P0000 T01220111 (WS)","FM-15","7",,,,,,,,,,,,,,,,,,,,,,,,,,,
"72493023230","2015-12-06T11:17:00","FM-16","7",,,,,,,,,,,,,,,,,,,,,,,,,,,,,,,,,,,,,,,"30.30","53","55","T","-RA:02 |RA |",,,"93",,"SCT:04 29 OVC:08 37","30.20","8.00","54","110",,"5",,,,,,,,,,,,,,,,,,,,,,,,,,,,,,,,,,,,,"MET11312/06/15 11:17:02 SPECI KOAK 061917Z 11004KT 8SM -RA SCT029 OVC037 13/12 A3030 RMK AO2 RAB02 P0000 T01280117 (WS)","FM-16","7",,,,,,,,,,,,,,,,,,,,,,,,,,,
"72493023230","2015-12-06T11:53:00","FM-15","7",,,,,,,,,,,,,,,,,,,,,,,,,,,,,,,,,,,,,,,"30.30","54","56","T","-RA:02 |RA |",,,"93","30.29","SCT:04 44 BKN:07 55 OVC:08 60","30.20","7.00","55","070",,"3",,,,,,,,,,,,,,,,,,,,,,,,,,,,,,,,,,,,,"MET12712/06/15 11:53:02 METAR KOAK 061953Z 07003KT 7SM -RA SCT044 BKN055 OVC060 13/12 A3030 RMK AO2 RAB02 SLP259 P0000 T01330122 (WS)","FM-15","7",,,,,,,,,,,,,,,,,,,,,,,,,,,
"72493023230","2015-12-06T12:51:00","FM-16","6",,,,,,,,,,,,,,,,,,,,,,,,,,,,,,,,,,,,,,,"30.28","54","61",,,,,"77",,"FEW:02 8 BKN:07 33 OVC:08 50","30.18","10.00","57","000",,"0",,,,,,,,,,,,,,,,,,,,,,,,,,,,,,,,,,,,,"MET11212/06/15 12:51:02 SPECI KOAK 062051Z 00000KT 10SM FEW008 BKN033 OVC050 16/12 A3028 RMK AO2 RAE43 P0000 FIBI (WS)","FM-16","6",,,,,,,,,,,,,,,,,,,,,,,,,,,
"72493023230","2015-12-06T12:53:00","FM-15","7",,,,,,,,,,,,,,,,,,,,,,,,,,,,,,,,,,,,,,,"30.28","53","60","T",,"+0.05","8","78","30.27","FEW:02 8 BKN:07 33 OVC:08 50","30.18","10.00","56","000",,"0",,,,,,,,,,,,,,,,,,,,,,,,,,,,,,,,,,,,,"MET13612/06/15 12:53:02 METAR KOAK 062053Z 00000KT 10SM FEW008 BKN033 OVC050 16/12 A3028 RMK AO2 RAE43 SLP252 P0000 60000 T01560117 58017 (WS)","FM-15","7",,,,,,,,,,,,,,,,,,,,,,,,,,,
"72493023230","2015-12-06T13:28:00","FM-16","7",,,,,,,,,,,,,,,,,,,,,,,,,,,,,,,,,,,,,,,"30.28","54","61",,,,,"78",,"FEW:02 8 BKN:07 25 OVC:08 33","30.18","10.00","57","290",,"3",,,,,,,,,,,,,,,,,,,,,,,,,,,,,,,,,,,,,"MET10512/06/15 13:28:02 SPECI KOAK 062128Z 29003KT 10SM FEW008 BKN025 OVC033 16/12 A3028 RMK AO2 T01610122 (WS)","FM-16","7",,,,,,,,,,,,,,,,,,,,,,,,,,,
"72493023230","2015-12-06T13:53:00","FM-15","7",,,,,,,,,,,,,,,,,,,,,,,,,,,,,,,,,,,,,,,"30.27","53","57","0.00",,,,"87","30.27","FEW:02 8 BKN:07 25 OVC:08 33","30.17","10.00","55","300",,"5",,,,,,,,,,,,,,,,,,,,,,,,,,,,,,,,,,,,,"MET11212/06/15 13:53:02 METAR KOAK 062153Z 30004KT 10SM FEW008 BKN025 OVC033 14/12 A3027 RMK AO2 SLP250 T01390117 (WS)","FM-15","7",,,,,,,,,,,,,,,,,,,,,,,,,,,
"72493023230","2015-12-06T14:53:00","FM-15","7",,,,,,,,,,,,,,,,,,,,,,,,,,,,,,,,,,,,,,,"30.26","56","62","T",,,,"80","30.26","FEW:02 8 BKN:07 21 BKN:07 38","30.16","10.00","59","300",,"3",,,,,,,,,,,,,,,,,,,,,,,,,,,,,,,,,,,,,"MET12712/06/15 14:53:02 METAR KOAK 062253Z 30003KT 10SM FEW008 BKN021 BKN038 17/13 A3026 RMK AO2 RAB00E24 SLP248 P0000 T01670133 (WS)","FM-15","7",,,,,,,,,,,,,,,,,,,,,,,,,,,
"72493023230","2015-12-06T15:53:00","FM-15","7",,,,,,,,,,,,,,,,,,,,,,,,,,,,,,,,,,,,,,,"30.25","55","59","0.00",,"+0.02","8","87","30.25","FEW:02 14 BKN:07 22 BKN:07 34","30.15","10.00","57","260",,"3",,,,,,,,,,,,,,,,,,,,,,,,,,,,,,,,,,,,,"MET13712/06/15 15:53:02 METAR KOAK 062353Z 26003KT 10SM FEW014 BKN022 BKN034 15/13 A3025 RMK AO2 SLP245 60000 T01500128 10172 20111 58007 (NAB)","FM-15","7",,,,,,,,,,,,,,,,,,,,,,,,,,,
"72493023230","2015-12-06T16:53:00","FM-15","7",,,,,,,,,,,,,,,,,,,,,,,,,,,,,,,,,,,,,,,"30.26","55","59","0.00",,,,"87","30.26","FEW:02 14 BKN:07 20 BKN:07 27","30.16","10.00","57","250",,"9",,,,,,,,,,,,,,,,,,,,,,,,,,,,,,,,,,,,,"MET10712/06/15 16:53:01 METAR KOAK 070053Z 25008KT 10SM FEW014 BKN020 BKN027 15/13 A3026 RMK AO2 SLP247 T01500128","FM-15","7",,,,,,,,,,,,,,,,,,,,,,,,,,,
"72493023230","2015-12-06T17:53:00","FM-15","7",,,,,,,,,,,,,,,,,,,,,,,,,,,,,,,,,,,,,,,"30.27","55","58","0.00",,,,"90","30.27","FEW:02 14 BKN:07 24 OVC:08 29","30.17","10.00","56","320",,"3",,,,,,,,,,,,,,,,,,,,,,,,,,,,,,,,,,,,,"MET10712/06/15 17:53:01 METAR KOAK 070153Z 32003KT 10SM FEW014 BKN024 OVC029 14/13 A3027 RMK AO2 SLP250 T01440128","FM-15","7",,,,,,,,,,,,,,,,,,,,,,,,,,,
"72493023230","2015-12-06T18:53:00","FM-15","7",,,,,,,,,,,,,,,,,,,,,,,,,,,,,,,,,,,,,,,"30.28","55","59","0.00",,"-0.02","1","87","30.27","FEW:02 14 BKN:07 24 OVC:08 30","30.18","10.00","57","000",,"0",,,,,,,,,,,,,,,,,,,,,,,,,,,,,,,,,,,,,"MET11312/06/15 18:53:01 METAR KOAK 070253Z 00000KT 10SM FEW014 BKN024 OVC030 15/13 A3028 RMK AO2 SLP252 T01500128 51007","FM-15","7",,,,,,,,,,,,,,,,,,,,,,,,,,,
"72493023230","2015-12-06T19:53:00","FM-15","7",,,,,,,,,,,,,,,,,,,,,,,,,,,,,,,,,,,,,,,"30.29","56","60","T","-RA:02 |RA |",,,"86","30.28","FEW:02 14 OVC:08 20","30.19","9.00","58","000",,"0",,,,,,,,,,,,,,,,,,,,,,,,,,,,,,,,,,,,,"MET11512/06/15 19:53:01 METAR KOAK 070353Z 00000KT 9SM -RA FEW014 OVC020 16/13 A3029 RMK AO2 RAB43 SLP255 P0000 T01560133","FM-15","7",,,,,,,,,,,,,,,,,,,,,,,,,,,
"72493023230","2015-12-06T20:53:00","FM-15","7",,,,,,,,,,,,,,,,,,,,,,,,,,,,,,,,,,,,,,,"30.30","55","58","T",,,,"90","30.30","FEW:02 14 OVC:08 20","30.20","9.00","56","050",,"3",,,,,,,,,,,,,,,,,,,,,,,,,,,,,,,,,,,,,"MET11912/06/15 20:53:02 METAR KOAK 070453Z 05003KT 9SM FEW014 OVC020 14/13 A3030 RMK AO2 RAE0354B26E42 SLP260 P0000 T01440128","FM-15","7",,,,,,,,,,,,,,,,,,,,,,,,,,,
"72493023230","2015-12-06T21:53:00","FM-15","7",,,,,,,,,,,,,,,,,,,,,,,,,,,,,,,,,,,,,,,"30.30","55","58","0.00",,"-0.02","0","90","30.29","FEW:02 12 BKN:07 24","30.20","9.00","56","000",,"0",,,,,,,,,,,,,,,,,,,,,,,,,,,,,,,,,,,,,"MET12312/06/15 21:53:02 METAR KOAK 070553Z 00000KT 9SM FEW012 BKN024 14/13 A3030 RMK AO2 SLP259 60000 T01440128 10156 20139 50007","FM-15","7",,,,,,,,,,,,,,,,,,,,,,,,,,,
"72493023230","2015-12-06T22:53:00","FM-15","7",,,,,,,,,,,,,,,,,,,,,,,,,,,,,,,,,,,,,,,"30.31","54","56","0.00","MI:1 FG:2 |FG |FG",,,"93","30.30","FEW:02 10 OVC:08 22","30.21","7.00","55","000",,"0",,,,,,,,,,,,,,,,,,,,,,,,,,,,,,,,,,,,,"MET10412/06/15 22:53:02 METAR KOAK 070653Z 00000KT 7SM MIFG FEW010 OVC022 13/12 A3031 RMK AO2 SLP262 T01330122","FM-15","7",,,,,,,,,,,,,,,,,,,,,,,,,,,
"72493023230","2015-12-06T22:58:00","FM-16","7",,,,,,,,,,,,,,,,,,,,,,,,,,,,,,,,,,,,,,,"30.31","54","56",,"MI:1 FG:2 BR:1 |FG |FG",,,"93",,"FEW:02 10 OVC:08 22","30.21","2.00","55","000",,"0",,,,,,,,,,,,,,,,,,,,,,,,,,,,,,,,,,,,,"MET10012/06/15 22:58:02 SPECI KOAK 070658Z 00000KT 2SM MIFG BR FEW010 OVC022 13/12 A3031 RMK AO2 T01330122","FM-16","7",,,,,,,,,,,,,,,,,,,,,,,,,,,
"72493023230","2015-12-06T23:10:00","FM-16","7",,,,,,,,,,,,,,,,,,,,,,,,,,,,,,,,,,,,,,,"30.31","54","55",,"MI:1 FG:2 BR:1 |FG |FG",,,"96",,"FEW:02 10 OVC:08 22","30.21","3.00","54","000",,"0",,,,,,,,,,,,,,,,,,,,,,,,,,,,,,,,,,,,,"MET10012/06/15 23:10:02 SPECI KOAK 070710Z 00000KT 3SM MIFG BR FEW010 OVC022 13/12 A3031 RMK AO2 T01280122","FM-16","7",,,,,,,,,,,,,,,,,,,,,,,,,,,
"72493023230","2015-12-06T23:19:00","FM-16","7",,,,,,,,,,,,,,,,,,,,,,,,,,,,,,,,,,,,,,,"30.31","54","55",,"MI:1 FG:2 BR:1 |FG |FG",,,"96",,"SCT:04 4 OVC:08 22","30.21","3.00","54","000",,"0",,,,,,,,,,,,,,,,,,,,,,,,,,,,,,,,,,,,,"MET10012/06/15 23:19:02 SPECI KOAK 070719Z 00000KT 3SM MIFG BR SCT004 OVC022 13/12 A3031 RMK AO2 T01280122","FM-16","7",,,,,,,,,,,,,,,,,,,,,,,,,,,
"72493023230","2015-12-06T23:25:00","FM-16","7",,,,,,,,,,,,,,,,,,,,,,,,,,,,,,,,,,,,,,,"30.31","54","55",,"MI:1 FG:2 BR:1 |FG |FG",,,"96",,"BKN:07 2 OVC:08 23","30.21","1.00","54","000",,"0",,,,,,,,,,,,,,,,,,,,,,,,,,,,,,,,,,,,,"MET11112/06/15 23:25:02 SPECI KOAK 070725Z 00000KT 1SM MIFG BR BKN002 OVC023 13/12 A3031 RMK AO2 TWR VIS 10 T01280122","FM-16","7",,,,,,,,,,,,,,,,,,,,,,,,,,,
"72493023230","2015-12-06T23:41:00","FM-16","7",,,,,,,,,,,,,,,,,,,,,,,,,,,,,,,,,,,,,,,"30.31","53","55",,"FG:2 |FG |",,,"93",,"VV:09 3","30.21","0.50","54","000",,"0",,,,,,,,,,,,,,,,,,,,,,,,,,,,,,,,,,,,,"MET10012/06/15 23:41:02 SPECI KOAK 070741Z 00000KT 1/2SM FG VV003 13/12 A3031 RMK AO2 TWR VIS 10 T01280117","FM-16","7",,,,,,,,,,,,,,,,,,,,,,,,,,,
"72493023230","2015-12-06T23:53:00","FM-15","7",,,,,,,,,,,,,,,,,,,,,,,,,,,,,,,,,,,,,,,"30.31","53","55","0.00","FG:2 |FG |",,,"93","30.30","VV:09 3","30.21","0.50","54","000",,"0",,,,,,,,,,,,,,,,,,,,,,,,,,,,,,,,,,,,,"MET11712/06/15 23:53:02 METAR KOAK 070753Z 00000KT 1/2SM FG VV003 13/12 A3031 RMK AO2 TWR VIS 10 SLP262 T01280117 401720067","FM-15","7",,,,,,,,,,,,,,,,,,,,,,,,,,,
"72493023230","2015-12-06T23:59:00","SOD  ","6",,,,,,,,,,,,,,,,,,"54",,,"30.19",,"4.7","0","4.0","11","63","44","130","17","0.02","0","0.0","140","14","RA DZ FG MIFG BR",,,,,,,,,,,,,,,,,,,,,,,,,,,,,,,,,,,,,,,,,,,,,,,,,,,,,,,"SOD76124 HR PRECIPITATION (IN): 0.02 SNOW DEPTH (IN):0     24 HR SNOWFALL (IN):0.0  WEATHER(CODE):12  24 HR MAX TEMP (F): 6324 HR MIN TEMP (F): 44AVERAGE STATION PRESSURE(D):30.187 MINIMUM SEA LEVEL PRESSURE:30.22 TIME OF OCCURRENCE:0435 PEAK WIND SPEED (MPH): 17 PEAK WIND DIR (DEG):130 PEAK WIND TIME (LST):      FASTEST 2MIN SPEED (MPH): 14FASTEST 2MIN DIR (DEG):140 FASTEST 2MIN TIME (LST):     AVERAGE WIND SPEED (MPH): 4.7 24 HR AVG TEMP (F): 54DEPART FROM NORMAL:  4  HEATING DEGREE DAYS: 11 COOLING DEGREE DAYS:  0 LATEST DAY MAX TEMP (0700-1900 LST): 63 LATEST NIGHT MIN TEMP(1900-0800 LST):44 HOURLY INCREMENTAL PRECIPITATION VALUES (IN):0.00 0.00 0.00 0.00 0.00 0.00T    T    T    T    T    T    T     0.00T     0.00 0.00 0.00 0.00T    T     0.00 0.00 0.00","SOD  ","6",,,,,,,,,,,,,,,,,,,,,,,,,"0710","1650",
"72493023230","2015-12-07T00:40:00","FM-16","7",,,,,,,,,,,,,,,,,,,,,,,,,,,,,,,,,,,,,,,"30.28","53","55",,"MI:1 FG:2 BR:1 |FG |FG",,,"93",,"SCT:04 4 OVC:08 10","30.18","4.00","54","120",,"3",,,,,,,,,,,,,,,,,,,,,,,,,,,,,,,,,,,,,"MET10512/07/15 00:40:02 SPECI KOAK 070840Z 12003KT 4SM MIFG BR SCT004 OVC010 13/12 A3028 RMK AO2 T01280117 (DB)","FM-16","7",,,,,,,,,,,,,,,,,,,,,,,,,,,
"72493023230","2015-12-07T00:53:00","FM-15","7",,,,,,,,,,,,,,,,,,,,,,,,,,,,,,,,,,,,,,,"30.30","52","54","0.00","MI:1 FG:2 BR:1 |FG |FG","-0.01","0","93","30.30","BKN:07 10 BKN:07 16","30.20","4.00","53","250",,"3",,,,,,,,,,,,,,,,,,,,,,,,,,,,,,,,,,,,,"MET12512/07/15 00:53:02 METAR KOAK 070853Z 25003KT 4SM MIFG BR BKN010 BKN016 12/11 A3030 RMK AO2 PRESRR SLP261 T01220111 50002 (DB)","FM-15","7",,,,,,,,,,,,,,,,,,,,,,,,,,,
"72493023230","2015-12-07T01:16:00","FM-16","7",,,,,,,,,,,,,,,,,,,,,,,,,,,,,,,,,,,,,,,"30.31","51","53",,"FG:2 |FG |",,,"93",,"BKN:07 8 OVC:08 11","30.21","0.25","52","270",,"6",,,,,,,,,,,,,,,,,,,,,,,,,,,,,,,,,,,,,"MET11312/07/15 01:16:02 SPECI KOAK 070916Z 27005KT 1/4SM FG BKN008 OVC011 12/11 A3031 RMK AO2 TWR VIS 10 T01170106 (DB)","FM-16","7",,,,,,,,,,,,,,,,,,,,,,,,,,,
"72493023230","2015-12-07T01:32:00","FM-16","7",,,,,,,,,,,,,,,,,,,,,,,,,,,,,,,,,,,,,,,"30.29","52","53",,"FG:2 |FG |",,,"96",,"VV:09 3","30.19","0.25","52","200",,"5",,,,,,,,,,,,,,,,,,,,,,,,,,,,,,,,,,,,,"MET11212/07/15 01:32:02 SPECI KOAK 070932Z 20004KT 1/4SM FG VV003 12/11 A3029 RMK AO2 TWR VIS 10 PRESFR T01170111 (DB)","FM-16","7",,,,,,,,,,,,,,,,,,,,,,,,,,,
"72493023230","2015-12-07T01:53:00","FM-15","7",,,,,,,,,,,,,,,,,,,,,,,,,,,,,,,,,,,,,,,"30.29","53","54","0.00","FG:2 |FG |",,,"97","30.29","VV:09 3","30.19","0.25","53","000",,"0",,,,,,,,,,,,,,,,,,,,,,,,,,,,,,,,,,,,,"MET11212/07/15 01:53:02 METAR KOAK 070953Z 00000KT 1/4SM FG VV003 12/12 A3029 RMK AO2 TWR VIS 10 SLP256 T01220117 (DB)","FM-15","7",,,,,,,,,,,,,,,,,,,,,,,,,,,
"72493023230","2015-12-07T02:51:00","FM-16","6",,,,,,,,,,,,,,,,,,,,,,,,,,,,,,,,,,,,,,,"30.29","52","54",,"MI:1 FG:2 BR:1 ||FG",,,"94",,"OVC:08 3","30.19","0.75","53","000",,"0",,,,,,,,,,,,,,,,,,,,,,,,,,,,,,,,,,,,,"MET10512/07/15 02:51:02 SPECI KOAK 071051Z 00000KT 3/4SM MIFG BR OVC003 12/11 A3029 RMK AO2 SFC VIS 2 FIBI (DB)","FM-16","6",,,,,,,,,,,,,,,,,,,,,,,,,,,
"72493023230","2015-12-07T02:53:00","FM-15","7",,,,,,,,,,,,,,,,,,,,,,,,,,,,,,,,,,,,,,,"30.29","52","54","0.00","MI:1 FG:2 BR:1 |FG |FG",,,"93","30.29","BKN:07 3 OVC:08 8","30.19","0.75","53","000",,"0",,,,,,,,,,,,,,,,,,,,,,,,,,,,,,,,,,,,,"MET12412/07/15 02:53:02 METAR KOAK 071053Z 00000KT 3/4SM MIFG BR BKN003 OVC008 12/11 A3029 RMK AO2 SFC VIS 2 SLP256 T01220111 (DB)","FM-15","7",,,,,,,,,,,,,,,,,,,,,,,,,,,
"72493023230","2015-12-07T03:07:00","FM-16","7",,,,,,,,,,,,,,,,,,,,,,,,,,,,,,,,,,,,,,,"30.29","53","54",,"MI:1 FG:2 BR:1 |FG |FG",,,"97",,"SCT:04 2 OVC:08 7","30.19","0.75","53","000",,"0",,,,,,,,,,,,,,,,,,,,,,,,,,,,,,,,,,,,,"MET11712/07/15 03:07:02 SPECI KOAK 071107Z 00000KT 3/4SM MIFG BR SCT002 OVC007 12/12 A3029 RMK AO2 SFC VIS 2 T01220117 (DB)","FM-16","7",,,,,,,,,,,,,,,,,,,,,,,,,,,
"72493023230","2015-12-07T03:48:00","FM-16","7",,,,,,,,,,,,,,,,,,,,,,,,,,,,,,,,,,,,,,,"30.30","54","55",,"MI:1 FG:2 BR:1 |FG |FG",,,"94",,"SCT:04 6 OVC:08 13","30.20","5.00","54","310",,"3",,,,,,,,,,,,,,,,,,,,,,,,,,,,,,,,,,,,,"MET09512/07/15 03:48:02 SPECI KOAK 071148Z 31003KT 5SM MIFG BR SCT006 OVC013 13/12 A3030 RMK AO2 (DB)","FM-16","7",,,,,,,,,,,,,,,,,,,,,,,,,,,
"72493023230","2015-12-07T03:49:00","FM-15","7",,,,,,,,,,,,,,,,,,,,,,,,,,,,,,,,,,,,,,,"30.30","54","56","0.00","MI:1 FG:2 BR:1 |FG |FG","+0.01","5","93","30.29","SCT:04 6 OVC:08 13","30.20","5.00","55","310",,"5",,,,,,,,,,,,,,,,,,,,,,,,,,,,,,,,,,,,,"MET13012/07/15 03:49:02 METAR KOAK 071149Z 31004KT 5SM MIFG BR SCT006 OVC013 13/12 A3030 RMK AO2 SLP259 T01330122 10144 20117 55002 (DB)","FM-15","7",,,,,,,,,,,,,,,,,,,,,,,,,,,
"72493023230","2015-12-07T04:07:00","FM-16","7",,,,,,,,,,,,,,,,,,,,,,,,,,,,,,,,,,,,,,,"30.29","56","57",,"MI:1 FG:2 BR:1 |FG |FG",,,"96",,"OVC:08 15","30.19","5.00","56","000",,"0",,,,,,,,,,,,,,,,,,,,,,,,,,,,,,,,,,,,,"MET09812/07/15 04:07:02 SPECI KOAK 071207Z 00000KT 5SM MIFG BR OVC015 14/13 A3029 RMK AO2 T01390133 (DB)","FM-16","7",,,,,,,,,,,,,,,,,,,,,,,,,,,
"72493023230","2015-12-07T04:17:00","FM-16","7",,,,,,,,,,,,,,,,,,,,,,,,,,,,,,,,,,,,,,,"30.29","56","56",,"MI:1 FG:2 BR:1 |FG |FG",,,"100",,"OVC:08 13","30.19","5.00","56","000",,"0",,,,,,,,,,,,,,,,,,,,,,,,,,,,,,,,,,,,,"MET09812/07/15 04:17:02 SPECI KOAK 071217Z 00000KT 5SM MIFG BR OVC013 13/13 A3029 RMK AO2 T01330133 (DB)","FM-16","7",,,,,,,,,,,,,,,,,,,,,,,,,,,
"72493023230","2015-12-07T04:53:00","FM-15","7",,,,,,,,,,,,,,,,,,,,,,,,,,,,,,,,,,,,,,,"30.30","55","56","0.00","BR:1 ||",,,"97","30.30","OVC:08 10","30.20","5.00","55","000",,"0",,,,,,,,,,,,,,,,,,,,,,,,,,,,,,,,,,,,,"MET11212/07/15 04:53:02 METAR KOAK 071253Z 00000KT 5SM BR OVC010 13/13 A3030 RMK AO2 CIG 006V013 SLP260 T01330128 (DB)","FM-15","7",,,,,,,,,,,,,,,,,,,,,,,,,,,
"72493023230","2015-12-07T05:00:00","FM-16","7",,,,,,,,,,,,,,,,,,,,,,,,,,,,,,,,,,,,,,,"30.29","54","56",,"BR:1 ||",,,"93",,"BKN:07 8 OVC:08 12","30.19","5.00","55","080",,"3",,,,,,,,,,,,,,,,,,,,,,,,,,,,,,,,,,,,,"MET11212/07/15 05:00:02 SPECI KOAK 071300Z 08003KT 5SM BR BKN008 OVC012 13/12 A3029 RMK AO2 CIG 006V011 T01330122 (DB)","FM-16","7",,,,,,,,,,,,,,,,,,,,,,,,,,,
"72493023230","2015-12-07T05:53:00","FM-15","7",,,,,,,,,,,,,,,,,,,,,,,,,,,,,,,,,,,,,,,"30.27","54","55","0.00","BR:1 ||",,,"96","30.26","FEW:02 9 BKN:07 80","30.17","4.00","54","150",,"5",,,,,,,,,,,,,,,,,,,,,,,,,,,,,,,,,,,,,"MET10712/07/15 05:53:02 METAR KOAK 071353Z 15004KT 4SM BR FEW009 BKN080 13/12 A3027 RMK AO2 SLP248 T01280122 (DB)","FM-15","7",,,,,,,,,,,,,,,,,,,,,,,,,,,
"72493023230","2015-12-07T06:31:00","FM-16","7",,,,,,,,,,,,,,,,,,,,,,,,,,,,,,,,,,,,,,,"30.29","52","54",,"BR:1 s |s |",,,"93",,"FEW:02 2 OVC:08 11","30.19","0.50s","53","220",,"7",,,,,,,,,,,,,,,,,,,,,,,,,,,,,,,,,,,,,"MET11612/07/15 06:31:02 SPECI KOAK 071431Z 22006KT 1/2SM BR FEW002 OVC011 12/11 A3029 RMK AO2 SFC VIS 2 1/2 T01220111 (DB)","FM-16","7",,,,,,,,,,,,,,,,,,,,,,,,,,,
"72493023230","2015-12-07T06:51:00","FM-16","6",,,,,,,,,,,,,,,,,,,,,,,,,,,,,,,,,,,,,,,"30.30","54","54",,"BR:1 s |s |",,,"100",,"OVC:08 2","30.20","0.50s","54","230",,"5",,,,,,,,,,,,,,,,,,,,,,,,,,,,,,,,,,,,,"MET10412/07/15 06:51:02 SPECI KOAK 071451Z 23004KT 1/2SM BR OVC002 12/12 A3030 RMK AO2 SFC VIS 1 1/4 FIBI (DB)","FM-16","6",,,,,,,,,,,,,,,,,,,,,,,,,,,
"72493023230","2015-12-07T06:53:00","FM-15","7",,,,,,,,,,,,,,,,,,,,,,,,,,,,,,,,,,,,,,,"30.30","52","54","0.00","BR:1 s |s |","-0.01","3","93","30.30","OVC:08 2","30.20","0.50s","53","230",,"3",,,,,,,,,,,,,,,,,,,,,,,,,,,,,,,,,,,,,"MET12212/07/15 06:53:02 METAR KOAK 071453Z 23003KT 1/2SM BR OVC002 12/11 A3030 RMK AO2 SFC VIS 1 1/4 SLP261 T01220111 53002 (DB)","FM-15","7",,,,,,,,,,,,,,,,,,,,,,,,,,,
"72493023230","2015-12-07T07:34:00","FM-16","7",,,,,,,,,,,,,,,,,,,,,,,,,,,,,,,,,,,,,,,"30.31","54","55",,"FG:2 |FG |",,,"96",,"SCT:04 6 OVC:08 9","30.21","0.50","54","000",,"0",,,,,,,,,,,,,,,,,,,,,,,,,,,,,,,,,,,,,"MET10212/07/15 07:34:02 SPECI KOAK 071534Z 00000KT 1/2SM FG SCT006 OVC009 13/12 A3031 RMK AO2 T01280122 (LM)","FM-16","7",,,,,,,,,,,,,,,,,,,,,,,,,,,
"72493023230","2015-12-07T07:53:00","FM-15","7",,,,,,,,,,,,,,,,,,,,,,,,,,,,,,,,,,,,,,,"30.32","55","56","0.00","FG:2 |FG |",,,"97","30.31","SCT:04 6 OVC:08 9","30.22","0.50","55","000",,"0",,,,,,,,,,,,,,,,,,,,,,,,,,,,,,,,,,,,,"MET10912/07/15 07:53:02 METAR KOAK 071553Z 00000KT 1/2SM FG SCT006 OVC009 13/13 A3032 RMK AO2 SLP265 T01330128 (LM)","FM-15","7",,,,,,,,,,,,,,,,,,,,,,,,,,,
"72493023230","2015-12-07T08:53:00","FM-15","7",,,,,,,,,,,,,,,,,,,,,,,,,,,,,,,,,,,,,,,"30.31","54","56","0.00","BR:1 ||",,,"93","30.31","OVC:08 9","30.21","2.00","55","130",,"6",,,,,,,,,,,,,,,,,,,,,,,,,,,,,,,,,,,,,"MET10012/07/15 08:53:02 METAR KOAK 071653Z 13005KT 2SM BR OVC009 13/12 A3031 RMK AO2 SLP264 T01330122 (LM)","FM-15","7",,,,,,,,,,,,,,,,,,,,,,,,,,,
"72493023230","2015-12-07T09:53:00","FM-15","7",,,,,,,,,,,,,,,,,,,,,,,,,,,,,,,,,,,,,,,"30.32","54","56","0.00","BR:1 ||","-0.01","1","93","30.32","OVC:08 8","30.22","2.00","55","170",,"5",,,,,,,,,,,,,,,,,,,,,,,,,,,,,,,,,,,,,"MET11812/07/15 09:53:02 METAR KOAK 071753Z 17004KT 2SM BR OVC008 13/12 A3032 RMK AO2 SLP266 T01330122 10139 20122 51005 (LM)","FM-15","7",,,,,,,,,,,,,,,,,,,,,,,,,,,
"72493023230","2015-12-07T10:17:00","FM-16","7",,,,,,,,,,,,,,,,,,,,,,,,,,,,,,,,,,,,,,,"30.33","54","56",,"BR:1 ||",,,"93",,"OVC:08 10","30.23","2.50","55","000",,"0",,,,,,,,,,,,,,,,,,,,,,,,,,,,,,,,,,,,,"MET09712/07/15 10:17:02 SPECI KOAK 071817Z 00000KT 2 1/2SM BR OVC010 13/12 A3033 RMK AO2 T01330122 (LM)","FM-16","7",,,,,,,,,,,,,,,,,,,,,,,,,,,
"72493023230","2015-12-07T10:24:00","FM-16","7",,,,,,,,,,,,,,,,,,,,,,,,,,,,,,,,,,,,,,,"30.32","54","56",,"BR:1 ||",,,"93",,"OVC:08 10","30.22","3.00","55","000",,"0",,,,,,,,,,,,,,,,,,,,,,,,,,,,,,,,,,,,,"MET09312/07/15 10:24:02 SPECI KOAK 071824Z 00000KT 3SM BR OVC010 13/12 A3032 RMK AO2 T01330122 (LM)","FM-16","7",,,,,,,,,,,,,,,,,,,,,,,,,,,
"72493023230","2015-12-07T10:53:00","FM-15","7",,,,,,,,,,,,,,,,,,,,,,,,,,,,,,,,,,,,,,,"30.32","54","57","0.00","BR:1 ||",,,"90","30.32","OVC:08 10","30.22","2.50","55","000",,"0",,,,,,,,,,,,,,,,,,,,,,,,,,,,,,,,,,,,,"MET10412/07/15 10:53:02 METAR KOAK 071853Z 00000KT 2 1/2SM BR OVC010 14/12 A3032 RMK AO2 SLP266 T01390122 (LM)","FM-15","7",,,,,,,,,,,,,,,,,,,,,,,,,,,
"72493023230","2015-12-07T11:53:00","FM-15","7",,,,,,,,,,,,,,,,,,,,,,,,,,,,,,,,,,,,,,,"30.30","55","57","0.00","BR:1 ||",,,"93","30.29","OVC:08 10","30.20","2.50","56","270",,"5",,,,,,,,,,,,,,,,,,,,,,,,,,,,,,,,,,,,,"MET11612/07/15 11:53:02 METAR KOAK 071953Z 27004KT 2 1/2SM BR OVC010 14/13 A3030 RMK AO2 CIG 008V011 SLP259 T01390128 (LM)","FM-15","7",,,,,,,,,,,,,,,,,,,,,,,,,,,
"72493023230","2015-12-07T12:28:00","FM-16","7",,,,,,,,,,,,,,,,,,,,,,,,,,,,,,,,,,,,,,,"30.29","55","58",,"BR:1 ||",,,"90",,"OVC:08 10","30.19","6.00","56","250",,"5",,,,,,,,,,,,,,,,,,,,,,,,,,,,,,,,,,,,,"MET09312/07/15 12:28:02 SPECI KOAK 072028Z 25004KT 6SM BR OVC010 14/13 A3029 RMK AO2 T01440128 (LM)","FM-16","7",,,,,,,,,,,,,,,,,,,,,,,,,,,
"72493023230","2015-12-07T12:51:00","FM-16","6",,,,,,,,,,,,,,,,,,,,,,,,,,,,,,,,,,,,,,,"30.28","54","57",,,,,"88",,"SCT:04 8 OVC:08 11","30.18","10.00","55","230",,"5",,,,,,,,,,,,,,,,,,,,,,,,,,,,,,,,,,,,,"MET09312/07/15 12:51:02 SPECI KOAK 072051Z 23004KT 10SM SCT008 OVC011 14/12 A3028 RMK AO2 FIBI (LM)","FM-16","6",,,,,,,,,,,,,,,,,,,,,,,,,,,
"72493023230","2015-12-07T12:53:00","FM-15","7",,,,,,,,,,,,,,,,,,,,,,,,,,,,,,,,,,,,,,,"30.28","55","58","0.00",,"+0.04","8","90","30.27","SCT:04 8 OVC:08 11","30.18","10.00","56","250",,"5",,,,,,,,,,,,,,,,,,,,,,,,,,,,,,,,,,,,,"MET11112/07/15 12:53:02 METAR KOAK 072053Z 25004KT 10SM SCT008 OVC011 14/13 A3028 RMK AO2 SLP252 T01440128 58014 (LM)","FM-15","7",,,,,,,,,,,,,,,,,,,,,,,,,,,
"72493023230","2015-12-07T13:30:00","FM-16","7",,,,,,,,,,,,,,,,,,,,,,,,,,,,,,,,,,,,,,,"30.27","54","59",,,,,"83",,"FEW:02 9 FEW:02 11 OVC:08 140","30.17","10.00","56","240",,"3",,,,,,,,,,,,,,,,,,,,,,,,,,,,,,,,,,,,,"MET10512/07/15 13:30:02 SPECI KOAK 072130Z 24003KT 10SM FEW009 FEW011 OVC140 15/12 A3027 RMK AO2 T01500122 (LM)","FM-16","7",,,,,,,,,,,,,,,,,,,,,,,,,,,
"72493023230","2015-12-07T13:53:00","FM-15","7",,,,,,,,,,,,,,,,,,,,,,,,,,,,,,,,,,,,,,,"30.27","53","58","0.00",,,,"84","30.26","FEW:02 11 OVC:08 140","30.17","10.00","55","230",,"5",,,,,,,,,,,,,,,,,,,,,,,,,,,,,,,,,,,,,"MET10512/07/15 13:53:02 METAR KOAK 072153Z 23004KT 10SM FEW011 OVC140 14/12 A3027 RMK AO2 SLP248 T01440117 (LM)","FM-15","7",,,,,,,,,,,,,,,,,,,,,,,,,,,
"72493023230","2015-12-07T14:53:00","FM-15","7",,,,,,,,,,,,,,,,,,,,,,,,,,,,,,,,,,,,,,,"30.25","55","58","0.00",,,,"90","30.24","FEW:02 11 BKN:07 140 OVC:08 180","30.15","10.00","56","250",,"5",,,,,,,,,,,,,,,,,,,,,,,,,,,,,,,,,,,,,"MET11212/07/15 14:53:02 METAR KOAK 072253Z 25004KT 10SM FEW011 BKN140 OVC180 14/13 A3025 RMK AO2 SLP242 T01440128 (LM)","FM-15","7",,,,,,,,,,,,,,,,,,,,,,,,,,,
"72493023230","2015-12-07T15:53:00","FM-15","7",,,,,,,,,,,,,,,,,,,,,,,,,,,,,,,,,,,,,,,"30.25","54","58","0.00",,"+0.03","5","87","30.24","FEW:02 11 SCT:04 140 BKN:07 180","30.15","10.00","56","280",,"6",,,,,,,,,,,,,,,,,,,,,,,,,,,,,,,,,,,,,"MET13112/07/15 15:53:02 METAR KOAK 072353Z 28005KT 10SM FEW011 SCT140 BKN180 14/12 A3025 RMK AO2 SLP242 T01440122 10150 20133 55010 (NAB)","FM-15","7",,,,,,,,,,,,,,,,,,,,,,,,,,,
"72493023230","2015-12-07T16:53:00","FM-15","7",,,,,,,,,,,,,,,,,,,,,,,,,,,,,,,,,,,,,,,"30.25","52","55","0.00",,,,"90","30.25","SCT:04 140 BKN:07 180","30.15","10.00","53","280",,"7",,,,,,,,,,,,,,,,,,,,,,,,,,,,,,,,,,,,,"MET10012/07/15 16:53:01 METAR KOAK 080053Z 28006KT 10SM SCT140 BKN180 13/11 A3025 RMK AO2 SLP245 T01280111","FM-15","7",,,,,,,,,,,,,,,,,,,,,,,,,,,
"72493023230","2015-12-07T17:53:00","FM-15","7",,,,,,,,,,,,,,,,,,,,,,,,,,,,,,,,,,,,,,,"30.26","52","54","0.00",,,,"93","30.25","FEW:02 24 BKN:07 180","30.16","9.00","53","000",,"0",,,,,,,,,,,,,,,,,,,,,,,,,,,,,,,,,,,,,"MET09912/07/15 17:53:01 METAR KOAK 080153Z 00000KT 9SM FEW024 BKN180 12/11 A3026 RMK AO2 SLP245 T01220111","FM-15","7",,,,,,,,,,,,,,,,,,,,,,,,,,,
"72493023230","2015-12-07T18:53:00","FM-15","7",,,,,,,,,,,,,,,,,,,,,,,,,,,,,,,,,,,,,,,"30.28","50","52","0.00","MI:1 FG:2 |FG |FG","-0.03","3","93","30.27","SCT:04 28 BKN:07 180","30.18","9.00","51","060",,"3",,,,,,,,,,,,,,,,,,,,,,,,,,,,,,,,,,,,,"MET11012/07/15 18:53:01 METAR KOAK 080253Z 06003KT 9SM MIFG SCT028 BKN180 11/10 A3028 RMK AO2 SLP252 T01110100 53010","FM-15","7",,,,,,,,,,,,,,,,,,,,,,,,,,,
"72493023230","2015-12-07T19:05:00","FM-16","7",,,,,,,,,,,,,,,,,,,,,,,,,,,,,,,,,,,,,,,"30.28","50","52",,"MI:1 FG:2 |FG |FG",,,"93",,"BKN:07 28 BKN:07 180","30.18","9.00","51","010",,"5",,,,,,,,,,,,,,,,,,,,,,,,,,,,,,,,,,,,,"MET09712/07/15 19:05:01 SPECI KOAK 080305Z 01004KT 9SM MIFG BKN028 BKN180 11/10 A3028 RMK AO2 T01110100","FM-16","7",,,,,,,,,,,,,,,,,,,,,,,,,,,
"72493023230","2015-12-07T19:53:00","FM-15","7",,,,,,,,,,,,,,,,,,,,,,,,,,,,,,,,,,,,,,,"30.27","52","55","0.00",,,,"90","30.27","BKN:07 30 BKN:07 180","30.17","9.00","53","120",,"3",,,,,,,,,,,,,,,,,,,,,,,,,,,,,,,,,,,,,"MET09912/07/15 19:53:02 METAR KOAK 080353Z 12003KT 9SM BKN030 BKN180 13/11 A3027 RMK AO2 SLP250 T01280111","FM-15","7",,,,,,,,,,,,,,,,,,,,,,,,,,,
"72493023230","2015-12-07T20:53:00","FM-15","7",,,,,,,,,,,,,,,,,,,,,,,,,,,,,,,,,,,,,,,"30.27","50","53","0.00","MI:1 FG:2 |FG |FG",,,"89","30.27","FEW:02 14 SCT:04 31 SCT:04 180","30.17","10.00","51","000",,"0",,,,,,,,,,,,,,,,,,,,,,,,,,,,,,,,,,,,,"MET11212/07/15 20:53:02 METAR KOAK 080453Z 00000KT 10SM MIFG FEW014 SCT031 SCT180 12/10 A3027 RMK AO2 SLP251 T01170100","FM-15","7",,,,,,,,,,,,,,,,,,,,,,,,,,,
"72493023230","2015-12-07T21:53:00","FM-15","7",,,,,,,,,,,,,,,,,,,,,,,,,,,,,,,,,,,,,,,"30.27","50","53","0.00","MI:1 FG:2 |FG |FG","+0.00","6","89","30.27","FEW:02 31 SCT:04 180","30.17","10.00","51","000",,"0",,,,,,,,,,,,,,,,,,,,,,,,,,,,,,,,,,,,,"MET12312/07/15 21:53:02 METAR KOAK 080553Z 00000KT 10SM MIFG FEW031 SCT180 12/10 A3027 RMK AO2 SLP251 T01170100 10144 20106 56001","FM-15","7",,,,,,,,,,,,,,,,,,,,,,,,,,,
"72493023230","2015-12-07T22:53:00","FM-15","7",,,,,,,,,,,,,,,,,,,,,,,,,,,,,,,,,,,,,,,"30.27","48","50","0.00","MI:1 FG:2 |FG |FG",,,"93","30.27","FEW:02 31 FEW:02 180","30.17","10.00","49","110",,"3",,,,,,,,,,,,,,,,,,,,,,,,,,,,,,,,,,,,,"MET10512/07/15 22:53:02 METAR KOAK 080653Z 11003KT 10SM MIFG FEW031 FEW180 10/09 A3027 RMK AO2 SLP251 T01000089","FM-15","7",,,,,,,,,,,,,,,,,,,,,,,,,,,
"72493023230","2015-12-07T23:51:00","FM-16","6",,,,,,,,,,,,,,,,,,,,,,,,,,,,,,,,,,,,,,,"30.27","50","52",,"MI:1 FG:2 ||FG",,,"94",,"BKN:07 28","30.17","7.00","51","000",,"0",,,,,,,,,,,,,,,,,,,,,,,,,,,,,,,,,,,,,"MET09012/07/15 23:51:03 SPECI KOAK 080751Z 00000KT 7SM MIFG BKN028 11/10 A3027 RMK AO2 FIBI (DB)","FM-16","6",,,,,,,,,,,,,,,,,,,,,,,,,,,
"72493023230","2015-12-07T23:53:00","FM-15","7",,,,,,,,,,,,,,,,,,,,,,,,,,,,,,,,,,,,,,,"30.27","50","52","0.00","MI:1 FG:2 |FG |FG",,,"93","30.27","BKN:07 28","30.17","7.00","51","000",,"0",,,,,,,,,,,,,,,,,,,,,,,,,,,,,,,,,,,,,"MET10712/07/15 23:53:02 METAR KOAK 080753Z 00000KT 7SM MIFG BKN028 11/10 A3027 RMK AO2 SLP249 T01110100 401500094","FM-15","7",,,,,,,,,,,,,,,,,,,,,,,,,,,
"72493023230","2015-12-07T23:59:00","SOD  ","6",,,,,,,,,,,,,,,,,,"54",,,"30.19",,"2.9","0","4.2","11","59","49","120","11","0.00","0","0.0","120","10","FG MIFG BR",,,,,,,,,,,,,,,,,,,,,,,,,,,,,,,,,,,,,,,,,,,,,,,,,,,,,,,"SOD76124 HR PRECIPITATION (IN): 0.00 SNOW DEPTH (IN):0     24 HR SNOWFALL (IN):0.0  WEATHER(CODE):12  24 HR MAX TEMP (F): 5924 HR MIN TEMP (F): 49AVERAGE STATION PRESSURE(D):30.192 MINIMUM SEA LEVEL PRESSURE:30.24 TIME OF OCCURRENCE:1616 PEAK WIND SPEED (MPH): 11 PEAK WIND DIR (DEG):120 PEAK WIND TIME (LST):      FASTEST 2MIN SPEED (MPH): 10FASTEST 2MIN DIR (DEG):120 FASTEST 2MIN TIME (LST):     AVERAGE WIND SPEED (MPH): 2.9 24 HR AVG TEMP (F): 54DEPART FROM NORMAL:  4  HEATING DEGREE DAYS: 11 COOLING DEGREE DAYS:  0 LATEST DAY MAX TEMP (0700-1900 LST): 59 LATEST NIGHT MIN TEMP(1900-0800 LST):53 HOURLY INCREMENTAL PRECIPITATION VALUES (IN):0.00 0.00 0.00 0.00 0.00 0.00 0.00 0.00 0.00 0.00 0.00 0.00 0.00 0.00 0.00 0.00 0.00 0.00 0.00 0.00 0.00 0.00 0.00 0.00","SOD  ","6",,,,,,,,,,,,,,,,,,,,,,,,,"0711","1650",
"72493023230","2015-12-08T00:09:00","FM-16","7",,,,,,,,,,,,,,,,,,,,,,,,,,,,,,,,,,,,,,,"30.26","48","50",,"MI:1 FG:2 |FG |FG",,,"93",,"SCT:04 27","30.16","7.00","49","110",,"5",,,,,,,,,,,,,,,,,,,,,,,,,,,,,,,,,,,,,"MET09512/08/15 00:09:02 SPECI KOAK 080809Z 11004KT 7SM MIFG SCT027 10/09 A3026 RMK AO2 T01000089 (DB)","FM-16","7",,,,,,,,,,,,,,,,,,,,,,,,,,,
"72493023230","2015-12-08T00:53:00","FM-15","7",,,,,,,,,,,,,,,,,,,,,,,,,,,,,,,,,,,,,,,"30.24","49","51","0.00","MI:1 FG:2 BR:1 |FG |FG","+0.03","8","92","30.24","FEW:02 25 BKN:07 200","30.14","4.00","50","000",,"0",,,,,,,,,,,,,,,,,,,,,,,,,,,,,,,,,,,,,"MET11812/08/15 00:53:02 METAR KOAK 080853Z 00000KT 4SM MIFG BR FEW025 BKN200 11/09 A3024 RMK AO2 SLP241 T01060094 58010 (DB)","FM-15","7",,,,,,,,,,,,,,,,,,,,,,,,,,,
"72493023230","2015-12-08T01:39:00","FM-16","7",,,,,,,,,,,,,,,,,,,,,,,,,,,,,,,,,,,,,,,"30.25","48","50",,"MI:1 FG:2 BR:1 |FG |FG",,,"93",,"SCT:04 13","30.15","1.00","49","000",,"0",,,,,,,,,,,,,,,,,,,,,,,,,,,,,,,,,,,,,"MET10812/08/15 01:39:02 SPECI KOAK 080939Z 00000KT 1SM MIFG BR SCT013 10/09 A3025 RMK AO2 TWR VIS 4 T01000089 (DB)","FM-16","7",,,,,,,,,,,,,,,,,,,,,,,,,,,
"72493023230","2015-12-08T01:51:00","FM-16","6",,,,,,,,,,,,,,,,,,,,,,,,,,,,,,,,,,,,,,,"30.24","46","48",,"MI:1 FG:2 BR:1 ||FG",,,"94",,"BKN:07 16","30.14","1.50","47","000",,"0",,,,,,,,,,,,,,,,,,,,,,,,,,,,,,,,,,,,,"MET10712/08/15 01:51:02 SPECI KOAK 080951Z 00000KT 1 1/2SM MIFG BR BKN016 09/08 A3024 RMK AO2 TWR VIS 4 FIBI (DB)","FM-16","6",,,,,,,,,,,,,,,,,,,,,,,,,,,
"72493023230","2015-12-08T01:53:00","FM-15","7",,,,,,,,,,,,,,,,,,,,,,,,,,,,,,,,,,,,,,,"30.24","46","48","0.00","MI:1 FG:2 BR:1 |FG |FG",,,"93","30.24","BKN:07 16","30.14","1.50","47","000",,"0",,,,,,,,,,,,,,,,,,,,,,,,,,,,,,,,,,,,,"MET11912/08/15 01:53:02 METAR KOAK 080953Z 00000KT 1 1/2SM MIFG BR BKN016 09/08 A3024 RMK AO2 TWR VIS 4 SLP240 T00890078 (DB)","FM-15","7",,,,,,,,,,,,,,,,,,,,,,,,,,,
"72493023230","2015-12-08T02:18:00","FM-16","7",,,,,,,,,,,,,,,,,,,,,,,,,,,,,,,,,,,,,,,"30.25","46","48",,"MI:1 FG:2 BR:1 |FG |FG",,,"93",,"BKN:07 14","30.15","1.00","47","000",,"0",,,,,,,,,,,,,,,,,,,,,,,,,,,,,,,,,,,,,"MET10812/08/15 02:18:02 SPECI KOAK 081018Z 00000KT 1SM MIFG BR BKN014 09/08 A3025 RMK AO2 TWR VIS 4 T00890078 (DB)","FM-16","7",,,,,,,,,,,,,,,,,,,,,,,,,,,
"72493023230","2015-12-08T02:51:00","FM-16","6",,,,,,,,,,,,,,,,,,,,,,,,,,,,,,,,,,,,,,,"30.25","45","46",,"MI:1 FG:2 BR:1 ||FG",,,"93",,"OVC:08 11","30.15","4.00","46","050",,"5",,,,,,,,,,,,,,,,,,,,,,,,,,,,,,,,,,,,,"MET09312/08/15 02:51:02 SPECI KOAK 081051Z 05004KT 4SM MIFG BR OVC011 08/07 A3025 RMK AO2 FIBI (DB)","FM-16","6",,,,,,,,,,,,,,,,,,,,,,,,,,,
"72493023230","2015-12-08T02:53:00","FM-15","7",,,,,,,,,,,,,,,,,,,,,,,,,,,,,,,,,,,,,,,"30.25","45","47","0.00","MI:1 FG:2 BR:1 |FG |FG",,,"93","30.24","OVC:08 11","30.15","4.00","46","050",,"3",,,,,,,,,,,,,,,,,,,,,,,,,,,,,,,,,,,,,"MET10512/08/15 02:53:02 METAR KOAK 081053Z 05003KT 4SM MIFG BR OVC011 08/07 A3025 RMK AO2 SLP242 T00830072 (DB)","FM-15","7",,,,,,,,,,,,,,,,,,,,,,,,,,,
"72493023230","2015-12-08T03:19:00","FM-16","7",,,,,,,,,,,,,,,,,,,,,,,,,,,,,,,,,,,,,,,"30.24","46","48",,"MI:1 FG:2 BR:1 |FG |FG",,,"93",,"FEW:02 11","30.14","6.00","47","060",,"5",,,,,,,,,,,,,,,,,,,,,,,,,,,,,,,,,,,,,"MET09812/08/15 03:19:02 SPECI KOAK 081119Z 06004KT 6SM MIFG BR FEW011 09/08 A3024 RMK AO2 T00890078 (DB)","FM-16","7",,,,,,,,,,,,,,,,,,,,,,,,,,,
"72493023230","2015-12-08T03:53:00","FM-15","7",,,,,,,,,,,,,,,,,,,,,,,,,,,,,,,,,,,,,,,"30.24","48","50","0.00","MI:1 FG:2 |FG |FG","+0.01","8","93","30.23","FEW:02 11 SCT:04 200","30.14","7.00","49","000",,"0",,,,,,,,,,,,,,,,,,,,,,,,,,,,,,,,,,,,,"MET12712/08/15 03:53:02 METAR KOAK 081153Z 00000KT 7SM MIFG FEW011 SCT200 10/09 A3024 RMK AO2 SLP238 T01000089 10117 20078 58002 (DB)","FM-15","7",,,,,,,,,,,,,,,,,,,,,,,,,,,
"72493023230","2015-12-08T04:15:00","FM-16","7",,,,,,,,,,,,,,,,,,,,,,,,,,,,,,,,,,,,,,,"30.24","50","50",,"MI:1 FG:2 |FG |FG",,,"100",,"BKN:07 22","30.14","7.00","50","000",,"0",,,,,,,,,,,,,,,,,,,,,,,,,,,,,,,,,,,,,"MET09512/08/15 04:15:02 SPECI KOAK 081215Z 00000KT 7SM MIFG BKN022 10/10 A3024 RMK AO2 T01000100 (DB)","FM-16","7",,,,,,,,,,,,,,,,,,,,,,,,,,,
"72493023230","2015-12-08T04:53:00","FM-15","7",,,,,,,,,,,,,,,,,,,,,,,,,,,,,,,,,,,,,,,"30.24","49","50","0.00","MI:1 FG:2 |FG |FG",,,"96","30.24","OVC:08 18","30.14","7.00","49","000",,"0",,,,,,,,,,,,,,,,,,,,,,,,,,,,,,,,,,,,,"MET10212/08/15 04:53:02 METAR KOAK 081253Z 00000KT 7SM MIFG OVC018 10/09 A3024 RMK AO2 SLP240 T01000094 (DB)","FM-15","7",,,,,,,,,,,,,,,,,,,,,,,,,,,
"72493023230","2015-12-08T05:53:00","FM-15","7",,,,,,,,,,,,,,,,,,,,,,,,,,,,,,,,,,,,,,,"30.23","50","52","0.00","BR:1 ||",,,"93","30.23","OVC:08 17","30.13","5.00","51","000",,"0",,,,,,,,,,,,,,,,,,,,,,,,,,,,,,,,,,,,,"MET10012/08/15 05:53:02 METAR KOAK 081353Z 00000KT 5SM BR OVC017 11/10 A3023 RMK AO2 SLP236 T01110100 (DB)","FM-15","7",,,,,,,,,,,,,,,,,,,,,,,,,,,
"72493023230","2015-12-08T06:53:00","FM-15","7",,,,,,,,,,,,,,,,,,,,,,,,,,,,,,,,,,,,,,,"30.23","51","53","0.00","BR:1 ||","+0.01","8","93","30.23","OVC:08 17","30.13","5.00","52","170",,"6",,,,,,,,,,,,,,,,,,,,,,,,,,,,,,,,,,,,,"MET10612/08/15 06:53:02 METAR KOAK 081453Z 17005KT 5SM BR OVC017 12/11 A3023 RMK AO2 SLP236 T01170106 58002 (DB)","FM-15","7",,,,,,,,,,,,,,,,,,,,,,,,,,,
"72493023230","2015-12-08T07:53:00","FM-15","7",,,,,,,,,,,,,,,,,,,,,,,,,,,,,,,,,,,,,,,"30.24","52","54","0.00","BR:1 ||",,,"93","30.24","OVC:08 16","30.14","3.00","53","060",,"5",,,,,,,,,,,,,,,,,,,,,,,,,,,,,,,,,,,,,"MET10012/08/15 07:53:02 METAR KOAK 081553Z 06004KT 3SM BR OVC016 12/11 A3024 RMK AO2 SLP241 T01220111 (LM)","FM-15","7",,,,,,,,,,,,,,,,,,,,,,,,,,,
"72493023230","2015-12-08T08:53:00","FM-15","7",,,,,,,,,,,,,,,,,,,,,,,,,,,,,,,,,,,,,,,"30.25","52","55","0.00","BR:1 ||",,,"90","30.25","BKN:07 15 OVC:08 110","30.15","5.00","53","000",,"0",,,,,,,,,,,,,,,,,,,,,,,,,,,,,,,,,,,,,"MET10712/08/15 08:53:02 METAR KOAK 081653Z 00000KT 5SM BR BKN015 OVC110 13/11 A3025 RMK AO2 SLP243 T01280111 (LM)","FM-15","7",,,,,,,,,,,,,,,,,,,,,,,,,,,
"72493023230","2015-12-08T09:53:00","FM-15","7",,,,,,,,,,,,,,,,,,,,,,,,,,,,,,,,,,,,,,,"30.27","53","58","0.00","HZ:7 |FU |HZ","-0.04","3","84","30.26","FEW:02 10 OVC:08 19","30.17","6.00","55","150",,"5",,,,,,,,,,,,,,,,,,,,,,,,,,,,,,,,,,,,,"MET12512/08/15 09:53:02 METAR KOAK 081753Z 15004KT 6SM HZ FEW010 OVC019 14/12 A3027 RMK AO2 SLP248 T01440117 10144 20100 53012 (LM)","FM-15","7",,,,,,,,,,,,,,,,,,,,,,,,,,,
"72493023230","2015-12-08T10:53:00","FM-15","7",,,,,,,,,,,,,,,,,,,,,,,,,,,,,,,,,,,,,,,"30.26","52","58","0.00","HZ:7 |FU |HZ",,,"81","30.26","FEW:02 10 OVC:08 19","30.16","6.00","55","000",,"0",,,,,,,,,,,,,,,,,,,,,,,,,,,,,,,,,,,,,"MET10912/08/15 10:53:02 METAR KOAK 081853Z 00000KT 6SM HZ FEW010 OVC019 14/11 A3026 RMK AO2 SLP246 T01440111 $ (LM)","FM-15","7",,,,,,,,,,,,,,,,,,,,,,,,,,,
"72493023230","2015-12-08T11:09:00","FM-16","6",,,,,,,,,,,,,,,,,,,,,,,,,,,,,,,,,,,,,,,"30.26","52","58",,"HZ:7 s ||HZ s",,,"81",,"FEW:02 10 OVC:08 19","30.16","0.25Vs","55","130",,"3",,,,,,,,,,,,,,,,,,,,,,,,,,,,,,,,,,,,,"MET11512/08/15 11:09:02 SPECI KOAK 081909Z 13003KT 1/4SM HZ FEW010 OVC019 14/11 A3026 RMK AO2 VIS M1/4V5 T01440111 $ (LM)","FM-16","6",,,,,,,,,,,,,,,,,,,,,,,,,,,
"72493023230","2015-12-08T11:19:00","FM-16","7",,,,,,,,,,,,,,,,,,,,,,,,,,,,,,,,,,,,,,,"30.26","53","59",,,,,"81",,"FEW:02 10 OVC:08 19","30.16","8.00","56","110",,"5",,,,,,,,,,,,,,,,,,,,,,,,,,,,,,,,,,,,,"MET09912/08/15 11:19:02 SPECI KOAK 081919Z 11004KT 8SM FEW010 OVC019 15/12 A3026 RMK AO2 T01500117 $ (LM)","FM-16","7",,,,,,,,,,,,,,,,,,,,,,,,,,,
"72493023230","2015-12-08T11:53:00","FM-15","7",,,,,,,,,,,,,,,,,,,,,,,,,,,,,,,,,,,,,,,"30.25","53","59","0.00",,,,"81","30.24","FEW:02 10 OVC:08 22","30.15","8.00","56","120",,"5",,,,,,,,,,,,,,,,,,,,,,,,,,,,,,,,,,,,,"MET10612/08/15 11:53:02 METAR KOAK 081953Z 12004KT 8SM FEW010 OVC022 15/12 A3025 RMK AO2 SLP242 T01500117 $ (LM)","FM-15","7",,,,,,,,,,,,,,,,,,,,,,,,,,,
"72493023230","2015-12-08T12:53:00","FM-15","7",,,,,,,,,,,,,,,,,,,,,,,,,,,,,,,,,,,,,,,"30.22","52","58","0.00",,"+0.04","8","81","30.22","FEW:02 10 OVC:08 22","30.12","10.00","55","210",,"6",,,,,,,,,,,,,,,,,,,,,,,,,,,,,,,,,,,,,"MET11112/08/15 12:53:02 METAR KOAK 082053Z 21005KT 10SM FEW010 OVC022 14/11 A3022 RMK AO2 SLP234 T01440111 58014 (LM)","FM-15","7",,,,,,,,,,,,,,,,,,,,,,,,,,,
"72493023230","2015-12-08T13:53:00","FM-15","7",,,,,,,,,,,,,,,,,,,,,,,,,,,,,,,,,,,,,,,"30.21","53","58","0.00",,,,"84","30.21","FEW:02 10 BKN:07 20 OVC:08 160","30.11","10.00","55","230",,"5",,,,,,,,,,,,,,,,,,,,,,,,,,,,,,,,,,,,,"MET11212/08/15 13:53:02 METAR KOAK 082153Z 23004KT 10SM FEW010 BKN020 OVC160 14/12 A3021 RMK AO2 SLP229 T01440117 (LM)","FM-15","7",,,,,,,,,,,,,,,,,,,,,,,,,,,
"72493023230","2015-12-08T14:53:00","FM-15","7",,,,,,,,,,,,,,,,,,,,,,,,,,,,,,,,,,,,,,,"30.20","53","59","0.00",,,,"81","30.20","OVC:08 25","30.10","10.00","56","000",,"0",,,,,,,,,,,,,,,,,,,,,,,,,,,,,,,,,,,,,"MET09812/08/15 14:53:02 METAR KOAK 082253Z 00000KT 10SM OVC025 15/12 A3020 RMK AO2 SLP226 T01500117 (LM)","FM-15","7",,,,,,,,,,,,,,,,,,,,,,,,,,,
"72493023230","2015-12-08T15:53:00","FM-15","7",,,,,,,,,,,,,,,,,,,,,,,,,,,,,,,,,,,,,,,"30.20","53","58","0.00",,"+0.03","6","84","30.19","BKN:07 21 OVC:08 26","30.10","10.00","55","300",,"6",,,,,,,,,,,,,,,,,,,,,,,,,,,,,,,,,,,,,"MET12412/08/15 15:53:02 METAR KOAK 082353Z 30005KT 10SM BKN021 OVC026 14/12 A3020 RMK AO2 SLP225 T01440117 10161 20133 56009 (ALT)","FM-15","7",,,,,,,,,,,,,,,,,,,,,,,,,,,
"72493023230","2015-12-08T16:53:00","FM-15","7",,,,,,,,,,,,,,,,,,,,,,,,,,,,,,,,,,,,,,,"30.19","53","57","0.00",,,,"87","30.18","FEW:02 20 BKN:07 26 OVC:08 200","30.09","10.00","55","300",,"5",,,,,,,,,,,,,,,,,,,,,,,,,,,,,,,,,,,,,"MET11312/08/15 16:53:03 METAR KOAK 090053Z 30004KT 10SM FEW020 BKN026 OVC200 14/12 A3019 RMK AO2 SLP221 T01390117 (ALT)","FM-15","7",,,,,,,,,,,,,,,,,,,,,,,,,,,
"72493023230","2015-12-08T17:53:00","FM-15","7",,,,,,,,,,,,,,,,,,,,,,,,,,,,,,,,,,,,,,,"30.17","54","58","0.00",,,,"87","30.17","SCT:04 20 BKN:07 26 OVC:08 200","30.07","10.00","56","290",,"3",,,,,,,,,,,,,,,,,,,,,,,,,,,,,,,,,,,,,"MET11312/08/15 17:53:03 METAR KOAK 090153Z 29003KT 10SM SCT020 BKN026 OVC200 14/12 A3017 RMK AO2 SLP217 T01440122 (ALT)","FM-15","7",,,,,,,,,,,,,,,,,,,,,,,,,,,
"72493023230","2015-12-08T18:51:00","FM-16","6",,,,,,,,,,,,,,,,,,,,,,,,,,,,,,,,,,,,,,,"30.20","52","55",,,,,"88",,"FEW:02 15 SCT:04 23 BKN:07 200","30.10","10.00","53","300",,"5",,,,,,,,,,,,,,,,,,,,,,,,,,,,,,,,,,,,,"MET10112/08/15 18:51:03 SPECI KOAK 090251Z 30004KT 10SM FEW015 SCT023 BKN200 13/11 A3020 RMK AO2 FIBI (ALT)","FM-16","6",,,,,,,,,,,,,,,,,,,,,,,,,,,
"72493023230","2015-12-08T18:53:00","FM-15","7",,,,,,,,,,,,,,,,,,,,,,,,,,,,,,,,,,,,,,,"30.20","52","55","0.00",,"+0.00","5","90","30.19","FEW:02 15 SCT:04 23 BKN:07 200","30.10","10.00","53","300",,"5",,,,,,,,,,,,,,,,,,,,,,,,,,,,,,,,,,,,,"MET11912/08/15 18:53:03 METAR KOAK 090253Z 30004KT 10SM FEW015 SCT023 BKN200 13/11 A3020 RMK AO2 SLP224 T01280111 55000 (ALT)","FM-15","7",,,,,,,,,,,,,,,,,,,,,,,,,,,
"72493023230","2015-12-08T19:53:00","FM-15","7",,,,,,,,,,,,,,,,,,,,,,,,,,,,,,,,,,,,,,,"30.18","52","55","0.00","MI:1 FG:2 |FG |FG",,,"90","30.18","SCT:04 20 BKN:07 200","30.08","9.00","53","300",,"3",,,,,,,,,,,,,,,,,,,,,,,,,,,,,,,,,,,,,"MET11012/08/15 19:53:03 METAR KOAK 090353Z 30003KT 9SM MIFG SCT020 BKN200 13/11 A3018 RMK AO2 SLP221 T01280111 (ALT)","FM-15","7",,,,,,,,,,,,,,,,,,,,,,,,,,,
"72493023230","2015-12-08T20:20:00","FM-16","7",,,,,,,,,,,,,,,,,,,,,,,,,,,,,,,,,,,,,,,"30.18","52","54",,"MI:1 FG:2 |FG |FG",,,"93",,"BKN:07 20 BKN:07 200","30.08","9.00","53","000",,"0",,,,,,,,,,,,,,,,,,,,,,,,,,,,,,,,,,,,,"MET10312/08/15 20:20:03 SPECI KOAK 090420Z 00000KT 9SM MIFG BKN020 BKN200 12/11 A3018 RMK AO2 T01220111 (ALT)","FM-16","7",,,,,,,,,,,,,,,,,,,,,,,,,,,
"72493023230","2015-12-08T20:53:00","FM-15","7",,,,,,,,,,,,,,,,,,,,,,,,,,,,,,,,,,,,,,,"30.19","53","55","0.00","MI:1 FG:2 |FG |FG",,,"93","30.19","OVC:08 19","30.09","8.00","54","130",,"5",,,,,,,,,,,,,,,,,,,,,,,,,,,,,,,,,,,,,"MET10312/08/15 20:53:03 METAR KOAK 090453Z 13004KT 8SM MIFG OVC019 13/12 A3019 RMK AO2 SLP223 T01280117 (ALT)","FM-15","7",,,,,,,,,,,,,,,,,,,,,,,,,,,
"72493023230","2015-12-08T21:53:00","FM-15","7",,,,,,,,,,,,,,,,,,,,,,,,,,,,,,,,,,,,,,,"30.20","53","56","0.00",,"-0.01","3","90","30.20","OVC:08 18","30.10","9.00","54","000",,"0",,,,,,,,,,,,,,,,,,,,,,,,,,,,,,,,,,,,,"MET11612/08/15 21:53:03 METAR KOAK 090553Z 00000KT 9SM OVC018 13/12 A3020 RMK AO2 SLP227 T01330117 10144 20122 53002 (ALT)","FM-15","7",,,,,,,,,,,,,,,,,,,,,,,,,,,
"72493023230","2015-12-08T22:53:00","FM-15","7",,,,,,,,,,,,,,,,,,,,,,,,,,,,,,,,,,,,,,,"30.19","53","56","0.00",,,,"90","30.19","FEW:02 10 OVC:08 18","30.09","10.00","54","180",,"5",,,,,,,,,,,,,,,,,,,,,,,,,,,,,,,,,,,,,"MET10612/08/15 22:53:03 METAR KOAK 090653Z 18004KT 10SM FEW010 OVC018 13/12 A3019 RMK AO2 SLP224 T01330117 (ALT)","FM-15","7",,,,,,,,,,,,,,,,,,,,,,,,,,,
"72493023230","2015-12-08T23:53:00","FM-15","7",,,,,,,,,,,,,,,,,,,,,,,,,,,,,,,,,,,,,,,"30.19","54","57","0.00","BR:1 ||",,,"90","30.19","OVC:08 17","30.09","6.00","55","000",,"0",,,,,,,,,,,,,,,,,,,,,,,,,,,,,,,,,,,,,"MET11012/08/15 23:53:03 METAR KOAK 090753Z 00000KT 6SM BR OVC017 14/12 A3019 RMK AO2 SLP222 T01390122 401610078 (DB)","FM-15","7",,,,,,,,,,,,,,,,,,,,,,,,,,,
"72493023230","2015-12-08T23:59:00","SOD  ","6",,,,,,,,,,,,,,,,,,"54",,,"30.12",,"2.7","0","4.4","11","61","46","160","8","0.00","0","0.0","310","7","MIFG BR HZ FG",,,,,,,,,,,,,,,,,,,,,,,,,,,,,,,,,,,,,,,,,,,,,,,,,,,,,,,"SOD75724 HR PRECIPITATION (IN): 0.00 SNOW DEPTH (IN):0     24 HR SNOWFALL (IN):0.0  WEATHER(CODE):18  24 HR MAX TEMP (F): 6124 HR MIN TEMP (F): 46AVERAGE STATION PRESSURE:30.125 MINIMUM SEA LEVEL PRESSURE:30.17 TIME OF OCCURRENCE:1940 PEAK WIND SPEED (MPH):  8 PEAK WIND DIR (DEG):160 PEAK WIND TIME (LST):      FASTEST 2MIN SPEED (MPH):  7FASTEST 2MIN DIR (DEG):310 FASTEST 2MIN TIME (LST):     AVERAGE WIND SPEED (MPH): 2.7 24 HR AVG TEMP (F): 54DEPART FROM NORMAL:  4  HEATING DEGREE DAYS: 11 COOLING DEGREE DAYS:  0 LATEST DAY MAX TEMP (0700-1900 LST):61  LATEST NIGHT MIN TEMP(1900-0800 LST):46 HOURLY INCREMENTAL PRECIPITATION VALUES (IN):.00 0.00 0.00 0.00 0.00 0.00 0.00 0.00 0.00 0.00 0.00 0.00 0.00 0.00 0.00 0.00 0.00 0.00 0.00 0.00 0.00 0.00 0.00 0.00","SOD  ","6",,,,,,,,,,,,,,,,,,,,,,,,,"0712","1650",
"72493023230","2015-12-09T00:53:00","FM-15","7",,,,,,,,,,,,,,,,,,,,,,,,,,,,,,,,,,,,,,,"30.18","53","56","0.00",,"+0.02","8","90","30.18","OVC:08 17","30.08","7.00","54","130",,"3",,,,,,,,,,,,,,,,,,,,,,,,,,,,,,,,,,,,,"MET10312/09/15 00:53:02 METAR KOAK 090853Z 13003KT 7SM OVC017 13/12 A3018 RMK AO2 SLP219 T01330117 58008 (DB)","FM-15","7",,,,,,,,,,,,,,,,,,,,,,,,,,,
"72493023230","2015-12-09T01:53:00","FM-15","7",,,,,,,,,,,,,,,,,,,,,,,,,,,,,,,,,,,,,,,"30.18","53","56","0.00",,,,"90","30.18","OVC:08 16","30.08","7.00","54","070",,"3",,,,,,,,,,,,,,,,,,,,,,,,,,,,,,,,,,,,,"MET09712/09/15 01:53:02 METAR KOAK 090953Z 07003KT 7SM OVC016 13/12 A3018 RMK AO2 SLP220 T01330117 (DB)","FM-15","7",,,,,,,,,,,,,,,,,,,,,,,,,,,
"72493023230","2015-12-09T02:16:00","FM-16","7",,,,,,,,,,,,,,,,,,,,,,,,,,,,,,,,,,,,,,,"30.18","52","55",,"BR:1 ||",,,"90",,"FEW:02 15","30.08","6.00","53","110",,"6",,,,,,,,,,,,,,,,,,,,,,,,,,,,,,,,,,,,,"MET09312/09/15 02:16:02 SPECI KOAK 091016Z 11005KT 6SM BR FEW015 13/11 A3018 RMK AO2 T01280111 (DB)","FM-16","7",,,,,,,,,,,,,,,,,,,,,,,,,,,
"72493023230","2015-12-09T02:53:00","FM-15","7",,,,,,,,,,,,,,,,,,,,,,,,,,,,,,,,,,,,,,,"30.16","52","55","0.00","BR:1 ||",,,"90","30.16","FEW:02 15 BKN:07 42","30.06","6.00","53","140",,"6",,,,,,,,,,,,,,,,,,,,,,,,,,,,,,,,,,,,,"MET10712/09/15 02:53:02 METAR KOAK 091053Z 14005KT 6SM BR FEW015 BKN042 13/11 A3016 RMK AO2 SLP214 T01280111 (DB)","FM-15","7",,,,,,,,,,,,,,,,,,,,,,,,,,,
"72493023230","2015-12-09T03:53:00","FM-15","7",,,,,,,,,,,,,,,,,,,,,,,,,,,,,,,,,,,,,,,"30.16","53","55","0.00",,"+0.02","8","93","30.16","OVC:08 44","30.06","8.00","54","160",,"3",,,,,,,,,,,,,,,,,,,,,,,,,,,,,,,,,,,,,"MET11512/09/15 03:53:02 METAR KOAK 091153Z 16003KT 8SM OVC044 13/12 A3016 RMK AO2 SLP213 T01280117 10139 20122 58006 (DB)","FM-15","7",,,,,,,,,,,,,,,,,,,,,,,,,,,
"72493023230","2015-12-09T04:53:00","FM-15","7",,,,,,,,,,,,,,,,,,,,,,,,,,,,,,,,,,,,,,,"30.16","52","54","0.00","BR:1 ||",,,"93","30.16","OVC:08 45","30.06","6.00","53","000",,"0",,,,,,,,,,,,,,,,,,,,,,,,,,,,,,,,,,,,,"MET10012/09/15 04:53:02 METAR KOAK 091253Z 00000KT 6SM BR OVC045 12/11 A3016 RMK AO2 SLP212 T01220111 (DB)","FM-15","7",,,,,,,,,,,,,,,,,,,,,,,,,,,
"72493023230","2015-12-09T05:53:00","FM-15","7",,,,,,,,,,,,,,,,,,,,,,,,,,,,,,,,,,,,,,,"30.14","51","54","0.00",,,,"90","30.14","FEW:02 44","30.04","10.00","52","100",,"3",,,,,,,,,,,,,,,,,,,,,,,,,,,,,,,,,,,,,"MET09812/09/15 05:53:02 METAR KOAK 091353Z 10003KT 10SM FEW044 12/11 A3014 RMK AO2 SLP207 T01220106 (DB)","FM-15","7",,,,,,,,,,,,,,,,,,,,,,,,,,,
"72493023230","2015-12-09T06:53:00","FM-15","7",,,,,,,,,,,,,,,,,,,,,,,,,,,,,,,,,,,,,,,"30.16","51","54","0.00",,"+0.01","5","90","30.15","SCT:04 44","30.06","9.00","52","110",,"5",,,,,,,,,,,,,,,,,,,,,,,,,,,,,,,,,,,,,"MET10312/09/15 06:53:02 METAR KOAK 091453Z 11004KT 9SM SCT044 12/11 A3016 RMK AO2 SLP211 T01220106 55002 (DB)","FM-15","7",,,,,,,,,,,,,,,,,,,,,,,,,,,
"72493023230","2015-12-09T07:53:00","FM-15","7",,,,,,,,,,,,,,,,,,,,,,,,,,,,,,,,,,,,,,,"30.16","53","56","0.00",,,,"90","30.16","OVC:08 46","30.06","9.00","54","130",,"5",,,,,,,,,,,,,,,,,,,,,,,,,,,,,,,,,,,,,"MET09712/09/15 07:53:02 METAR KOAK 091553Z 13004KT 9SM OVC046 13/12 A3016 RMK AO2 SLP213 T01330117 (LM)","FM-15","7",,,,,,,,,,,,,,,,,,,,,,,,,,,
"72493023230","2015-12-09T08:53:00","FM-15","7",,,,,,,,,,,,,,,,,,,,,,,,,,,,,,,,,,,,,,,"30.17","53","56","0.00","BR:1 ||",,,"90","30.17","FEW:02 10 OVC:08 42","30.07","6.00","54","000",,"0",,,,,,,,,,,,,,,,,,,,,,,,,,,,,,,,,,,,,"MET10712/09/15 08:53:02 METAR KOAK 091653Z 00000KT 6SM BR FEW010 OVC042 13/12 A3017 RMK AO2 SLP216 T01330117 (LM)","FM-15","7",,,,,,,,,,,,,,,,,,,,,,,,,,,
"72493023230","2015-12-09T09:53:00","FM-15","7",,,,,,,,,,,,,,,,,,,,,,,,,,,,,,,,,,,,,,,"30.17","54","59","0.00",,"-0.01","0","83","30.16","FEW:02 15 BKN:07 36 OVC:08 160","30.07","7.00","56","120",,"8",,,,,,,,,,,,,,,,,,,,,,,,,,,,,,,,,,,,,"MET12912/09/15 09:53:02 METAR KOAK 091753Z 12007KT 7SM FEW015 BKN036 OVC160 15/12 A3017 RMK AO2 SLP215 T01500122 10150 20117 50004 (LM)","FM-15","7",,,,,,,,,,,,,,,,,,,,,,,,,,,
"72493023230","2015-12-09T10:53:00","FM-15","6",,,,,,,,,,,,,,,,,,,,,,,,,,,,,,,,,,,,,,,"30.16","54","62","0.00",,,,"75","30.16","FEW:02 10 OVC:08 36","30.06","9.00","58","140",,"8",,,,,,,,,,,,,,,,,,,,,,,,,,,,,,,,,,,,,"MET10412/09/15 10:53:02 METAR KOAK 091853Z 14007KT 9SM FEW010 OVC036 17/12 A3016 RMK AO2 SLP212 T01670122 (LM)","FM-15","6",,,,,,,,,,,,,,,,,,,,,,,,,,,
"72493023230","2015-12-09T11:53:00","FM-15","7",,,,,,,,,,,,,,,,,,,,,,,,,,,,,,,,,,,,,,,"30.12","54","63","0.00",,,,"73","30.12","FEW:02 15 BKN:07 30 OVC:08 40","30.02","10.00","58","150",,"9",,,,,,,,,,,,,,,,,,,,,,,,,,,,,,,,,,,,,"MET11212/09/15 11:53:02 METAR KOAK 091953Z 15008KT 10SM FEW015 BKN030 OVC040 17/12 A3012 RMK AO2 SLP199 T01720122 (LM)","FM-15","7",,,,,,,,,,,,,,,,,,,,,,,,,,,
"72493023230","2015-12-09T12:53:00","FM-15","6",,,,,,,,,,,,,,,,,,,,,,,,,,,,,,,,,,,,,,,"30.09","54","65","0.00",,"+0.07","8","68","30.09","FEW:02 15 BKN:07 30 OVC:08 40","29.99","10.00","59","150",,"5",,,,,,,,,,,,,,,,,,,,,,,,,,,,,,,,,,,,,"MET11812/09/15 12:53:02 METAR KOAK 092053Z 15004KT 10SM FEW015 BKN030 OVC040 18/12 A3009 RMK AO2 SLP191 T01830122 58024 (LM)","FM-15","6",,,,,,,,,,,,,,,,,,,,,,,,,,,
"72493023230","2015-12-09T13:53:00","FM-15","6",,,,,,,,,,,,,,,,,,,,,,,,,,,,,,,,,,,,,,,"30.07","55","65","0.00",,,,"70","30.07","OVC:08 30","29.97","10.00","59","000",,"0",,,,,,,,,,,,,,,,,,,,,,,,,,,,,,,,,,,,,"MET09812/09/15 13:53:02 METAR KOAK 092153Z 00000KT 10SM OVC030 18/13 A3007 RMK AO2 SLP183 T01830128 (LM)","FM-15","6",,,,,,,,,,,,,,,,,,,,,,,,,,,
"72493023230","2015-12-09T14:53:00","FM-15","7",,,,,,,,,,,,,,,,,,,,,,,,,,,,,,,,,,,,,,,"30.05","54","65","0.00",,,,"68","30.05","OVC:08 33","29.96","10.00","59","190",,"6",,,,,,,,,,,,,,,,,,,,,,,,,,,,,,,,,,,,,"MET09812/09/15 14:53:02 METAR KOAK 092253Z 19005KT 10SM OVC033 18/12 A3005 RMK AO2 SLP175 T01830122 (LM)","FM-15","7",,,,,,,,,,,,,,,,,,,,,,,,,,,
"72493023230","2015-12-09T15:53:00","FM-15","6",,,,,,,,,,,,,,,,,,,,,,,,,,,,,,,,,,,,,,,"30.07","54","63","0.00",,"+0.02","5","73","30.07","FEW:02 15 BKN:07 31 BKN:07 200","29.97","10.00","58","290",,"5",,,,,,,,,,,,,,,,,,,,,,,,,,,,,,,,,,,,,"MET13112/09/15 15:53:02 METAR KOAK 092353Z 29004KT 10SM FEW015 BKN031 BKN200 17/12 A3007 RMK AO2 SLP183 T01720122 10189 20150 55007 (ALT)","FM-15","6",,,,,,,,,,,,,,,,,,,,,,,,,,,
"72493023230","2015-12-09T16:53:00","FM-15","7",,,,,,,,,,,,,,,,,,,,,,,,,,,,,,,,,,,,,,,"30.05","54","62","0.00",,,,"75","30.05","FEW:02 15 BKN:07 30 BKN:07 180","29.96","10.00","58","000",,"0",,,,,,,,,,,,,,,,,,,,,,,,,,,,,,,,,,,,,"MET11312/09/15 16:53:03 METAR KOAK 100053Z 00000KT 10SM FEW015 BKN030 BKN180 17/12 A3005 RMK AO2 SLP176 T01670122 (ALT)","FM-15","7",,,,,,,,,,,,,,,,,,,,,,,,,,,
"72493023230","2015-12-09T17:53:00","FM-15","7",,,,,,,,,,,,,,,,,,,,,,,,,,,,,,,,,,,,,,,"30.06","54","60","0.00",,,,"80","30.05","SCT:04 33 BKN:07 43","29.96","10.00","57","270",,"5",,,,,,,,,,,,,,,,,,,,,,,,,,,,,,,,,,,,,"MET10612/09/15 17:53:03 METAR KOAK 100153Z 27004KT 10SM SCT033 BKN043 16/12 A3006 RMK AO2 SLP177 T01560122 (ALT)","FM-15","7",,,,,,,,,,,,,,,,,,,,,,,,,,,
"72493023230","2015-12-09T18:53:00","FM-15","7",,,,,,,,,,,,,,,,,,,,,,,,,,,,,,,,,,,,,,,"30.03","55","61","0.00",,"+0.04","8","81","30.03","FEW:02 15 SCT:04 33 BKN:07 43","29.93","10.00","58","000",,"0",,,,,,,,,,,,,,,,,,,,,,,,,,,,,,,,,,,,,"MET11912/09/15 18:53:03 METAR KOAK 100253Z 00000KT 10SM FEW015 SCT033 BKN043 16/13 A3003 RMK AO2 SLP168 T01610128 58015 (ALT)","FM-15","7",,,,,,,,,,,,,,,,,,,,,,,,,,,
"72493023230","2015-12-09T19:53:00","FM-15","7",,,,,,,,,,,,,,,,,,,,,,,,,,,,,,,,,,,,,,,"30.03","54","59","0.00",,,,"83","30.03","FEW:02 15 SCT:04 45 BKN:07 65","29.93","10.00","56","000",,"0",,,,,,,,,,,,,,,,,,,,,,,,,,,,,,,,,,,,,"MET11312/09/15 19:53:03 METAR KOAK 100353Z 00000KT 10SM FEW015 SCT045 BKN065 15/12 A3003 RMK AO2 SLP170 T01500122 (ALT)","FM-15","7",,,,,,,,,,,,,,,,,,,,,,,,,,,
"72493023230","2015-12-09T20:53:00","FM-15","7",,,,,,,,,,,,,,,,,,,,,,,,,,,,,,,,,,,,,,,"30.01","55","59","0.00",,,,"87","30.01","FEW:02 22 SCT:04 45 BKN:07 60","29.91","10.00","57","130",,"5",,,,,,,,,,,,,,,,,,,,,,,,,,,,,,,,,,,,,"MET11312/09/15 20:53:03 METAR KOAK 100453Z 13004KT 10SM FEW022 SCT045 BKN060 15/13 A3001 RMK AO2 SLP161 T01500128 (ALT)","FM-15","7",,,,,,,,,,,,,,,,,,,,,,,,,,,
"72493023230","2015-12-09T21:53:00","FM-15","7",,,,,,,,,,,,,,,,,,,,,,,,,,,,,,,,,,,,,,,"30.00","55","60","0.00",,"+0.03","8","84","30.00","FEW:02 10 SCT:04 22 OVC:08 60","29.91","10.00","57","180",,"8",,,,,,,,,,,,,,,,,,,,,,,,,,,,,,,,,,,,,"MET13112/09/15 21:53:03 METAR KOAK 100553Z 18007KT 10SM FEW010 SCT022 OVC060 16/13 A3000 RMK AO2 SLP159 T01560128 10172 20144 58009 (ALT)","FM-15","7",,,,,,,,,,,,,,,,,,,,,,,,,,,
"72493023230","2015-12-09T22:44:00","FM-16","7",,,,,,,,,,,,,,,,,,,,,,,,,,,,,,,,,,,,,,,"29.99","55","60",,,,,"84",,"BKN:07 23 OVC:08 60","29.89","10.00","57","170",,"10",,,,,,,,,,,,,,,,,,,,,,,,,,,,,,,,,,,,,"MET09912/09/15 22:44:03 SPECI KOAK 100644Z 17009KT 10SM BKN023 OVC060 16/13 A2999 RMK AO2 T01560128 (ALT)","FM-16","7",,,,,,,,,,,,,,,,,,,,,,,,,,,
"72493023230","2015-12-09T22:53:00","FM-15","7",,,,,,,,,,,,,,,,,,,,,,,,,,,,,,,,,,,,,,,"29.99","54","61","0.00",,,,"78","29.99","BKN:07 23 OVC:08 60","29.89","10.00","57","180",,"11",,,,,,,,,,,,,,,,,,,,,,,,,,,,,,,,,,,,,"MET10612/09/15 22:53:03 METAR KOAK 100653Z 18010KT 10SM BKN023 OVC060 16/12 A2999 RMK AO2 SLP155 T01610122 (ALT)","FM-15","7",,,,,,,,,,,,,,,,,,,,,,,,,,,
"72493023230","2015-12-09T23:53:00","FM-15","7",,,,,,,,,,,,,,,,,,,,,,,,,,,,,,,,,,,,,,,"29.99","53","59","T","-DZ:01 |DZ |",,,"81","29.99","BKN:07 19 OVC:08 30","29.89","10.00","56","190",,"11",,,,,,,,,,,,,,,,,,,,,,,,,,,,,,,,,,,,,"MET13112/09/15 23:53:03 METAR KOAK 100753Z 19010KT 10SM -DZ BKN019 OVC030 15/12 A2999 RMK AO2 DZB52 SLP156 P0000 T01500117 401890117 (DB)","FM-15","7",,,,,,,,,,,,,,,,,,,,,,,,,,,
"72493023230","2015-12-09T23:59:00","SOD  ","6",,,,,,,,,,,,,,,,,,"60",,,"30.00",,"4.6","0","10.5","5","66","53","200","16","T","0","0.0","200","14","DZ BR",,,,,,,,,,,,,,,,,,,,,,,,,,,,,,,,,,,,,,,,,,,,,,,,,,,,,,,"SOD75324 HR PRECIPITATION (IN):    T SNOW DEPTH (IN):0     24 HR SNOWFALL (IN):0.0  WEATHER(CODE):1  24 HR MAX TEMP (F): 6624 HR MIN TEMP (F): 53AVERAGE STATION PRESSURE:30.000 MINIMUM SEA LEVEL PRESSURE:29.98 TIME OF OCCURRENCE:2359 PEAK WIND SPEED (MPH): 16 PEAK WIND DIR (DEG):200 PEAK WIND TIME (LST):      FASTEST 2MIN SPEED (MPH): 14FASTEST 2MIN DIR (DEG):200 FASTEST 2MIN TIME (LST):     AVERAGE WIND SPEED (MPH): 4.6 24 HR AVG TEMP (F): 60DEPART FROM NORMAL: 11  HEATING DEGREE DAYS:  5 COOLING DEGREE DAYS:  0 LATEST DAY MAX TEMP (0700-1900 LST):66  LATEST NIGHT MIN TEMP(1900-0800 LST):53 HOURLY INCREMENTAL PRECIPITATION VALUES (IN):.00 0.00 0.00 0.00 0.00 0.00 0.00 0.00 0.00 0.00 0.00 0.00 0.00 0.00 0.00 0.00 0.00 0.00 0.00 0.00 0.00 0.00 0.00 T","SOD  ","6",,,,,,,,,,,,,,,,,,,,,,,,,"0712","1650",
"72493023230","2015-12-10T00:08:00","FM-16","7",,,,,,,,,,,,,,,,,,,,,,,,,,,,,,,,,,,,,,,"29.97","54","59","T","-DZ:01 |DZ |",,,"83",,"SCT:04 19 BKN:07 47 OVC:08 60","29.88","10.00","56","190",,"14",,,,,,,,,,,,,,,,,,,,,,,,,,,,,,,,,,,,,"MET12212/10/15 00:08:02 SPECI KOAK 100808Z 19012KT 10SM -DZ SCT019 BKN047 OVC060 15/12 A2997 RMK AO2 PRESFR P0000 T01500122 (DB)","FM-16","7",,,,,,,,,,,,,,,,,,,,,,,,,,,
"72493023230","2015-12-10T00:45:00","FM-16","7",,,,,,,,,,,,,,,,,,,,,,,,,,,,,,,,,,,,,,,"29.95","55","59","T",,,,"87",,"BKN:07 26 OVC:08 35","29.85","10.00","57","170",,"14",,,,,,,,,,,,,,,,,,,,,,,,,,,,,,,,,,,,,"MET11012/10/15 00:45:02 SPECI KOAK 100845Z 17012KT 10SM BKN026 OVC035 15/13 A2995 RMK AO2 DZE39 P0000 T01500128 (DB)","FM-16","7",,,,,,,,,,,,,,,,,,,,,,,,,,,
"72493023230","2015-12-10T00:53:00","FM-15","7",,,,,,,,,,,,,,,,,,,,,,,,,,,,,,,,,,,,,,,"29.94","55","59","T",,"+0.06","8","87","29.93","BKN:07 24 BKN:07 29 OVC:08 34","29.84","10.00","57","170",,"13",,,,,,,,,,,,,,,,,,,,,,,,,,,,,,,,,,,,,"MET13612/10/15 00:53:02 METAR KOAK 100853Z 17011KT 10SM BKN024 BKN029 OVC034 15/13 A2994 RMK AO2 DZE39 SLP137 P0000 60000 T01500128 58021 (DB)","FM-15","7",,,,,,,,,,,,,,,,,,,,,,,,,,,
"72493023230","2015-12-10T01:29:00","FM-16","7",,,,,,,,,,,,,,,,,,,,,,,,,,,,,,,,,,,,,,,"29.94","55","58","T","BR:1 ||",,,"90",,"OVC:08 13","29.84","4.00","56","180",,"11",,,,,,,,,,,,,,,,,,,,,,,,,,,,,,,,,,,,,"MET10812/10/15 01:29:02 SPECI KOAK 100929Z 18010KT 4SM BR OVC013 14/13 A2994 RMK AO2 RAB16E29 P0000 T01440128 (DB)","FM-16","7",,,,,,,,,,,,,,,,,,,,,,,,,,,
"72493023230","2015-12-10T01:42:00","FM-16","7",,,,,,,,,,,,,,,,,,,,,,,,,,,,,,,,,,,,,,,"29.94","55","57","T","-RA:02 BR:1 |RA |",,,"93",,"SCT:04 8 OVC:08 13","29.84","4.00","56","170",,"11",,,,,,,,,,,,,,,,,,,,,,,,,,,,,,,,,,,,,"MET11612/10/15 01:42:02 SPECI KOAK 100942Z 17010KT 4SM -RA BR SCT008 OVC013 14/13 A2994 RMK AO2 RAB16 P0000 T01390128 (DB)","FM-16","7",,,,,,,,,,,,,,,,,,,,,,,,,,,
"72493023230","2015-12-10T01:48:00","FM-16","7",,,,,,,,,,,,,,,,,,,,,,,,,,,,,,,,,,,,,,,"29.94","55","57","T","-RA:02 BR:1 |RA |",,,"94",,"SCT:04 8 OVC:08 13","29.84","4.00","56","170",,"10",,,,,,,,,,,,,,,,,,,,,,,,,,,,,,,,,,,,,"MET10612/10/15 01:48:02 SPECI KOAK 100948Z 17009KT 4SM -RA BR SCT008 OVC013 14/13 A2994 RMK AO2 RAB16 P0000 (DB)","FM-16","7",,,,,,,,,,,,,,,,,,,,,,,,,,,
"72493023230","2015-12-10T01:53:00","FM-15","7",,,,,,,,,,,,,,,,,,,,,,,,,,,,,,,,,,,,,,,"29.94","55","57","T","-RA:02 BR:1 |RA |",,,"93","29.94","BKN:07 10 BKN:07 14 OVC:08 22","29.84","4.00","56","170",,"10",,,,,,,,,,,,,,,,,,,,,,,,,,,,,,,,,,,,,"MET13012/10/15 01:53:02 METAR KOAK 100953Z 17009KT 4SM -RA BR BKN010 BKN014 OVC022 14/13 A2994 RMK AO2 SLP139 RAB16 P0000 T01390128 (DB)","FM-15","7",,,,,,,,,,,,,,,,,,,,,,,,,,,
"72493023230","2015-12-10T02:27:00","FM-16","7",,,,,,,,,,,,,,,,,,,,,,,,,,,,,,,,,,,,,,,"29.92","56","58","T",,,,"93",,"FEW:02 7 OVC:08 15","29.83","10.00","57","170",,"10",,,,,,,,,,,,,,,,,,,,,,,,,,,,,,,,,,,,,"MET11012/10/15 02:27:02 SPECI KOAK 101027Z 17009KT 10SM FEW007 OVC015 14/13 A2992 RMK AO2 RAE20 P0000 T01440133 (DB)","FM-16","7",,,,,,,,,,,,,,,,,,,,,,,,,,,
"72493023230","2015-12-10T02:53:00","FM-15","7",,,,,,,,,,,,,,,,,,,,,,,,,,,,,,,,,,,,,,,"29.91","56","60","T",,,,"86","29.91","BKN:07 23 OVC:08 30","29.81","10.00","58","180",,"11",,,,,,,,,,,,,,,,,,,,,,,,,,,,,,,,,,,,,"MET11712/10/15 02:53:02 METAR KOAK 101053Z 18010KT 10SM BKN023 OVC030 16/13 A2991 RMK AO2 RAE20 SLP127 P0000 T01560133 (DB)","FM-15","7",,,,,,,,,,,,,,,,,,,,,,,,,,,
"72493023230","2015-12-10T03:10:00","FM-16","7",,,,,,,,,,,,,,,,,,,,,,,,,,,,,,,,,,,,,,,"29.90","56","61",,,,,"84",,"SCT:04 24 BKN:07 30 OVC:08 80","29.80","10.00","58","180",,"14",,,,,,,,,,,,,,,,,,,,,,,,,,,,,,,,,,,,,"MET10512/10/15 03:10:02 SPECI KOAK 101110Z 18012KT 10SM SCT024 BKN030 OVC080 16/13 A2990 RMK AO2 T01610133 (DB)","FM-16","7",,,,,,,,,,,,,,,,,,,,,,,,,,,
"72493023230","2015-12-10T03:39:00","FM-16","7",,,,,,,,,,,,,,,,,,,,,,,,,,,,,,,,,,,,,,,"29.88","55","61","T","-RA:02 |RA |",,,"81",,"SCT:04 23 BKN:07 28 OVC:08 70","29.78","10.00","58","190","25","17",,,,,,,,,,,,,,,,,,,,,,,,,,,,,,,,,,,,,"MET12412/10/15 03:39:02 SPECI KOAK 101139Z 19015G22KT 10SM -RA SCT023 BKN028 OVC070 16/13 A2988 RMK AO2 RAB36 P0000 T01610128 (DB)","FM-16","7",,,,,,,,,,,,,,,,,,,,,,,,,,,
"72493023230","2015-12-10T03:53:00","FM-15","7",,,,,,,,,,,,,,,,,,,,,,,,,,,,,,,,,,,,,,,"29.87","55","60","0.02","-RA:02 BR:1 |RA |","+0.06","8","84","29.87","BKN:07 21 OVC:08 29","29.78","5.00","57","190",,"17",,,,,,,,,,,,,,,,,,,,,,,,,,,,,,,,,,,,,"MET14712/10/15 03:53:02 METAR KOAK 101153Z 19015KT 5SM -RA BR BKN021 OVC029 16/13 A2987 RMK AO2 RAB36 SLP115 P0000 60000 T01560128 10167 20139 58022 (DB)","FM-15","7",,,,,,,,,,,,,,,,,,,,,,,,,,,
"72493023230","2015-12-10T04:53:00","FM-15","7",,,,,,,,,,,,,,,,,,,,,,,,,,,,,,,,,,,,,,,"29.86","56","59","0.01","-RA:02 BR:1 |RA |",,,"90","29.86","BKN:07 20 OVC:08 28","29.76","5.00","57","190",,"15",,,,,,,,,,,,,,,,,,,,,,,,,,,,,,,,,,,,,"MET11712/10/15 04:53:02 METAR KOAK 101253Z 19013KT 5SM -RA BR BKN020 OVC028 15/13 A2986 RMK AO2 SLP112 P0003 T01500133 (DB)","FM-15","7",,,,,,,,,,,,,,,,,,,,,,,,,,,
"72493023230","2015-12-10T05:20:00","FM-16","7",,,,,,,,,,,,,,,,,,,,,,,,,,,,,,,,,,,,,,,"29.86","56","58","T","-RA:02 |RA |",,,"93",,"BKN:07 14 OVC:08 21","29.76","7.00","57","180",,"13",,,,,,,,,,,,,,,,,,,,,,,,,,,,,,,,,,,,,"MET10712/10/15 05:20:02 SPECI KOAK 101320Z 18011KT 7SM -RA BKN014 OVC021 14/13 A2986 RMK AO2 P0000 T01440133 (DB)","FM-16","7",,,,,,,,,,,,,,,,,,,,,,,,,,,
"72493023230","2015-12-10T05:47:00","FM-16","7",,,,,,,,,,,,,,,,,,,,,,,,,,,,,,,,,,,,,,,"29.87","54","57","0.07","RA:02 BR:1 |RA |",,,"88",,"SCT:04 14 OVC:08 21","29.78","4.00","55","270","31","28",,,,,,,,,,,,,,,,,,,,,,,,,,,,,,,,,,,,,"MET13112/10/15 05:47:02 SPECI KOAK 101347Z 27024G27KT 4SM RA BR SCT014 OVC021 14/12 A2987 RMK AO2 PK WND 27028/1346 WSHFT 1333 P0007 (DB)","FM-16","7",,,,,,,,,,,,,,,,,,,,,,,,,,,
"72493023230","2015-12-10T05:48:00","FM-15","7",,,,,,,,,,,,,,,,,,,,,,,,,,,,,,,,,,,,,,,"29.87","54","56","0.09","+RA:02 BR:1 |RA |",,,"93","29.87","SCT:04 14 BKN:07 21 OVC:08 26","29.78","4.00","55","270","31","26",,,,,,,,,,,,,,,,,,,,,,,,,,,,,,,,,,,,,"MET15612/10/15 05:48:02 METAR KOAK 101348Z 27023G27KT 4SM +RA BR SCT014 BKN021 OVC026 13/12 A2987 RMK AO2 PK WND 27028/1346 WSHFT 1333 SLP115 P0008 T01330122 (DB)","FM-15","7",,,,,,,,,,,,,,,,,,,,,,,,,,,
"72493023230","2015-12-10T05:55:00","FM-16","7",,,,,,,,,,,,,,,,,,,,,,,,,,,,,,,,,,,,,,,"29.88","53","56","0.01","RA:02 BR:1 |RA |",,,"90",,"FEW:02 11 BKN:07 22 OVC:08 33","29.78","3.00","54","290",,"21",,,,,,,,,,,,,,,,,,,,,,,,,,,,,,,,,,,,,"MET12712/10/15 05:55:02 SPECI KOAK 101355Z 29018KT 3SM RA BR FEW011 BKN022 OVC033 13/12 A2988 RMK AO2 WSHFT 1335 P0001 T01330117 (DB)","FM-16","7",,,,,,,,,,,,,,,,,,,,,,,,,,,
"72493023230","2015-12-10T06:42:00","FM-16","7",,,,,,,,,,,,,,,,,,,,,,,,,,,,,,,,,,,,,,,"29.89","54","55","0.01","-DZ:01 |DZ |",,,"96",,"FEW:02 11 OVC:08 35","29.80","7.00","54","280",,"9",,,,,,,,,,,,,,,,,,,,,,,,,,,,,,,,,,,,,"MET12912/10/15 06:42:02 SPECI KOAK 101442Z 28008KT 7SM -DZ FEW011 OVC035 13/12 A2989 RMK AO2 WSHFT 1335 RAE36DZB36 P0001 T01280122 (DB)","FM-16","7",,,,,,,,,,,,,,,,,,,,,,,,,,,
"72493023230","2015-12-10T06:53:00","FM-15","7",,,,,,,,,,,,,,,,,,,,,,,,,,,,,,,,,,,,,,,"29.91","54","55","T",,"-0.03","3","96","29.91","SCT:04 32 BKN:07 43 OVC:08 50","29.81","7.00","54","320",,"8",,,,,,,,,,,,,,,,,,,,,,,,,,,,,,,,,,,,,"MET15412/10/15 06:53:02 METAR KOAK 101453Z 32007KT 7SM SCT032 BKN043 OVC050 13/12 A2991 RMK AO2 WSHFT 1335 SLP127 RAE36DZB36E48 P0001 60012 T01280122 53011 (DB)","FM-15","7",,,,,,,,,,,,,,,,,,,,,,,,,,,
"72493023230","2015-12-10T07:53:00","FM-15","7",,,,,,,,,,,,,,,,,,,,,,,,,,,,,,,,,,,,,,,"29.91","53","57","0.00",,,,"87","29.91","SCT:04 36 OVC:08 65","29.81","10.00","55","240",,"5",,,,,,,,,,,,,,,,,,,,,,,,,,,,,,,,,,,,,"MET11912/10/15 07:53:02 METAR KOAK 101553Z 24004KT 10SM SCT036 OVC065 14/12 A2991 RMK AO2 SLP128 RAE36DZB36E48 T01390117 (LM)","FM-15","7",,,,,,,,,,,,,,,,,,,,,,,,,,,
"72493023230","2015-12-10T08:53:00","FM-15","7",,,,,,,,,,,,,,,,,,,,,,,,,,,,,,,,,,,,,,,"29.94","52","57","0.00",,,,"83","29.93","SCT:04 30 BKN:07 36 BKN:07 100","29.84","10.00","54","210",,"5",,,,,,,,,,,,,,,,,,,,,,,,,,,,,,,,,,,,,"MET11212/10/15 08:53:02 METAR KOAK 101653Z 21004KT 10SM SCT030 BKN036 BKN100 14/11 A2994 RMK AO2 SLP137 T01390111 (LM)","FM-15","7",,,,,,,,,,,,,,,,,,,,,,,,,,,
"72493023230","2015-12-10T09:51:00","FM-16","6",,,,,,,,,,,,,,,,,,,,,,,,,,,,,,,,,,,,,,,"29.96","52","57",,,,,"82",,"BKN:07 27 BKN:07 30 OVC:08 65","29.86","10.00","54","240",,"8",,,,,,,,,,,,,,,,,,,,,,,,,,,,,,,,,,,,,"MET10012/10/15 09:51:02 SPECI KOAK 101751Z 24007KT 10SM BKN027 BKN030 OVC065 14/11 A2996 RMK AO2 FIBI (LM)","FM-16","6",,,,,,,,,,,,,,,,,,,,,,,,,,,
"72493023230","2015-12-10T09:53:00","FM-15","7",,,,,,,,,,,,,,,,,,,,,,,,,,,,,,,,,,,,,,,"29.96","51","58","0.00",,"-0.06","3","78","29.96","BKN:07 27 BKN:07 30 OVC:08 65","29.86","10.00","54","250",,"9",,,,,,,,,,,,,,,,,,,,,,,,,,,,,,,,,,,,,"MET13612/10/15 09:53:02 METAR KOAK 101753Z 25008KT 10SM BKN027 BKN030 OVC065 14/11 A2996 RMK AO2 SLP145 60012 T01440106 10156 20128 53019 (LM)","FM-15","7",,,,,,,,,,,,,,,,,,,,,,,,,,,
"72493023230","2015-12-10T10:45:00","FM-16","7",,,,,,,,,,,,,,,,,,,,,,,,,,,,,,,,,,,,,,,"29.96","50","57","T",,,,"78",,"SCT:04 27 BKN:07 30 OVC:08 70","29.86","10.00","53","250",,"10",,,,,,,,,,,,,,,,,,,,,,,,,,,,,,,,,,,,,"MET12012/10/15 10:45:02 SPECI KOAK 101845Z 25009KT 10SM SCT027 BKN030 OVC070 14/10 A2996 RMK AO2 RAB01E12 P0000 T01390100 (LM)","FM-16","7",,,,,,,,,,,,,,,,,,,,,,,,,,,
"72493023230","2015-12-10T10:53:00","FM-15","7",,,,,,,,,,,,,,,,,,,,,,,,,,,,,,,,,,,,,,,"29.96","51","58","T",,,,"78","29.96","SCT:04 33 BKN:07 42 BKN:07 70","29.86","10.00","54","240",,"11",,,,,,,,,,,,,,,,,,,,,,,,,,,,,,,,,,,,,"MET12712/10/15 10:53:02 METAR KOAK 101853Z 24010KT 10SM SCT033 BKN042 BKN070 14/11 A2996 RMK AO2 RAB01E12 SLP144 P0000 T01440106 (LM)","FM-15","7",,,,,,,,,,,,,,,,,,,,,,,,,,,
"72493023230","2015-12-10T11:53:00","FM-15","7",,,,,,,,,,,,,,,,,,,,,,,,,,,,,,,,,,,,,,,"29.94","51","60","0.00",,,,"72","29.94","SCT:04 29 BKN:07 39 BKN:07 160","29.84","10.00","55","250",,"14",,,,,,,,,,,,,,,,,,,,,,,,,,,,,,,,,,,,,"MET11212/10/15 11:53:02 METAR KOAK 101953Z 25012KT 10SM SCT029 BKN039 BKN160 16/11 A2994 RMK AO2 SLP138 T01560106 (LM)","FM-15","7",,,,,,,,,,,,,,,,,,,,,,,,,,,
"72493023230","2015-12-10T12:53:00","FM-15","7",,,,,,,,,,,,,,,,,,,,,,,,,,,,,,,,,,,,,,,"29.92","49","61","0.00",,"+0.03","8","65","29.92","FEW:02 31 SCT:04 160","29.83","10.00","55","260",,"16",,,,,,,,,,,,,,,,,,,,,,,,,,,,,,,,,,,,,"MET11712/10/15 12:53:02 METAR KOAK 102053Z 26014KT 10SM FEW031 SCT160 16/09 A2992 RMK AO2 SLP132 60000 T01610094 58011 (LM)","FM-15","7",,,,,,,,,,,,,,,,,,,,,,,,,,,
"72493023230","2015-12-10T13:53:00","FM-15","7",,,,,,,,,,,,,,,,,,,,,,,,,,,,,,,,,,,,,,,"29.91","49","61","0.00",,,,"65","29.91","SCT:04 32 BKN:07 180","29.81","10.00","55","250",,"15",,,,,,,,,,,,,,,,,,,,,,,,,,,,,,,,,,,,,"MET10512/10/15 13:53:02 METAR KOAK 102153Z 25013KT 10SM SCT032 BKN180 16/09 A2991 RMK AO2 SLP128 T01610094 (LM)","FM-15","7",,,,,,,,,,,,,,,,,,,,,,,,,,,
"72493023230","2015-12-10T14:53:00","FM-15","7",,,,,,,,,,,,,,,,,,,,,,,,,,,,,,,,,,,,,,,"29.90","47","59","0.00",,,,"64","29.89","BKN:07 30 BKN:07 180","29.80","10.00","53","250",,"15",,,,,,,,,,,,,,,,,,,,,,,,,,,,,,,,,,,,,"MET10512/10/15 14:53:02 METAR KOAK 102253Z 25013KT 10SM BKN030 BKN180 15/08 A2990 RMK AO2 SLP123 T01500083 (LM)","FM-15","7",,,,,,,,,,,,,,,,,,,,,,,,,,,
"72493023230","2015-12-10T15:53:00","FM-15","7",,,,,,,,,,,,,,,,,,,,,,,,,,,,,,,,,,,,,,,"29.89","48","58","0.00",,"+0.03","6","70","29.89","SCT:04 34 BKN:07 45 BKN:07 120","29.80","10.00","53","240",,"14",,,,,,,,,,,,,,,,,,,,,,,,,,,,,,,,,,,,,"MET13712/10/15 15:53:02 METAR KOAK 102353Z 24012KT 10SM SCT034 BKN045 BKN120 14/09 A2989 RMK AO2 SLP123 60000 T01440089 10161 20139 56009 (ALT)","FM-15","7",,,,,,,,,,,,,,,,,,,,,,,,,,,
"72493023230","2015-12-10T16:53:00","FM-15","7",,,,,,,,,,,,,,,,,,,,,,,,,,,,,,,,,,,,,,,"29.90","47","54","0.01",,,,"77","29.90","FEW:02 28 BKN:07 55 BKN:07 120","29.80","10.00","50","200",,"10",,,,,,,,,,,,,,,,,,,,,,,,,,,,,,,,,,,,,"MET14012/10/15 16:53:01 METAR KOAK 110053Z 20009KT 10SM FEW028 BKN055 BKN120 12/08 A2990 RMK AO2 PK WND 27034/0016 RAB15E43 SLP125 P0001 T01220083","FM-15","7",,,,,,,,,,,,,,,,,,,,,,,,,,,
"72493023230","2015-12-10T17:53:00","FM-15","7",,,,,,,,,,,,,,,,,,,,,,,,,,,,,,,,,,,,,,,"29.89","49","55","0.00",,,,"80","29.89","SCT:04 47 BKN:07 65 BKN:07 90","29.80","10.00","52","200",,"6",,,,,,,,,,,,,,,,,,,,,,,,,,,,,,,,,,,,,"MET10712/10/15 17:53:01 METAR KOAK 110153Z 20005KT 10SM SCT047 BKN065 BKN090 13/09 A2989 RMK AO2 SLP121 T01280094","FM-15","7",,,,,,,,,,,,,,,,,,,,,,,,,,,
"72493023230","2015-12-10T18:53:00","FM-15","7",,,,,,,,,,,,,,,,,,,,,,,,,,,,,,,,,,,,,,,"29.88","48","53","0.00",,"+0.01","8","83","29.88","SCT:04 33 SCT:04 60 OVC:08 100","29.78","10.00","50","130",,"8",,,,,,,,,,,,,,,,,,,,,,,,,,,,,,,,,,,,,"MET11912/10/15 18:53:01 METAR KOAK 110253Z 13007KT 10SM SCT033 SCT060 OVC100 12/09 A2988 RMK AO2 SLP119 60001 T01170089 58004","FM-15","7",,,,,,,,,,,,,,,,,,,,,,,,,,,
"72493023230","2015-12-10T19:53:00","FM-15","7",,,,,,,,,,,,,,,,,,,,,,,,,,,,,,,,,,,,,,,"29.87","48","55","0.01",,,,"77","29.87","BKN:07 35 BKN:07 60 OVC:08 90","29.78","10.00","51","000",,"0",,,,,,,,,,,,,,,,,,,,,,,,,,,,,,,,,,,,,"MET12212/10/15 19:53:02 METAR KOAK 110353Z 00000KT 10SM BKN035 BKN060 OVC090 13/09 A2987 RMK AO2 RAB32E47 SLP116 P0001 T01280089","FM-15","7",,,,,,,,,,,,,,,,,,,,,,,,,,,
"72493023230","2015-12-10T20:27:00","FM-16","7",,,,,,,,,,,,,,,,,,,,,,,,,,,,,,,,,,,,,,,"29.89","45","50","0.15","TS:7 +RA:02 |RA TS TS |",,,"83",,"BKN:07 19 OVC:08 25","29.80","1.75","48","310","36","15",,,,,,,,,,,,,,,,,,,,,,,,,,,,,,,,,,,,,"MET16612/10/15 20:27:02 SPECI KOAK 110427Z 31013G31KT 1 3/4SM +TSRA BKN019CB OVC025 10/07 A2989 RMK AO2 PK WND 27031/0422 RAB23 OCNL LTGICCC VC E TS E MOV E P0015 T01000072","FM-16","7",,,,,,,,,,,,,,,,,,,,,,,,,,,
"72493023230","2015-12-10T20:41:00","FM-16","7",,,,,,,,,,,,,,,,,,,,,,,,,,,,,,,,,,,,,,,"29.88","46","50","0.16","TS:7 -RA:02 |RA TS TS |",,,"86",,"SCT:04 19 OVC:08 25","29.78","10.00","48","320",,"5",,,,,,,,,,,,,,,,,,,,,,,,,,,,,,,,,,,,,"MET16612/10/15 20:41:02 SPECI KOAK 110441Z 32004KT 10SM -TSRA SCT019CB OVC025 10/08 A2988 RMK AO2 PK WND 27031/0422 RAB23 TSB28 OCNL LTGICCC VC E TS E MOV E P0016 T01000078","FM-16","7",,,,,,,,,,,,,,,,,,,,,,,,,,,
"72493023230","2015-12-10T20:51:00","FM-16","6",,,,,,,,,,,,,,,,,,,,,,,,,,,,,,,,,,,,,,,"29.88","46","52",,"TS:7 -RA:02 |RA TS |",,,"82",,"BKN:07 45 BKN:07 65 OVC:08 75","29.78","8.00","49","000",,"0",,,,,,,,,,,,,,,,,,,,,,,,,,,,,,,,,,,,,"MET17112/10/15 20:51:03 SPECI KOAK 110451Z 00000KT 8SM -TSRA BKN045 BKN065 OVC075 11/08 A2988 RMK AO2 PK WND 27031/0422 RAB23 TSB28 OCNL LTGICCC VC E TS E MOV E P0016 FIBI (ALT)","FM-16","6",,,,,,,,,,,,,,,,,,,,,,,,,,,
"72493023230","2015-12-10T20:53:00","FM-15","7",,,,,,,,,,,,,,,,,,,,,,,,,,,,,,,,,,,,,,,"29.88","47","50","0.16","TS:7 RA:02 |RA TS TS |",,,"89","29.87","FEW:02 19 BKN:07 55 OVC:08 70","29.78","7.00","48","000",,"0",,,,,,,,,,,,,,,,,,,,,,,,,,,,,,,,,,,,,"MET18512/10/15 20:53:02 METAR KOAK 110453Z 00000KT 7SM TSRA FEW019CB BKN055 OVC070 10/08 A2988 RMK AO2 PK WND 27031/0422 RAB23 TSB28 SLP116 OCNL LTGICCC DSNT E TS DSNT E MOV E P0016 T01000083","FM-15","7",,,,,,,,,,,,,,,,,,,,,,,,,,,
"72493023230","2015-12-10T21:26:00","FM-16","7",,,,,,,,,,,,,,,,,,,,,,,,,,,,,,,,,,,,,,,"29.88","47","50","T","-RA:02 |RA |",,,"89",,"FEW:02 45 OVC:08 60","29.78","10.00","48","110",,"6",,,,,,,,,,,,,,,,,,,,,,,,,,,,,,,,,,,,,"MET14512/10/15 21:26:02 SPECI KOAK 110526Z 11005KT 10SM -RA FEW045 OVC060 10/08 A2988 RMK AO2 TSE20 OCNL LTGICCC DSNT S CB DSNT S MOV E P0000 T01000083","FM-16","7",,,,,,,,,,,,,,,,,,,,,,,,,,,
"72493023230","2015-12-10T21:53:00","FM-15","7",,,,,,,,,,,,,,,,,,,,,,,,,,,,,,,,,,,,,,,"29.88","47","51","T",,"+0.01","5","86","29.88","FEW:02 33 BKN:07 60 OVC:08 80","29.78","10.00","49","130",,"3",,,,,,,,,,,,,,,,,,,,,,,,,,,,,,,,,,,,,"MET14912/10/15 21:53:02 METAR KOAK 110553Z 13003KT 10SM FEW033 BKN060 OVC080 11/08 A2988 RMK AO2 RAE39 TSE20 SLP117 P0000 60018 T01060083 10144 20100 55002","FM-15","7",,,,,,,,,,,,,,,,,,,,,,,,,,,
"72493023230","2015-12-10T22:53:00","FM-15","7",,,,,,,,,,,,,,,,,,,,,,,,,,,,,,,,,,,,,,,"29.87","47","50","T",,,,"89","29.86","SCT:04 30 BKN:07 50 BKN:07 90","29.78","10.00","48","130",,"6",,,,,,,,,,,,,,,,,,,,,,,,,,,,,,,,,,,,,"MET10712/10/15 22:53:02 METAR KOAK 110653Z 13005KT 10SM SCT030 BKN050 BKN090 10/08 A2987 RMK AO2 SLP113 T01000083","FM-15","7",,,,,,,,,,,,,,,,,,,,,,,,,,,
"72493023230","2015-12-10T23:10:00","FM-16","7",,,,,,,,,,,,,,,,,,,,,,,,,,,,,,,,,,,,,,,"29.87","48","50","T","-RA:02 |RA |",,,"93",,"SCT:04 23 BKN:07 28 OVC:08 55","29.78","8.00","49","010",,"3",,,,,,,,,,,,,,,,,,,,,,,,,,,,,,,,,,,,,"MET11712/10/15 23:10:02 SPECI KOAK 110710Z 01003KT 8SM -RA SCT023 BKN028 OVC055 10/09 A2987 RMK AO2 RAB0655 P0000 T01000089","FM-16","7",,,,,,,,,,,,,,,,,,,,,,,,,,,
"72493023230","2015-12-10T23:18:00","FM-16","7",,,,,,,,,,,,,,,,,,,,,,,,,,,,,,,,,,,,,,,"29.87","47","51","T","-RA:02 |RA |",,,"86",,"FEW:02 9 BKN:07 27 OVC:08 55","29.78","8.00","49","250",,"7",,,,,,,,,,,,,,,,,,,,,,,,,,,,,,,,,,,,,"MET11712/10/15 23:18:02 SPECI KOAK 110718Z 25006KT 8SM -RA FEW009 BKN027 OVC055 11/08 A2987 RMK AO2 RAB0655 P0000 T01060083","FM-16","7",,,,,,,,,,,,,,,,,,,,,,,,,,,
"72493023230","2015-12-10T23:29:00","FM-16","7",,,,,,,,,,,,,,,,,,,,,,,,,,,,,,,,,,,,,,,"29.87","48","51","T","-RA:02 |RA |",,,"89",,"SCT:04 22 BKN:07 55 OVC:08 85","29.78","8.00","49","000",,"0",,,,,,,,,,,,,,,,,,,,,,,,,,,,,,,,,,,,,"MET11712/10/15 23:29:02 SPECI KOAK 110729Z 00000KT 8SM -RA SCT022 BKN055 OVC085 11/09 A2987 RMK AO2 RAB0655 P0000 T01060089","FM-16","7",,,,,,,,,,,,,,,,,,,,,,,,,,,
"72493023230","2015-12-10T23:53:00","FM-15","7",,,,,,,,,,,,,,,,,,,,,,,,,,,,,,,,,,,,,,,"29.86","46","49","T",,,,"90","29.86","FEW:02 43 BKN:07 80","29.76","10.00","48","010",,"5",,,,,,,,,,,,,,,,,,,,,,,,,,,,,,,,,,,,,"MET12712/10/15 23:53:02 METAR KOAK 110753Z 01004KT 10SM FEW043 BKN080 09/08 A2986 RMK AO2 RAB0655E40 SLP111 P0000 T00940078 401670094","FM-15","7",,,,,,,,,,,,,,,,,,,,,,,,,,,
"72493023230","2015-12-10T23:59:00","SOD  ","6",,,,,,,,,,,,,,,,,,"56",,,"29.80",,"10.1","0","6.6","9","62","49","270","39","0.30","0","0.0","260","33","TS RA DZ BR",,,,,,,,,,,,,,,,,,,,,,,,,,,,,,,,,,,,,,,,,,,,,,,,,,,,,,,"SOD75524 HR PRECIPITATION (IN): 0.30 SNOW DEPTH (IN):0     24 HR SNOWFALL (IN):0.0  WEATHER(CODE):138  24 HR MAX TEMP (F): 6224 HR MIN TEMP (F): 49AVERAGE STATION PRESSURE:29.800 MINIMUM SEA LEVEL PRESSURE:29.85 TIME OF OCCURRENCE:2346 PEAK WIND SPEED (MPH): 39 PEAK WIND DIR (DEG):270 PEAK WIND TIME (LST):      FASTEST 2MIN SPEED (MPH): 33FASTEST 2MIN DIR (DEG):260 FASTEST 2MIN TIME (LST):     AVERAGE WIND SPEED (MPH):10.1 24 HR AVG TEMP (F): 56DEPART FROM NORMAL:  7  HEATING DEGREE DAYS:  9 COOLING DEGREE DAYS:  0 LATEST DAY MAX TEMP (0700-1900 LST):61  LATEST NIGHT MIN TEMP(1900-0800 LST):55 HOURLY INCREMENTAL PRECIPITATION VALUES (IN):    T    T    0.02 0.01 0.09 T    0.00 0.00 0.00 T    0.00 0.00 0.00 0.00 0.00 0.01 0.00 0.00 0.01 0.16 T    T    T","SOD  ","6",,,,,,,,,,,,,,,,,,,,,,,,,"0713","1650",
"72493023230","2015-12-11T00:53:00","FM-15","7",,,,,,,,,,,,,,,,,,,,,,,,,,,,,,,,,,,,,,,"29.83","46","50","0.00",,"+0.05","8","86","29.83","FEW:02 70 BKN:07 120","29.73","10.00","48","120",,"6",,,,,,,,,,,,,,,,,,,,,,,,,,,,,,,,,,,,,"MET11712/11/15 00:53:02 METAR KOAK 110853Z 12005KT 10SM FEW070 BKN120 10/08 A2983 RMK AO2 SLP101 60000 T01000078 58016 (DB)","FM-15","7",,,,,,,,,,,,,,,,,,,,,,,,,,,
"72493023230","2015-12-11T01:53:00","FM-15","7",,,,,,,,,,,,,,,,,,,,,,,,,,,,,,,,,,,,,,,"29.83","47","52","0.00",,,,"83","29.83","BKN:07 60 OVC:08 80","29.73","10.00","49","190",,"6",,,,,,,,,,,,,,,,,,,,,,,,,,,,,,,,,,,,,"MET10512/11/15 01:53:02 METAR KOAK 110953Z 19005KT 10SM BKN060 OVC080 11/08 A2983 RMK AO2 SLP102 T01110083 (DB)","FM-15","7",,,,,,,,,,,,,,,,,,,,,,,,,,,
"72493023230","2015-12-11T02:15:00","FM-16","7",,,,,,,,,,,,,,,,,,,,,,,,,,,,,,,,,,,,,,,"29.86","41","47","0.03","+RA:02 SQ:2 |SQ RA |",,,"80",,"FEW:02 25 BKN:07 45 OVC:08 80","29.76","4.00","44","290","36","20",,,,,,,,,,,,,,,,,,,,,,,,,,,,,,,,,,,,,"MET15512/11/15 02:15:02 SPECI KOAK 111015Z 29017G31KT 4SM +RA SQ FEW025 BKN045 OVC080 08/05 A2986 RMK AO2 PK WND 28031/1008 WSHFT 1002 FROPA P0003 T00830050 (DB)","FM-16","7",,,,,,,,,,,,,,,,,,,,,,,,,,,
"72493023230","2015-12-11T02:27:00","FM-16","7",,,,,,,,,,,,,,,,,,,,,,,,,,,,,,,,,,,,,,,"29.85","42","47","0.03","-RA:02 |RA |",,,"83",,"FEW:02 26 OVC:08 47","29.75","9.00","45","340",,"10",,,,,,,,,,,,,,,,,,,,,,,,,,,,,,,,,,,,,"MET16012/11/15 02:27:02 SPECI KOAK 111027Z 34009KT 9SM -RA FEW026 OVC047 08/06 A2985 RMK AO2 LTG DSNT S AND SW WSHFT 1007 FROPA PK WND 28031/1008 P0003 T00830056 (DB)","FM-16","7",,,,,,,,,,,,,,,,,,,,,,,,,,,
"72493023230","2015-12-11T02:53:00","FM-15","7",,,,,,,,,,,,,,,,,,,,,,,,,,,,,,,,,,,,,,,"29.82","42","46","0.03",,,,"86","29.82","OVC:08 55","29.72","10.00","44","050",,"7",,,,,,,,,,,,,,,,,,,,,,,,,,,,,,,,,,,,,"MET14812/11/15 02:53:02 METAR KOAK 111053Z 05006KT 10SM OVC055 08/06 A2982 RMK AO2 SLP098 WSHFT 1007 FROPA PK WND 28031/1008 RAB08E48 P0003 T00780056 (DB)","FM-15","7",,,,,,,,,,,,,,,,,,,,,,,,,,,
"72493023230","2015-12-11T03:53:00","FM-15","7",,,,,,,,,,,,,,,,,,,,,,,,,,,,,,,,,,,,,,,"29.83","43","47","0.00",,"+0.01","5","86","29.82","BKN:07 50 BKN:07 110","29.73","10.00","45","150",,"9",,,,,,,,,,,,,,,,,,,,,,,,,,,,,,,,,,,,,"MET13512/11/15 03:53:02 METAR KOAK 111153Z 15008KT 10SM BKN050 BKN110 08/06 A2983 RMK AO2 SLP099 60003 70033 T00830061 10111 20072 55002 (DB)","FM-15","7",,,,,,,,,,,,,,,,,,,,,,,,,,,
"72493023230","2015-12-11T04:53:00","FM-15","7",,,,,,,,,,,,,,,,,,,,,,,,,,,,,,,,,,,,,,,"29.82","43","46","0.03",,,,"89","29.82","SCT:04 65 SCT:04 90","29.72","10.00","45","150",,"7",,,,,,,,,,,,,,,,,,,,,,,,,,,,,,,,,,,,,"MET11612/11/15 04:53:02 METAR KOAK 111253Z 15006KT 10SM SCT065 SCT090 08/06 A2982 RMK AO2 RAB15E50 SLP097 T00780061 $ (DB)","FM-15","7",,,,,,,,,,,,,,,,,,,,,,,,,,,
"72493023230","2015-12-11T05:53:00","FM-15","7",,,,,,,,,,,,,,,,,,,,,,,,,,,,,,,,,,,,,,,"29.83","41","43","0.00",,,,"93","29.83","FEW:02 65","29.73","10.00","42","060",,"6",,,,,,,,,,,,,,,,,,,,,,,,,,,,,,,,,,,,,"MET10012/11/15 05:53:02 METAR KOAK 111353Z 06005KT 10SM FEW065 06/05 A2983 RMK AO2 SLP101 T00610050 $ (DB)","FM-15","7",,,,,,,,,,,,,,,,,,,,,,,,,,,
"72493023230","2015-12-11T06:53:00","FM-15","7",,,,,,,,,,,,,,,,,,,,,,,,,,,,,,,,,,,,,,,"29.86","43","46","T","-RA:02 BR:1 |RA |","-0.03","3","89","29.85","BKN:07 46 OVC:08 55","29.76","6.00","45","000",,"0",,,,,,,,,,,,,,,,,,,,,,,,,,,,,,,,,,,,,"MET13712/11/15 06:53:02 METAR KOAK 111453Z 00000KT 6SM -RA BR BKN046 OVC055 08/06 A2986 RMK AO2 RAB30 SLP109 P0000 6//// T00780061 53009 $ (DB)","FM-15","7",,,,,,,,,,,,,,,,,,,,,,,,,,,
"72493023230","2015-12-11T07:53:00","FM-15","7",,,,,,,,,,,,,,,,,,,,,,,,,,,,,,,,,,,,,,,"29.87","42","45","T",,,,"90","29.86","BKN:07 50 BKN:07 80","29.78","10.00","44","000",,"0",,,,,,,,,,,,,,,,,,,,,,,,,,,,,,,,,,,,,"MET13012/11/15 07:53:02 METAR KOAK 111553Z 00000KT 10SM BKN050CB BKN080 07/06 A2987 RMK AO2 RAE25 SLP113 CB W MOV E P0000 T00720056 (LM)","FM-15","7",,,,,,,,,,,,,,,,,,,,,,,,,,,
"72493023230","2015-12-11T08:53:00","FM-15","7",,,,,,,,,,,,,,,,,,,,,,,,,,,,,,,,,,,,,,,"29.88","46","52","0.00",,,,"80","29.88","FEW:02 15 FEW:02 50","29.78","10.00","49","200",,"8",,,,,,,,,,,,,,,,,,,,,,,,,,,,,,,,,,,,,"MET10512/11/15 08:53:02 METAR KOAK 111653Z 20007KT 10SM FEW015 FEW050 11/08 A2988 RMK AO2 SLP119 T01110078 (LM)","FM-15","7",,,,,,,,,,,,,,,,,,,,,,,,,,,
"72493023230","2015-12-11T09:53:00","FM-15","7",,,,,,,,,,,,,,,,,,,,,,,,,,,,,,,,,,,,,,,"29.91","45","53","0.00",,"-0.06","3","74","29.91","FEW:02 15 FEW:02 50","29.81","10.00","49","250",,"5",,,,,,,,,,,,,,,,,,,,,,,,,,,,,,,,,,,,,"MET12912/11/15 09:53:02 METAR KOAK 111753Z 25004KT 10SM FEW015 FEW050 12/07 A2991 RMK AO2 SLP129 6//// T01170072 10117 20061 53020 (LM)","FM-15","7",,,,,,,,,,,,,,,,,,,,,,,,,,,
"72493023230","2015-12-11T10:53:00","FM-15","7",,,,,,,,,,,,,,,,,,,,,,,,,,,,,,,,,,,,,,,"29.93","43","55","0.00",,,,"64","29.92","FEW:02 15 FEW:02 50","29.83","10.00","49","300",,"8",,,,,,,,,,,,,,,,,,,,,,,,,,,,,,,,,,,,,"MET10512/11/15 10:53:02 METAR KOAK 111853Z 30007KT 10SM FEW015 FEW050 13/06 A2993 RMK AO2 SLP133 T01280061 (LM)","FM-15","7",,,,,,,,,,,,,,,,,,,,,,,,,,,
"72493023230","2015-12-11T11:51:00","FM-16","6",,,,,,,,,,,,,,,,,,,,,,,,,,,,,,,,,,,,,,,"29.92","45","57",,,,,"63",,"BKN:07 20","29.83","10.00","51","310",,"8",,,,,,,,,,,,,,,,,,,,,,,,,,,,,,,,,,,,,"MET08612/11/15 11:51:02 SPECI KOAK 111951Z 31007KT 10SM BKN020 14/07 A2992 RMK AO2 FIBI (LM)","FM-16","6",,,,,,,,,,,,,,,,,,,,,,,,,,,
"72493023230","2015-12-11T11:53:00","FM-15","7",,,,,,,,,,,,,,,,,,,,,,,,,,,,,,,,,,,,,,,"29.92","44","57","0.00",,,,"62","29.92","SCT:04 18 SCT:04 25","29.83","10.00","50","300",,"7",,,,,,,,,,,,,,,,,,,,,,,,,,,,,,,,,,,,,"MET10512/11/15 11:53:02 METAR KOAK 111953Z 30006KT 10SM SCT018 SCT025 14/07 A2992 RMK AO2 SLP132 T01390067 (LM)","FM-15","7",,,,,,,,,,,,,,,,,,,,,,,,,,,
"72493023230","2015-12-11T12:53:00","FM-15","7",,,,,,,,,,,,,,,,,,,,,,,,,,,,,,,,,,,,,,,"29.92","43","58","0.00",,"-0.00","0","58","29.92","FEW:02 18 FEW:02 25","29.83","10.00","50","290",,"8",,,,,,,,,,,,,,,,,,,,,,,,,,,,,,,,,,,,,"MET11112/11/15 12:53:02 METAR KOAK 112053Z 29007KT 10SM FEW018 FEW025 14/06 A2992 RMK AO2 SLP131 T01440061 50001 (LM)","FM-15","7",,,,,,,,,,,,,,,,,,,,,,,,,,,
"72493023230","2015-12-11T13:53:00","FM-15","7",,,,,,,,,,,,,,,,,,,,,,,,,,,,,,,,,,,,,,,"29.92","44","57","0.00",,,,"62","29.92","FEW:02 18 FEW:02 160","29.83","10.00","50","270",,"13",,,,,,,,,,,,,,,,,,,,,,,,,,,,,,,,,,,,,"MET10512/11/15 13:53:02 METAR KOAK 112153Z 27011KT 10SM FEW018 FEW160 14/07 A2992 RMK AO2 SLP132 T01390067 (LM)","FM-15","7",,,,,,,,,,,,,,,,,,,,,,,,,,,
"72493023230","2015-12-11T14:53:00","FM-15","7",,,,,,,,,,,,,,,,,,,,,,,,,,,,,,,,,,,,,,,"29.93","44","57","0.00",,,,"62","29.92","FEW:02 18 FEW:02 160","29.83","10.00","50","280",,"11",,,,,,,,,,,,,,,,,,,,,,,,,,,,,,,,,,,,,"MET10512/11/15 14:53:02 METAR KOAK 112253Z 28010KT 10SM FEW018 FEW160 14/07 A2993 RMK AO2 SLP133 T01390067 (LM)","FM-15","7",,,,,,,,,,,,,,,,,,,,,,,,,,,
"72493023230","2015-12-11T15:53:00","FM-15","7",,,,,,,,,,,,,,,,,,,,,,,,,,,,,,,,,,,,,,,"29.93","44","56","0.00",,"-0.02","3","65","29.93","FEW:02 18 SCT:04 47 BKN:07 160","29.83","10.00","50","280",,"15",,,,,,,,,,,,,,,,,,,,,,,,,,,,,,,,,,,,,"MET13112/11/15 15:53:02 METAR KOAK 112353Z 28013KT 10SM FEW018 SCT047 BKN160 13/07 A2993 RMK AO2 SLP136 T01330067 10144 20117 53006 (ALT)","FM-15","7",,,,,,,,,,,,,,,,,,,,,,,,,,,
"72493023230","2015-12-11T16:53:00","FM-15","7",,,,,,,,,,,,,,,,,,,,,,,,,,,,,,,,,,,,,,,"29.95","45","55","0.00",,,,"69","29.95","FEW:02 43 SCT:04 55 BKN:07 150","29.85","10.00","50","280",,"15",,,,,,,,,,,,,,,,,,,,,,,,,,,,,,,,,,,,,"MET10712/11/15 16:53:01 METAR KOAK 120053Z 28013KT 10SM FEW043 SCT055 BKN150 13/07 A2995 RMK AO2 SLP142 T01280072","FM-15","7",,,,,,,,,,,,,,,,,,,,,,,,,,,
"72493023230","2015-12-11T17:53:00","FM-15","7",,,,,,,,,,,,,,,,,,,,,,,,,,,,,,,,,,,,,,,"29.97","46","53","0.00",,,,"77","29.97","FEW:02 40 FEW:02 55 SCT:04 150","29.88","10.00","49","280",,"14",,,,,,,,,,,,,,,,,,,,,,,,,,,,,,,,,,,,,"MET10712/11/15 17:53:01 METAR KOAK 120153Z 28012KT 10SM FEW040 FEW055 SCT150 12/08 A2997 RMK AO2 SLP148 T01170078","FM-15","7",,,,,,,,,,,,,,,,,,,,,,,,,,,
"72493023230","2015-12-11T18:53:00","FM-15","7",,,,,,,,,,,,,,,,,,,,,,,,,,,,,,,,,,,,,,,"29.98","45","53","0.00",,"-0.05","1","74","29.98","FEW:02 45 FEW:02 150","29.88","10.00","49","290",,"10",,,,,,,,,,,,,,,,,,,,,,,,,,,,,,,,,,,,,"MET10612/11/15 18:53:01 METAR KOAK 120253Z 29009KT 10SM FEW045 FEW150 12/07 A2998 RMK AO2 SLP152 T01170072 51016","FM-15","7",,,,,,,,,,,,,,,,,,,,,,,,,,,
"72493023230","2015-12-11T19:53:00","FM-15","7",,,,,,,,,,,,,,,,,,,,,,,,,,,,,,,,,,,,,,,"30.00","45","53","0.00",,,,"74","30.00","FEW:02 45 FEW:02 150","29.91","10.00","49","300",,"10",,,,,,,,,,,,,,,,,,,,,,,,,,,,,,,,,,,,,"MET10012/11/15 19:53:01 METAR KOAK 120353Z 30009KT 10SM FEW045 FEW150 12/07 A3000 RMK AO2 SLP158 T01170072","FM-15","7",,,,,,,,,,,,,,,,,,,,,,,,,,,
"72493023230","2015-12-11T20:53:00","FM-15","7",,,,,,,,,,,,,,,,,,,,,,,,,,,,,,,,,,,,,,,"30.01","44","52","0.00",,,,"75","30.00","FEW:02 200","29.91","10.00","48","290",,"13",,,,,,,,,,,,,,,,,,,,,,,,,,,,,,,,,,,,,"MET09312/11/15 20:53:02 METAR KOAK 120453Z 29011KT 10SM FEW200 11/07 A3001 RMK AO2 SLP160 T01110067","FM-15","7",,,,,,,,,,,,,,,,,,,,,,,,,,,
"72493023230","2015-12-11T21:53:00","FM-15","7",,,,,,,,,,,,,,,,,,,,,,,,,,,,,,,,,,,,,,,"30.03","41","52","0.00",,"-0.04","3","66","30.03","FEW:02 200","29.93","10.00","47","320",,"10",,,,,,,,,,,,,,,,,,,,,,,,,,,,,,,,,,,,,"MET11112/11/15 21:53:02 METAR KOAK 120553Z 32009KT 10SM FEW200 11/05 A3003 RMK AO2 SLP168 T01110050 10139 20106 53015","FM-15","7",,,,,,,,,,,,,,,,,,,,,,,,,,,
"72493023230","2015-12-11T22:53:00","FM-15","7",,,,,,,,,,,,,,,,,,,,,,,,,,,,,,,,,,,,,,,"30.04","40","50","0.00",,,,"68","30.03","FEW:02 200","29.94","10.00","45","330",,"6",,,,,,,,,,,,,,,,,,,,,,,,,,,,,,,,,,,,,"MET09312/11/15 22:53:02 METAR KOAK 120653Z 33005KT 10SM FEW200 10/04 A3004 RMK AO2 SLP171 T01000044","FM-15","7",,,,,,,,,,,,,,,,,,,,,,,,,,,
"72493023230","2015-12-11T23:53:00","FM-15","7",,,,,,,,,,,,,,,,,,,,,,,,,,,,,,,,,,,,,,,"30.05","41","49","0.00",,,,"74","30.04","FEW:02 200","29.96","10.00","45","320",,"6",,,,,,,,,,,,,,,,,,,,,,,,,,,,,,,,,,,,,"MET10312/11/15 23:53:02 METAR KOAK 120753Z 32005KT 10SM FEW200 09/05 A3005 RMK AO2 SLP174 T00940050 401440061","FM-15","7",,,,,,,,,,,,,,,,,,,,,,,,,,,
"72493023230","2015-12-11T23:59:00","SOD  ","6",,,,,,,,,,,,,,,,,,"51",,,"29.83",,"8.3","0","1.8","14","58","43","280","36","0.18","0",,"280","29","RA BR",,,,,,,,,,,,,,,,,,,,,,,,,,,,,,,,,,,,,,,,,,,,,,,,,,,,,,,"SOD73124 HR PRECIPITATION (IN): 0.18 SNOW DEPTH (IN):0    WEATHER(CODE):13  24 HR MAX TEMP (F): 5824 HR MIN TEMP (F): 43AVERAGE STATION PRESSURE:29.825 MINIMUM SEA LEVEL PRESSURE:29.82 TIME OF OCCURRENCE:0547 PEAK WIND SPEED (MPH): 36 PEAK WIND DIR (DEG):280 PEAK WIND TIME (LST):      FASTEST 2MIN SPEED (MPH): 29FASTEST 2MIN DIR (DEG):280 FASTEST 2MIN TIME (LST):     AVERAGE WIND SPEED (MPH): 8.3 24 HR AVG TEMP (F): 51DEPART FROM NORMAL:  2  HEATING DEGREE DAYS: 14 COOLING DEGREE DAYS:  0 LATEST DAY MAX TEMP (0700-1900 LST):58  LATEST NIGHT MIN TEMP(1900-0800 LST):43 HOURLY INCREMENTAL PRECIPITATION VALUES (IN):.00 0.00 0.03 0.00 0.03 0.00 T    T    0.00 0.00 0.00 0.00 0.00 0.00 0.00 0.00 0.00 0.00 0.00 0.00 0.00 0.00 0.00 0.00","SOD  ","6",,,,,,,,,,,,,,,,,,,,,,,,,"0714","1650",
"72493023230","2015-12-12T00:53:00","FM-15","7",,,,,,,,,,,,,,,,,,,,,,,,,,,,,,,,,,,,,,,"30.05","40","48","0.00",,"-0.02","1","74","30.05","CLR:00","29.96","10.00","44","340",,"3",,,,,,,,,,,,,,,,,,,,,,,,,,,,,,,,,,,,,"MET10212/12/15 00:53:02 METAR KOAK 120853Z 34003KT 10SM CLR 09/04 A3005 RMK AO2 SLP176 T00890044 51008 (NAB)","FM-15","7",,,,,,,,,,,,,,,,,,,,,,,,,,,
"72493023230","2015-12-12T01:53:00","FM-15","7",,,,,,,,,,,,,,,,,,,,,,,,,,,,,,,,,,,,,,,"30.07","39","45","0.00",,,,"80","30.07","FEW:02 180","29.97","10.00","42","060",,"5",,,,,,,,,,,,,,,,,,,,,,,,,,,,,,,,,,,,,"MET09912/12/15 01:53:02 METAR KOAK 120953Z 06004KT 10SM FEW180 07/04 A3007 RMK AO2 SLP182 T00720039 (NAB)","FM-15","7",,,,,,,,,,,,,,,,,,,,,,,,,,,
"72493023230","2015-12-12T02:53:00","FM-15","7",,,,,,,,,,,,,,,,,,,,,,,,,,,,,,,,,,,,,,,"30.08","38","44","0.00",,,,"79","30.07","FEW:02 180","29.98","10.00","41","000",,"0",,,,,,,,,,,,,,,,,,,,,,,,,,,,,,,,,,,,,"MET09912/12/15 02:53:02 METAR KOAK 121053Z 00000KT 10SM FEW180 07/03 A3008 RMK AO2 SLP184 T00670033 (NAB)","FM-15","7",,,,,,,,,,,,,,,,,,,,,,,,,,,
"72493023230","2015-12-12T03:53:00","FM-15","7",,,,,,,,,,,,,,,,,,,,,,,,,,,,,,,,,,,,,,,"30.08","37","42","0.00",,"-0.02","1","82","30.07","FEW:02 180","29.98","10.00","40","000",,"0",,,,,,,,,,,,,,,,,,,,,,,,,,,,,,,,,,,,,"MET12312/12/15 03:53:02 METAR KOAK 121153Z 00000KT 10SM FEW180 06/03 A3008 RMK AO2 SLP184 7//// T00560028 10111 20050 51008 (NAB)","FM-15","7",,,,,,,,,,,,,,,,,,,,,,,,,,,
"72493023230","2015-12-12T04:53:00","FM-15","7",,,,,,,,,,,,,,,,,,,,,,,,,,,,,,,,,,,,,,,"30.09","38","42","0.00",,,,"85","30.09","FEW:02 180","29.99","10.00","40","000",,"0",,,,,,,,,,,,,,,,,,,,,,,,,,,,,,,,,,,,,"MET09912/12/15 04:53:02 METAR KOAK 121253Z 00000KT 10SM FEW180 06/03 A3009 RMK AO2 SLP188 T00560033 (NAB)","FM-15","7",,,,,,,,,,,,,,,,,,,,,,,,,,,
"72493023230","2015-12-12T05:53:00","FM-15","7",,,,,,,,,,,,,,,,,,,,,,,,,,,,,,,,,,,,,,,"30.10","38","42","0.00",,,,"85","30.10","FEW:02 180","30.00","10.00","40","120",,"5",,,,,,,,,,,,,,,,,,,,,,,,,,,,,,,,,,,,,"MET09912/12/15 05:53:02 METAR KOAK 121353Z 12004KT 10SM FEW180 06/03 A3010 RMK AO2 SLP193 T00560033 (NAB)","FM-15","7",,,,,,,,,,,,,,,,,,,,,,,,,,,
"72493023230","2015-12-12T06:53:00","FM-15","7",,,,,,,,,,,,,,,,,,,,,,,,,,,,,,,,,,,,,,,"30.13","37","41","0.00",,"-0.05","3","86","30.12","FEW:02 180","30.03","10.00","39","000",,"0",,,,,,,,,,,,,,,,,,,,,,,,,,,,,,,,,,,,,"MET10512/12/15 06:53:02 METAR KOAK 121453Z 00000KT 10SM FEW180 05/03 A3013 RMK AO2 SLP200 T00500028 53017 (NAB)","FM-15","7",,,,,,,,,,,,,,,,,,,,,,,,,,,
"72493023230","2015-12-12T07:53:00","FM-15","7",,,,,,,,,,,,,,,,,,,,,,,,,,,,,,,,,,,,,,,"30.15","38","42","0.00",,,,"85","30.14","SCT:04 180","30.05","10.00","40","040",,"5",,,,,,,,,,,,,,,,,,,,,,,,,,,,,,,,,,,,,"MET09912/12/15 07:53:02 METAR KOAK 121553Z 04004KT 10SM SCT180 06/03 A3015 RMK AO2 SLP207 T00560033 (DPB)","FM-15","7",,,,,,,,,,,,,,,,,,,,,,,,,,,
"72493023230","2015-12-12T08:53:00","FM-15","7",,,,,,,,,,,,,,,,,,,,,,,,,,,,,,,,,,,,,,,"30.16","43","48","0.00",,,,"83","30.15","BKN:07 180","30.06","10.00","46","000",,"0",,,,,,,,,,,,,,,,,,,,,,,,,,,,,,,,,,,,,"MET09912/12/15 08:53:02 METAR KOAK 121653Z 00000KT 10SM BKN180 09/06 A3016 RMK AO2 SLP210 T00890061 (DPB)","FM-15","7",,,,,,,,,,,,,,,,,,,,,,,,,,,
"72493023230","2015-12-12T09:53:00","FM-15","7",,,,,,,,,,,,,,,,,,,,,,,,,,,,,,,,,,,,,,,"30.18","42","52","0.00",,"-0.05","3","69","30.18","BKN:07 180","30.08","10.00","47","000",,"0",,,,,,,,,,,,,,,,,,,,,,,,,,,,,,,,,,,,,"MET11712/12/15 09:53:02 METAR KOAK 121753Z 00000KT 10SM BKN180 11/06 A3018 RMK AO2 SLP219 T01110056 10111 20039 53018 (DPB)","FM-15","7",,,,,,,,,,,,,,,,,,,,,,,,,,,
"72493023230","2015-12-12T10:53:00","FM-15","7",,,,,,,,,,,,,,,,,,,,,,,,,,,,,,,,,,,,,,,"30.18","43","52","0.00",,,,"72","30.18","FEW:02 120 BKN:07 180","30.08","10.00","48","180",,"6",,,,,,,,,,,,,,,,,,,,,,,,,,,,,,,,,,,,,"MET10612/12/15 10:53:02 METAR KOAK 121853Z 18005KT 10SM FEW120 BKN180 11/06 A3018 RMK AO2 SLP220 T01110061 (DPB)","FM-15","7",,,,,,,,,,,,,,,,,,,,,,,,,,,
"72493023230","2015-12-12T11:53:00","FM-15","7",,,,,,,,,,,,,,,,,,,,,,,,,,,,,,,,,,,,,,,"30.18","44","54","0.00",,,,"69","30.18","BKN:07 110 BKN:07 180","30.08","10.00","49","200",,"5",,,,,,,,,,,,,,,,,,,,,,,,,,,,,,,,,,,,,"MET10612/12/15 11:53:02 METAR KOAK 121953Z 20004KT 10SM BKN110 BKN180 12/07 A3018 RMK AO2 SLP220 T01220067 (DPB)","FM-15","7",,,,,,,,,,,,,,,,,,,,,,,,,,,
"72493023230","2015-12-12T12:53:00","FM-15","7",,,,,,,,,,,,,,,,,,,,,,,,,,,,,,,,,,,,,,,"30.18","42","55","0.00",,"-0.00","0","62","30.18","FEW:02 20 BKN:07 110 BKN:07 160","30.08","10.00","49","250",,"7",,,,,,,,,,,,,,,,,,,,,,,,,,,,,,,,,,,,,"MET11912/12/15 12:53:02 METAR KOAK 122053Z 25006KT 10SM FEW020 BKN110 BKN160 13/06 A3018 RMK AO2 SLP219 T01280056 50000 (DPB)","FM-15","7",,,,,,,,,,,,,,,,,,,,,,,,,,,
"72493023230","2015-12-12T13:53:00","FM-15","7",,,,,,,,,,,,,,,,,,,,,,,,,,,,,,,,,,,,,,,"30.16","41","56","0.00",,,,"57","30.16","FEW:02 20 BKN:07 85 BKN:07 200","30.06","10.00","49","230",,"3",,,,,,,,,,,,,,,,,,,,,,,,,,,,,,,,,,,,,"MET11312/12/15 13:53:02 METAR KOAK 122153Z 23003KT 10SM FEW020 BKN085 BKN200 13/05 A3016 RMK AO2 SLP213 T01330050 (DPB)","FM-15","7",,,,,,,,,,,,,,,,,,,,,,,,,,,
"72493023230","2015-12-12T14:53:00","FM-15","7",,,,,,,,,,,,,,,,,,,,,,,,,,,,,,,,,,,,,,,"30.17","40","56","0.00",,,,"55","30.16","FEW:02 20 BKN:07 90 BKN:07 180","30.07","10.00","48","220",,"5",,,,,,,,,,,,,,,,,,,,,,,,,,,,,,,,,,,,,"MET11312/12/15 14:53:02 METAR KOAK 122253Z 22004KT 10SM FEW020 BKN090 BKN180 13/04 A3017 RMK AO2 SLP214 T01330044 (DPB)","FM-15","7",,,,,,,,,,,,,,,,,,,,,,,,,,,
"72493023230","2015-12-12T15:53:00","FM-15","7",,,,,,,,,,,,,,,,,,,,,,,,,,,,,,,,,,,,,,,"30.18","43","56","0.00",,"+0.00","5","62","30.17","FEW:02 20 BKN:07 75 BKN:07 150","30.08","10.00","50","200",,"7",,,,,,,,,,,,,,,,,,,,,,,,,,,,,,,,,,,,,"MET13112/12/15 15:53:02 METAR KOAK 122353Z 20006KT 10SM FEW020 BKN075 BKN150 13/06 A3018 RMK AO2 SLP218 T01330061 10139 20106 55001 (ALT)","FM-15","7",,,,,,,,,,,,,,,,,,,,,,,,,,,
"72493023230","2015-12-12T16:53:00","FM-15","7",,,,,,,,,,,,,,,,,,,,,,,,,,,,,,,,,,,,,,,"30.19","46","55","0.00",,,,"72","30.19","SCT:04 49 BKN:07 60 OVC:08 80","30.09","10.00","50","210",,"6",,,,,,,,,,,,,,,,,,,,,,,,,,,,,,,,,,,,,"MET10712/12/15 16:53:01 METAR KOAK 130053Z 21005KT 10SM SCT049 BKN060 OVC080 13/08 A3019 RMK AO2 SLP222 T01280078","FM-15","7",,,,,,,,,,,,,,,,,,,,,,,,,,,
"72493023230","2015-12-12T17:53:00","FM-15","7",,,,,,,,,,,,,,,,,,,,,,,,,,,,,,,,,,,,,,,"30.19","47","56","0.00",,,,"72","30.19","SCT:04 50 BKN:07 60 OVC:08 80","30.09","10.00","51","260",,"7",,,,,,,,,,,,,,,,,,,,,,,,,,,,,,,,,,,,,"MET10712/12/15 17:53:01 METAR KOAK 130153Z 26006KT 10SM SCT050 BKN060 OVC080 13/08 A3019 RMK AO2 SLP222 T01330083","FM-15","7",,,,,,,,,,,,,,,,,,,,,,,,,,,
"72493023230","2015-12-12T18:53:00","FM-15","7",,,,,,,,,,,,,,,,,,,,,,,,,,,,,,,,,,,,,,,"30.18","47","55","0.00",,"-0.01","0","74","30.18","FEW:02 45 BKN:07 55 OVC:08 80","30.08","10.00","51","240",,"8",,,,,,,,,,,,,,,,,,,,,,,,,,,,,,,,,,,,,"MET11312/12/15 18:53:01 METAR KOAK 130253Z 24007KT 10SM FEW045 BKN055 OVC080 13/08 A3018 RMK AO2 SLP220 T01280083 50002","FM-15","7",,,,,,,,,,,,,,,,,,,,,,,,,,,
"72493023230","2015-12-12T19:53:00","FM-15","7",,,,,,,,,,,,,,,,,,,,,,,,,,,,,,,,,,,,,,,"30.19","48","55","0.00",,,,"77","30.19","SCT:04 37 BKN:07 55 OVC:08 70","30.09","10.00","51","180",,"6",,,,,,,,,,,,,,,,,,,,,,,,,,,,,,,,,,,,,"MET10712/12/15 19:53:02 METAR KOAK 130353Z 18005KT 10SM SCT037 BKN055 OVC070 13/09 A3019 RMK AO2 SLP222 T01280089","FM-15","7",,,,,,,,,,,,,,,,,,,,,,,,,,,
"72493023230","2015-12-12T20:53:00","FM-15","7",,,,,,,,,,,,,,,,,,,,,,,,,,,,,,,,,,,,,,,"30.18","49","55","0.00",,,,"80","30.18","SCT:04 28 OVC:08 34","30.08","10.00","52","140",,"8",,,,,,,,,,,,,,,,,,,,,,,,,,,,,,,,,,,,,"MET10012/12/15 20:53:02 METAR KOAK 130453Z 14007KT 10SM SCT028 OVC034 13/09 A3018 RMK AO2 SLP221 T01280094","FM-15","7",,,,,,,,,,,,,,,,,,,,,,,,,,,
"72493023230","2015-12-12T21:53:00","FM-15","7",,,,,,,,,,,,,,,,,,,,,,,,,,,,,,,,,,,,,,,"30.18","49","55","0.00",,"-0.00","1","80","30.18","OVC:08 27","30.08","10.00","52","150",,"8",,,,,,,,,,,,,,,,,,,,,,,,,,,,,,,,,,,,,"MET11112/12/15 21:53:02 METAR KOAK 130553Z 15007KT 10SM OVC027 13/09 A3018 RMK AO2 SLP221 T01280094 10133 20122 51000","FM-15","7",,,,,,,,,,,,,,,,,,,,,,,,,,,
"72493023230","2015-12-12T22:51:00","FM-16","6",,,,,,,,,,,,,,,,,,,,,,,,,,,,,,,,,,,,,,,"30.18","48","55",,,,,"77",,"SCT:04 27 OVC:08 30","30.08","10.00","51","160",,"11",,,,,,,,,,,,,,,,,,,,,,,,,,,,,,,,,,,,,"MET09412/12/15 22:51:03 SPECI KOAK 130651Z 16010KT 10SM SCT027 OVC030 13/09 A3018 RMK AO2 FIBI (ALT)","FM-16","6",,,,,,,,,,,,,,,,,,,,,,,,,,,
"72493023230","2015-12-12T22:53:00","FM-15","7",,,,,,,,,,,,,,,,,,,,,,,,,,,,,,,,,,,,,,,"30.18","48","55","0.00",,,,"77","30.17","SCT:04 27 OVC:08 30","30.08","10.00","51","160",,"13",,,,,,,,,,,,,,,,,,,,,,,,,,,,,,,,,,,,,"MET10012/12/15 22:53:02 METAR KOAK 130653Z 16011KT 10SM SCT027 OVC030 13/09 A3018 RMK AO2 SLP218 T01280089","FM-15","7",,,,,,,,,,,,,,,,,,,,,,,,,,,
"72493023230","2015-12-12T23:32:00","FM-16","7",,,,,,,,,,,,,,,,,,,,,,,,,,,,,,,,,,,,,,,"30.17","47","54",,,,,"77",,"BKN:07 28 OVC:08 32","30.07","10.00","50","140",,"13",,,,,,,,,,,,,,,,,,,,,,,,,,,,,,,,,,,,,"MET09312/12/15 23:32:02 SPECI KOAK 130732Z 14011KT 10SM BKN028 OVC032 12/08 A3017 RMK AO2 T01220083","FM-16","7",,,,,,,,,,,,,,,,,,,,,,,,,,,
"72493023230","2015-12-12T23:53:00","FM-15","7",,,,,,,,,,,,,,,,,,,,,,,,,,,,,,,,,,,,,,,"30.18","47","54","0.00",,,,"77","30.18","BKN:07 28 BKN:07 32","30.08","10.00","50","150",,"9",,,,,,,,,,,,,,,,,,,,,,,,,,,,,,,,,,,,,"MET11012/12/15 23:53:02 METAR KOAK 130753Z 15008KT 10SM BKN028 BKN032 12/08 A3018 RMK AO2 SLP219 T01220083 401390039","FM-15","7",,,,,,,,,,,,,,,,,,,,,,,,,,,
"72493023230","2015-12-12T23:59:00","SOD  ","6",,,,,,,,,,,,,,,,,,"48",,,"30.06",,"4.7","0","-1.1","17","57","39","150","19","0.00","0","0.0","150","16",,,,,,,,,,,,,,,,,,,,,,,,,,,,,,,,,,,,,,,,,,,,,,,,,,,,,,,,"SOD73924 HR PRECIPITATION (IN): 0.00 SNOW DEPTH (IN):0     24 HR SNOWFALL (IN):0.0  24 HR MAX TEMP (F): 5724 HR MIN TEMP (F): 39AVERAGE STATION PRESSURE:30.055 MINIMUM SEA LEVEL PRESSURE:30.04 TIME OF OCCURRENCE:0034 PEAK WIND SPEED (MPH): 19 PEAK WIND DIR (DEG):150 PEAK WIND TIME (LST):      FASTEST 2MIN SPEED (MPH): 16FASTEST 2MIN DIR (DEG):150 FASTEST 2MIN TIME (LST):     AVERAGE WIND SPEED (MPH): 4.7 24 HR AVG TEMP (F): 48DEPART FROM NORMAL: -1  HEATING DEGREE DAYS: 17 COOLING DEGREE DAYS:  0 LATEST DAY MAX TEMP (0700-1900 LST):57  LATEST NIGHT MIN TEMP(1900-0800 LST):39 HOURLY INCREMENTAL PRECIPITATION VALUES (IN):.00 0.00 0.00 0.00 0.00 0.00 0.00 0.00 0.00 0.00 0.00 0.00 0.00 0.00 0.00 0.00 0.00 0.00 0.00 0.00 0.00 0.00 0.00 0.00","SOD  ","6",,,,,,,,,,,,,,,,,,,,,,,,,"0715","1650",
"72493023230","2015-12-13T00:30:00","FM-16","7",,,,,,,,,,,,,,,,,,,,,,,,,,,,,,,,,,,,,,,"30.18","47","54",,,,,"77",,"SCT:04 28 OVC:08 35","30.08","10.00","50","150",,"9",,,,,,,,,,,,,,,,,,,,,,,,,,,,,,,,,,,,,"MET09812/13/15 00:30:02 SPECI KOAK 130830Z 15008KT 10SM SCT028 OVC035 12/08 A3018 RMK AO2 T01220083 (RC)","FM-16","7",,,,,,,,,,,,,,,,,,,,,,,,,,,
"72493023230","2015-12-13T00:53:00","FM-15","7",,,,,,,,,,,,,,,,,,,,,,,,,,,,,,,,,,,,,,,"30.17","47","53","T","-DZ:01 |DZ |","+0.02","8","80","30.16","SCT:04 23 OVC:08 33","30.07","10.00","50","150",,"10",,,,,,,,,,,,,,,,,,,,,,,,,,,,,,,,,,,,,"MET14112/13/15 00:53:02 METAR KOAK 130853Z 15009KT 10SM -DZ SCT023 OVC033 12/08 A3017 RMK AO2 RAB38E47DZB52 SLP214 P0000 60000 T01170083 58006 (RC)","FM-15","7",,,,,,,,,,,,,,,,,,,,,,,,,,,
"72493023230","2015-12-13T01:53:00","FM-15","7",,,,,,,,,,,,,,,,,,,,,,,,,,,,,,,,,,,,,,,"30.15","48","54","T",,,,"80","30.15","FEW:02 11 SCT:04 27 OVC:08 50","30.05","10.00","51","140",,"14",,,,,,,,,,,,,,,,,,,,,,,,,,,,,,,,,,,,,"MET12412/13/15 01:53:02 METAR KOAK 130953Z 14012KT 10SM FEW011 SCT027 OVC050 12/09 A3015 RMK AO2 DZE08 SLP210 P0000 T01220089 (RC)","FM-15","7",,,,,,,,,,,,,,,,,,,,,,,,,,,
"72493023230","2015-12-13T02:53:00","FM-15","7",,,,,,,,,,,,,,,,,,,,,,,,,,,,,,,,,,,,,,,"30.12","47","53","0.00",,,,"80","30.11","FEW:02 11 BKN:07 41 OVC:08 58","30.02","10.00","50","140",,"13",,,,,,,,,,,,,,,,,,,,,,,,,,,,,,,,,,,,,"MET11212/13/15 02:53:02 METAR KOAK 131053Z 14011KT 10SM FEW011 BKN041 OVC058 12/08 A3012 RMK AO2 SLP198 T01170083 (RC)","FM-15","7",,,,,,,,,,,,,,,,,,,,,,,,,,,
"72493023230","2015-12-13T03:53:00","FM-15","7",,,,,,,,,,,,,,,,,,,,,,,,,,,,,,,,,,,,,,,"30.08","47","53","T","-DZ:01 |DZ |","+0.08","8","80","30.08","FEW:02 11 SCT:04 26 OVC:08 31","29.98","7.00","50","150",,"17",,,,,,,,,,,,,,,,,,,,,,,,,,,,,,,,,,,,,"MET16912/13/15 03:53:02 METAR KOAK 131153Z 15015KT 7SM -DZ FEW011 SCT026 OVC031 12/08 A3008 RMK AO2 RAB39E49DZB49 SLP187 VIS LWR N P0000 60000 T01170083 10128 20117 58027 (RC)","FM-15","7",,,,,,,,,,,,,,,,,,,,,,,,,,,
"72493023230","2015-12-13T04:10:00","FM-16","7",,,,,,,,,,,,,,,,,,,,,,,,,,,,,,,,,,,,,,,"30.07","47","53","T","-DZ:01 |DZ |",,,"80",,"FEW:02 11 BKN:07 24 OVC:08 31","29.97","7.00","50","150",,"18",,,,,,,,,,,,,,,,,,,,,,,,,,,,,,,,,,,,,"MET11412/13/15 04:10:02 SPECI KOAK 131210Z 15016KT 7SM -DZ FEW011 BKN024 OVC031 12/08 A3007 RMK AO2 P0000 T01170083 (RC)","FM-16","7",,,,,,,,,,,,,,,,,,,,,,,,,,,
"72493023230","2015-12-13T04:53:00","FM-15","7",,,,,,,,,,,,,,,,,,,,,,,,,,,,,,,,,,,,,,,"30.05","47","52","T","-RA:02 |RA |",,,"83","30.05","FEW:02 15 BKN:07 20 OVC:08 29","29.96","6.00","49","150",,"16",,,,,,,,,,,,,,,,,,,,,,,,,,,,,,,,,,,,,"MET13212/13/15 04:53:02 METAR KOAK 131253Z 15014KT 6SM -RA FEW015 BKN020 OVC029 11/08 A3005 RMK AO2 DZE44RAB44 SLP175 P0000 T01110083 (RC)","FM-15","7",,,,,,,,,,,,,,,,,,,,,,,,,,,
"72493023230","2015-12-13T05:53:00","FM-15","7",,,,,,,,,,,,,,,,,,,,,,,,,,,,,,,,,,,,,,,"30.02","50","52","T","-DZ:01 BR:1 |DZ |",,,"93","30.02","OVC:08 18","29.92","4.00","51","150",,"18",,,,,,,,,,,,,,,,,,,,,,,,,,,,,,,,,,,,,"MET12112/13/15 05:53:02 METAR KOAK 131353Z 15016KT 4SM -DZ BR OVC018 11/10 A3002 RMK AO2 RAE42DZB42 SLP166 P0000 T01110100 (RC)","FM-15","7",,,,,,,,,,,,,,,,,,,,,,,,,,,
"72493023230","2015-12-13T06:53:00","FM-15","7",,,,,,,,,,,,,,,,,,,,,,,,,,,,,,,,,,,,,,,"29.99","50","52","T","-RA:02 BR:1 |RA |","+0.09","6","93","29.99","OVC:08 17","29.89","3.00","51","150",,"20",,,,,,,,,,,,,,,,,,,,,,,,,,,,,,,,,,,,,"MET13312/13/15 06:53:02 METAR KOAK 131453Z 15017KT 3SM -RA BR OVC017 11/10 A2999 RMK AO2 DZE22RAB22 SLP155 P0000 60000 T01110100 56031 (RC)","FM-15","7",,,,,,,,,,,,,,,,,,,,,,,,,,,
"72493023230","2015-12-13T07:53:00","FM-15","7",,,,,,,,,,,,,,,,,,,,,,,,,,,,,,,,,,,,,,,"29.91","50","52","T","BR:1 ||",,,"93","29.91","FEW:02 12 BKN:07 18 OVC:08 23","29.81","5.00","51","140","33","28",,,,,,,,,,,,,,,,,,,,,,,,,,,,,,,,,,,,,"MET14812/13/15 07:53:02 METAR KOAK 131553Z 14024G29KT 5SM BR FEW012 BKN018 OVC023 11/10 A2991 RMK AO2 PK WND 15029/1553 RAE19 SLP128 P0000 T01110100 (DPB)","FM-15","7",,,,,,,,,,,,,,,,,,,,,,,,,,,
"72493023230","2015-12-13T08:24:00","FM-16","7",,,,,,,,,,,,,,,,,,,,,,,,,,,,,,,,,,,,,,,"29.87","50","52","T","-RA:02 BR:1 |RA |",,,"93",,"OVC:08 18","29.78","2.50","51","150",,"26",,,,,,,,,,,,,,,,,,,,,,,,,,,,,,,,,,,,,"MET13212/13/15 08:24:02 SPECI KOAK 131624Z 15023KT 2 1/2SM -RA BR OVC018 11/10 A2987 RMK AO2 PK WND 15030/1615 RAB05 P0000 T01110100 (DPB)","FM-16","7",,,,,,,,,,,,,,,,,,,,,,,,,,,
"72493023230","2015-12-13T08:49:00","FM-16","7",,,,,,,,,,,,,,,,,,,,,,,,,,,,,,,,,,,,,,,"29.87","52","52","0.08","+RA:02 BR:1 |RA |",,,"100",,"OVC:08 15","29.78","1.25","52","160",,"24",,,,,,,,,,,,,,,,,,,,,,,,,,,,,,,,,,,,,"MET12212/13/15 08:49:02 SPECI KOAK 131649Z 16021KT 1 1/4SM +RA BR OVC015 11/11 A2987 RMK AO2 PK WND 15030/1615 RAB05 P0008 (DPB)","FM-16","7",,,,,,,,,,,,,,,,,,,,,,,,,,,
"72493023230","2015-12-13T08:53:00","FM-15","7",,,,,,,,,,,,,,,,,,,,,,,,,,,,,,,,,,,,,,,"29.87","51","53","0.13","+RA:02 BR:1 |RA |",,,"93","29.87","OVC:08 15","29.78","1.25","52","150",,"24",,,,,,,,,,,,,,,,,,,,,,,,,,,,,,,,,,,,,"MET13912/13/15 08:53:02 METAR KOAK 131653Z 15021KT 1 1/4SM +RA BR OVC015 12/11 A2987 RMK AO2 PK WND 15030/1615 RAB05 SLP114 P0010 T01170106 (DPB)","FM-15","7",,,,,,,,,,,,,,,,,,,,,,,,,,,
"72493023230","2015-12-13T09:08:00","FM-16","7",,,,,,,,,,,,,,,,,,,,,,,,,,,,,,,,,,,,,,,"29.86","52","53","0.06","RA:02 BR:1 |RA |",,,"96",,"BKN:07 14 OVC:08 20","29.76","1.75","52","160","31","25",,,,,,,,,,,,,,,,,,,,,,,,,,,,,,,,,,,,,"MET13512/13/15 09:08:02 SPECI KOAK 131708Z 16022G27KT 1 3/4SM RA BR BKN014 OVC020 12/11 A2986 RMK AO2 PK WND 16027/1708 P0006 T01170111 (DPB)","FM-16","7",,,,,,,,,,,,,,,,,,,,,,,,,,,
"72493023230","2015-12-13T09:27:00","FM-16","7",,,,,,,,,,,,,,,,,,,,,,,,,,,,,,,,,,,,,,,"29.94","50","52","0.36","+RA:02 FG:2 |FG RA |",,,"93",,"OVC:08 12","29.84","0.50","51","280","33","17",,,,,,,,,,,,,,,,,,,,,,,,,,,,,,,,,,,,,"MET14512/13/15 09:27:02 SPECI KOAK 131727Z 28015G29KT 1/2SM +RA FG OVC012 11/10 A2994 RMK AO2 PK WND 15031/1716 WSHFT 1711 PRESRR P0036 T01110100 (DPB)","FM-16","7",,,,,,,,,,,,,,,,,,,,,,,,,,,
"72493023230","2015-12-13T09:34:00","FM-16","7",,,,,,,,,,,,,,,,,,,,,,,,,,,,,,,,,,,,,,,"29.93","50","52","0.47","+RA:02 FG:2 |FG RA |",,,"93",,"SCT:04 12 OVC:08 17","29.83","0.50","51","260",,"21",,,,,,,,,,,,,,,,,,,,,,,,,,,,,,,,,,,,,"MET14212/13/15 09:34:02 SPECI KOAK 131734Z 26018KT 1/2SM +RA FG SCT012 OVC017 11/10 A2993 RMK AO2 PK WND 15031/1716 WSHFT 1711 P0047 T01110100 (DPB)","FM-16","7",,,,,,,,,,,,,,,,,,,,,,,,,,,
"72493023230","2015-12-13T09:39:00","FM-16","7",,,,,,,,,,,,,,,,,,,,,,,,,,,,,,,,,,,,,,,"29.93","50","52","0.48","+RA:02 BR:1 |RA |",,,"93",,"SCT:04 12 OVC:08 19","29.83","1.00","51","270",,"20",,,,,,,,,,,,,,,,,,,,,,,,,,,,,,,,,,,,,"MET14012/13/15 09:39:02 SPECI KOAK 131739Z 27017KT 1SM +RA BR SCT012 OVC019 11/10 A2993 RMK AO2 PK WND 15031/1716 WSHFT 1711 P0048 T01110100 (DPB)","FM-16","7",,,,,,,,,,,,,,,,,,,,,,,,,,,
"72493023230","2015-12-13T09:46:00","FM-16","7",,,,,,,,,,,,,,,,,,,,,,,,,,,,,,,,,,,,,,,"29.93","51","52","0.49","+RA:02 BR:1 |RA |",,,"97",,"SCT:04 12 OVC:08 17","29.83","0.75","51","280",,"18",,,,,,,,,,,,,,,,,,,,,,,,,,,,,,,,,,,,,"MET14212/13/15 09:46:02 SPECI KOAK 131746Z 28016KT 3/4SM +RA BR SCT012 OVC017 11/11 A2993 RMK AO2 PK WND 15031/1716 WSHFT 1711 P0049 T01110106 (DPB)","FM-16","7",,,,,,,,,,,,,,,,,,,,,,,,,,,
"72493023230","2015-12-13T09:53:00","FM-15","7",,,,,,,,,,,,,,,,,,,,,,,,,,,,,,,,,,,,,,,"29.93","51","52","0.46","RA:02 BR:1 |RA |","-0.02","3","97","29.93","SCT:04 12 OVC:08 19","29.83","0.75","51","280",,"20",,,,,,,,,,,,,,,,,,,,,,,,,,,,,,,,,,,,,"MET17212/13/15 09:53:02 METAR KOAK 131753Z 28017KT 3/4SM RA BR SCT012 OVC019 11/11 A2993 RMK AO2 PK WND 15031/1716 WSHFT 1711 SLP136 P0049 60059 T01110106 10122 20106 53007 (DPB)","FM-15","7",,,,,,,,,,,,,,,,,,,,,,,,,,,
"72493023230","2015-12-13T09:56:00","FM-16","7",,,,,,,,,,,,,,,,,,,,,,,,,,,,,,,,,,,,,,,"29.93","51","53","T","RA:02 BR:1 |RA |",,,"93",,"SCT:04 12 OVC:08 21","29.83","1.00","52","280",,"23",,,,,,,,,,,,,,,,,,,,,,,,,,,,,,,,,,,,,"MET11012/13/15 09:56:02 SPECI KOAK 131756Z 28020KT 1SM RA BR SCT012 OVC021 12/11 A2993 RMK AO2 P0000 T01170106 (DPB)","FM-16","7",,,,,,,,,,,,,,,,,,,,,,,,,,,
"72493023230","2015-12-13T10:00:00","FM-16","7",,,,,,,,,,,,,,,,,,,,,,,,,,,,,,,,,,,,,,,"29.93","51","53","T","-RA:02 BR:1 |RA |",,,"93",,"BKN:07 12 OVC:08 21","29.83","1.00","52","280",,"22",,,,,,,,,,,,,,,,,,,,,,,,,,,,,,,,,,,,,"MET11112/13/15 10:00:02 SPECI KOAK 131800Z 28019KT 1SM -RA BR BKN012 OVC021 12/11 A2993 RMK AO2 P0000 T01170106 (DPB)","FM-16","7",,,,,,,,,,,,,,,,,,,,,,,,,,,
"72493023230","2015-12-13T10:14:00","FM-16","7",,,,,,,,,,,,,,,,,,,,,,,,,,,,,,,,,,,,,,,"29.95","49","52",,"-RA:02 BR:1 |RA |",,,"89",,"SCT:04 12 BKN:07 24 OVC:08 60","29.85","1.00","50","290","36","24",,,,,,,,,,,,,,,,,,,,,,,,,,,,,,,,,,,,,"MET13912/13/15 10:14:02 SPECI KOAK 131814Z 29021G31KT 1SM -RA BR SCT012 BKN024 OVC060 11/09 A2995 RMK AO2 PK WND 28031/1805 T01110094 PNO $ (DPB)","FM-16","7",,,,,,,,,,,,,,,,,,,,,,,,,,,
"72493023230","2015-12-13T10:17:00","FM-16","7",,,,,,,,,,,,,,,,,,,,,,,,,,,,,,,,,,,,,,,"29.94","49","52",,"-RA:02 BR:1 |RA |",,,"89",,"SCT:04 12 BKN:07 42 OVC:08 65","29.84","1.00","50","290",,"22",,,,,,,,,,,,,,,,,,,,,,,,,,,,,,,,,,,,,"MET13612/13/15 10:17:02 SPECI KOAK 131817Z 29019KT 1SM -RA BR SCT012 BKN042 OVC065 11/09 A2994 RMK AO2 PK WND 28031/1805 T01110094 PNO $ (DPB)","FM-16","7",,,,,,,,,,,,,,,,,,,,,,,,,,,
"72493023230","2015-12-13T10:51:00","FM-16","6",,,,,,,,,,,,,,,,,,,,,,,,,,,,,,,,,,,,,,,"29.96","50","54",,"BR:1 ||",,,"88",,"FEW:02 47 BKN:07 60 BKN:07 80","29.86","6.00","52","290",,"20",,,,,,,,,,,,,,,,,,,,,,,,,,,,,,,,,,,,,"MET13312/13/15 10:51:02 SPECI KOAK 131851Z 29017KT 6SM BR FEW047 BKN060 BKN080 12/10 A2996 RMK AO2 PK WND 28031/1805 RAE49 PNO $ FIBI (DPB)","FM-16","6",,,,,,,,,,,,,,,,,,,,,,,,,,,
"72493023230","2015-12-13T10:53:00","FM-15","7",,,,,,,,,,,,,,,,,,,,,,,,,,,,,,,,,,,,,,,"29.96","50","53","T","BR:1 ||",,,"89","29.96","FEW:02 47 BKN:07 60 BKN:07 80","29.86","6.00","51","280",,"22",,,,,,,,,,,,,,,,,,,,,,,,,,,,,,,,,,,,,"MET14512/13/15 10:53:02 METAR KOAK 131853Z 28019KT 6SM BR FEW047 BKN060 BKN080 12/10 A2996 RMK AO2 PK WND 28031/1805 RAE49 SLP145 T01170100 PNO $ (DPB)","FM-15","7",,,,,,,,,,,,,,,,,,,,,,,,,,,
"72493023230","2015-12-13T11:53:00","FM-15","7",,,,,,,,,,,,,,,,,,,,,,,,,,,,,,,,,,,,,,,"29.97","47","53",,,,,"80","29.96","SCT:04 27 BKN:07 44 BKN:07 55","29.88","7.00","50","290",,"22",,,,,,,,,,,,,,,,,,,,,,,,,,,,,,,,,,,,,"MET13612/13/15 11:53:02 METAR KOAK 131953Z 29019KT 7SM SCT027 BKN044 BKN055 12/08 A2997 RMK AO2 PK WND 28028/1858 SLP147 T01170083 PNO $ (DPB)","FM-15","7",,,,,,,,,,,,,,,,,,,,,,,,,,,
"72493023230","2015-12-13T12:53:00","FM-15","7",,,,,,,,,,,,,,,,,,,,,,,,,,,,,,,,,,,,,,,"29.97","44","55",,,"-0.03","0","67","29.96","BKN:07 33 BKN:07 60 BKN:07 110","29.88","10.00","50","300","24","16",,,,,,,,,,,,,,,,,,,,,,,,,,,,,,,,,,,,,"MET13412/13/15 12:53:02 METAR KOAK 132053Z 30014G21KT 10SM BKN033 BKN060 BKN110 13/07 A2997 RMK AO2 SLP147 6//// T01280067 50011 PNO $ (DPB)","FM-15","7",,,,,,,,,,,,,,,,,,,,,,,,,,,
"72493023230","2015-12-13T13:53:00","FM-15","7",,,,,,,,,,,,,,,,,,,,,,,,,,,,,,,,,,,,,,,"29.98","42","54",,,,,"64","29.98","SCT:04 44 BKN:07 50","29.88","10.00","48","300",,"17",,,,,,,,,,,,,,,,,,,,,,,,,,,,,,,,,,,,,"MET11212/13/15 13:53:02 METAR KOAK 132153Z 30015KT 10SM SCT044 BKN050 12/06 A2998 RMK AO2 SLP151 T01220056 PNO $ (DPB)","FM-15","7",,,,,,,,,,,,,,,,,,,,,,,,,,,
"72493023230","2015-12-13T14:53:00","FM-15","7",,,,,,,,,,,,,,,,,,,,,,,,,,,,,,,,,,,,,,,"29.98","40","53",,,,,"61","29.97","SCT:04 48 BKN:07 60 BKN:07 90","29.88","10.00","47","290","29","23",,,,,,,,,,,,,,,,,,,,,,,,,,,,,,,,,,,,,"MET14912/13/15 14:53:02 METAR KOAK 132253Z 29020G25KT 10SM SCT048 BKN060 BKN090 12/04 A2998 RMK AO2 PK WND 31029/2225 RAB28E44 SLP150 T01170044 PNO $ (DPB)","FM-15","7",,,,,,,,,,,,,,,,,,,,,,,,,,,
"72493023230","2015-12-13T15:53:00","FM-15","7",,,,,,,,,,,,,,,,,,,,,,,,,,,,,,,,,,,,,,,"29.98","39","51",,,"-0.01","1","64","29.98","FEW:02 16 SCT:04 45 BKN:07 110","29.88","10.00","45","280",,"23",,,,,,,,,,,,,,,,,,,,,,,,,,,,,,,,,,,,,"MET16112/13/15 15:53:02 METAR KOAK 132353Z 28020KT 10SM FEW016 SCT045 BKN110 11/04 A2998 RMK AO2 PK WND 28031/2256 SLP152 6//// T01060039 10133 20100 51005 PNO $ (NAB)","FM-15","7",,,,,,,,,,,,,,,,,,,,,,,,,,,
"72493023230","2015-12-13T16:53:00","FM-15","7",,,,,,,,,,,,,,,,,,,,,,,,,,,,,,,,,,,,,,,"29.99","36","51",,,,,"56","29.99","FEW:02 16 SCT:04 40 BKN:07 130","29.89","10.00","44","310",,"16",,,,,,,,,,,,,,,,,,,,,,,,,,,,,,,,,,,,,"MET11312/13/15 16:53:01 METAR KOAK 140053Z 31014KT 10SM FEW016 SCT040 BKN130 11/02 A2999 RMK AO2 SLP155 T01060022 PNO $","FM-15","7",,,,,,,,,,,,,,,,,,,,,,,,,,,
"72493023230","2015-12-13T17:53:00","FM-15","7",,,,,,,,,,,,,,,,,,,,,,,,,,,,,,,,,,,,,,,"30.01","37","50",,,,,"61","30.01","FEW:02 20 SCT:04 160","29.91","10.00","44","300","30","22",,,,,,,,,,,,,,,,,,,,,,,,,,,,,,,,,,,,,"MET12712/13/15 17:53:01 METAR KOAK 140153Z 30019G26KT 10SM FEW020 SCT160 10/03 A3001 RMK AO2 PK WND 30026/0151 SLP161 T01000028 PNO $","FM-15","7",,,,,,,,,,,,,,,,,,,,,,,,,,,
"72493023230","2015-12-13T18:53:00","FM-15","7",,,,,,,,,,,,,,,,,,,,,,,,,,,,,,,,,,,,,,,"30.01","35","49",,,"-0.03","1","59","30.01","FEW:02 20 FEW:02 160","29.91","10.00","43","300","31","24",,,,,,,,,,,,,,,,,,,,,,,,,,,,,,,,,,,,,"MET13912/13/15 18:53:01 METAR KOAK 140253Z 30021G27KT 10SM FEW020 FEW160 09/02 A3001 RMK AO2 PK WND 30027/0249 SLP162 6//// T00940017 51010 PNO $","FM-15","7",,,,,,,,,,,,,,,,,,,,,,,,,,,
"72493023230","2015-12-13T19:53:00","FM-15","7",,,,,,,,,,,,,,,,,,,,,,,,,,,,,,,,,,,,,,,"30.03","37","49",,,,,"64","30.03","FEW:02 28 FEW:02 180","29.93","10.00","44","310","25","14",,,,,,,,,,,,,,,,,,,,,,,,,,,,,,,,,,,,,"MET12712/13/15 19:53:02 METAR KOAK 140353Z 31012G22KT 10SM FEW028 FEW180 09/03 A3003 RMK AO2 PK WND 30026/0306 SLP169 T00940028 PNO $","FM-15","7",,,,,,,,,,,,,,,,,,,,,,,,,,,
"72493023230","2015-12-13T20:53:00","FM-15","7",,,,,,,,,,,,,,,,,,,,,,,,,,,,,,,,,,,,,,,"30.03","37","49",,,,,"64","30.03","FEW:02 24 FEW:02 180","29.93","10.00","44","310","26","20",,,,,,,,,,,,,,,,,,,,,,,,,,,,,,,,,,,,,"MET12712/13/15 20:53:02 METAR KOAK 140453Z 31017G23KT 10SM FEW024 FEW180 09/03 A3003 RMK AO2 PK WND 31027/0431 SLP168 T00940028 PNO $","FM-15","7",,,,,,,,,,,,,,,,,,,,,,,,,,,
"72493023230","2015-12-13T21:53:00","FM-15","7",,,,,,,,,,,,,,,,,,,,,,,,,,,,,,,,,,,,,,,"30.04","36","49",,,"-0.03","1","61","30.04","FEW:02 24 FEW:02 180","29.94","10.00","43","320","22","15",,,,,,,,,,,,,,,,,,,,,,,,,,,,,,,,,,,,,"MET12712/13/15 21:53:02 METAR KOAK 140553Z 32013G19KT 10SM FEW024 FEW180 09/02 A3004 RMK AO2 SLP173 T00940022 10106 20094 51010 PNO $","FM-15","7",,,,,,,,,,,,,,,,,,,,,,,,,,,
"72493023230","2015-12-13T22:53:00","FM-15","7",,,,,,,,,,,,,,,,,,,,,,,,,,,,,,,,,,,,,,,"30.06","35","48",,,,,"61","30.05","FEW:02 20 FEW:02 200","29.96","10.00","42","340","21","11",,,,,,,,,,,,,,,,,,,,,,,,,,,,,,,,,,,,,"MET10912/13/15 22:53:02 METAR KOAK 140653Z 34010G18KT 10SM FEW020 FEW200 09/02 A3006 RMK AO2 SLP177 T00890017 PNO $","FM-15","7",,,,,,,,,,,,,,,,,,,,,,,,,,,
"72493023230","2015-12-13T23:53:00","FM-15","7",,,,,,,,,,,,,,,,,,,,,,,,,,,,,,,,,,,,,,,"30.07","35","47",,,,,"63","30.06","CLR:00","29.97","10.00","42","330","23","16",,,,,,,,,,,,,,,,,,,,,,,,,,,,,,,,,,,,,"MET10912/13/15 23:53:02 METAR KOAK 140753Z 33014G20KT 10SM CLR 08/02 A3007 RMK AO2 SLP180 T00830017 401330083 PNO $","FM-15","7",,,,,,,,,,,,,,,,,,,,,,,,,,,
"72493023230","2015-12-13T23:59:00","SOD  ","6",,,,,,,,,,,,,,,,,,"52",,,"29.91",,"18.4","0","3.0","13","56","47","280","36","0.69","0",,"280","32","RA DZ FG BR",,,,,,,,,,,,,,,,,,,,,,,,,,,,,,,,,,,,,,,,,,,,,,,,,,,,,,,"SOD72824 HR PRECIPITATION (IN): 0.69 SNOW DEPTH (IN):0    WEATHER(CODE):18  24 HR MAX TEMP (F): 5624 HR MIN TEMP (F): 47AVERAGE STATION PRESSURE:29.910 MINIMUM SEA LEVEL PRESSURE:29.85 TIME OF OCCURRENCE:0918 PEAK WIND SPEED (MPH): 36 PEAK WIND DIR (DEG):280 PEAK WIND TIME (LST):      FASTEST 2MIN SPEED (MPH): 32FASTEST 2MIN DIR (DEG):280 FASTEST 2MIN TIME (LST):     AVERAGE WIND SPEED (MPH):18.4 24 HR AVG TEMP (F): 52DEPART FROM NORMAL:  3  HEATING DEGREE DAYS: 13 COOLING DEGREE DAYS:  0 LATEST DAY MAX TEMP (0700-1900 LST):56  LATEST NIGHT MIN TEMP(1900-0800 LST):51 HOURLY INCREMENTAL PRECIPITATION VALUES (IN):    T    0.00 T    T    T    T    T    0.13 0.46 T    M    M    M    M    M    M    M    M    M    M    M    M    M","SOD  ","6",,,,,,,,,,,,,,,,,,,,,,,,,"0715","1651",
"72493023230","2015-12-14T00:53:00","FM-15","7",,,,,,,,,,,,,,,,,,,,,,,,,,,,,,,,,,,,,,,"30.07","35","46",,,"-0.03","1","66","30.07","CLR:00","29.97","10.00","41","330",,"6",,,,,,,,,,,,,,,,,,,,,,,,,,,,,,,,,,,,,"MET10712/14/15 00:53:02 METAR KOAK 140853Z 33005KT 10SM CLR 08/02 A3007 RMK AO2 SLP183 T00780017 51010 PNO $ (DB)","FM-15","7",,,,,,,,,,,,,,,,,,,,,,,,,,,
"72493023230","2015-12-14T01:53:00","FM-15","7",,,,,,,,,,,,,,,,,,,,,,,,,,,,,,,,,,,,,,,"30.08","34","46",,,,,"63","30.08","CLR:00","29.98","10.00","41","320",,"6",,,,,,,,,,,,,,,,,,,,,,,,,,,,,,,,,,,,,"MET10112/14/15 01:53:02 METAR KOAK 140953Z 32005KT 10SM CLR 08/01 A3008 RMK AO2 SLP186 T00780011 PNO $ (DB)","FM-15","7",,,,,,,,,,,,,,,,,,,,,,,,,,,
"72493023230","2015-12-14T02:53:00","FM-15","7",,,,,,,,,,,,,,,,,,,,,,,,,,,,,,,,,,,,,,,"30.10","34","45",,,,,"66","30.10","CLR:00","30.00","10.00","40","330",,"5",,,,,,,,,,,,,,,,,,,,,,,,,,,,,,,,,,,,,"MET10112/14/15 02:53:02 METAR KOAK 141053Z 33004KT 10SM CLR 07/01 A3010 RMK AO2 SLP192 T00720011 PNO $ (DB)","FM-15","7",,,,,,,,,,,,,,,,,,,,,,,,,,,
"72493023230","2015-12-14T03:53:00","FM-15","7",,,,,,,,,,,,,,,,,,,,,,,,,,,,,,,,,,,,,,,"30.09","34","45",,,"-0.01","0","66","30.09","CLR:00","29.99","10.00","40","320",,"8",,,,,,,,,,,,,,,,,,,,,,,,,,,,,,,,,,,,,"MET12512/14/15 03:53:02 METAR KOAK 141153Z 32007KT 10SM CLR 07/01 A3009 RMK AO2 SLP188 7//// T00720011 10094 20072 50005 PNO $ (DB)","FM-15","7",,,,,,,,,,,,,,,,,,,,,,,,,,,
"72493023230","2015-12-14T04:53:00","FM-15","7",,,,,,,,,,,,,,,,,,,,,,,,,,,,,,,,,,,,,,,"30.10","34","44",,,,,"68","30.10","CLR:00","30.00","10.00","40","340",,"8",,,,,,,,,,,,,,,,,,,,,,,,,,,,,,,,,,,,,"MET10112/14/15 04:53:02 METAR KOAK 141253Z 34007KT 10SM CLR 07/01 A3010 RMK AO2 SLP192 T00670011 PNO $ (DB)","FM-15","7",,,,,,,,,,,,,,,,,,,,,,,,,,,
"72493023230","2015-12-14T05:53:00","FM-15","7",,,,,,,,,,,,,,,,,,,,,,,,,,,,,,,,,,,,,,,"30.11","33","45",,,,,"63","30.11","CLR:00","30.01","10.00","40","300",,"7",,,,,,,,,,,,,,,,,,,,,,,,,,,,,,,,,,,,,"MET10112/14/15 05:53:02 METAR KOAK 141353Z 30006KT 10SM CLR 07/01 A3011 RMK AO2 SLP195 T00720006 PNO $ (DB)","FM-15","7",,,,,,,,,,,,,,,,,,,,,,,,,,,
"72493023230","2015-12-14T06:53:00","FM-15","7",,,,,,,,,,,,,,,,,,,,,,,,,,,,,,,,,,,,,,,"30.12","32","44",,,"-0.02","1","63","30.11","FEW:02 15","30.02","10.00","39","320",,"8",,,,,,,,,,,,,,,,,,,,,,,,,,,,,,,,,,,,,"MET11012/14/15 06:53:02 METAR KOAK 141453Z 32007KT 10SM FEW015 07/00 A3012 RMK AO2 SLP197 T00670000 51008 PNO $ (DB)","FM-15","7",,,,,,,,,,,,,,,,,,,,,,,,,,,
"72493023230","2015-12-14T07:53:00","FM-15","7",,,,,,,,,,,,,,,,,,,,,,,,,,,,,,,,,,,,,,,"30.13","33","45",,,,,"63","30.12","FEW:02 15","30.03","10.00","40","320",,"5",,,,,,,,,,,,,,,,,,,,,,,,,,,,,,,,,,,,,"MET10212/14/15 07:53:02 METAR KOAK 141553Z 32004KT 10SM FEW015 07/01 A3013 RMK AO2 SLP201 T00720006 PNO (LM)","FM-15","7",,,,,,,,,,,,,,,,,,,,,,,,,,,
"72493023230","2015-12-14T08:53:00","FM-15","7",,,,,,,,,,,,,,,,,,,,,,,,,,,,,,,,,,,,,,,"30.14","33","47",,,,,"59","30.14","FEW:02 15","30.04","10.00","41","310",,"8",,,,,,,,,,,,,,,,,,,,,,,,,,,,,,,,,,,,,"MET10212/14/15 08:53:02 METAR KOAK 141653Z 31007KT 10SM FEW015 08/01 A3014 RMK AO2 SLP207 T00830006 PNO (LM)","FM-15","7",,,,,,,,,,,,,,,,,,,,,,,,,,,
"72493023230","2015-12-14T09:53:00","FM-15","7",,,,,,,,,,,,,,,,,,,,,,,,,,,,,,,,,,,,,,,"30.16","34","50",,,"-0.05","3","54","30.16","CLR:00","30.06","10.00","43","340",,"13",,,,,,,,,,,,,,,,,,,,,,,,,,,,,,,,,,,,,"MET11712/14/15 09:53:02 METAR KOAK 141753Z 34011KT 10SM CLR 10/01 A3016 RMK AO2 SLP212 T01000011 10100 20067 53016 PNO (LM)","FM-15","7",,,,,,,,,,,,,,,,,,,,,,,,,,,
"72493023230","2015-12-14T10:53:00","FM-15","7",,,,,,,,,,,,,,,,,,,,,,,,,,,,,,,,,,,,,,,"30.15","34","51",,,,,"52","30.15","CLR:00","30.05","10.00","43","320","21","14",,,,,,,,,,,,,,,,,,,,,,,,,,,,,,,,,,,,,"MET10212/14/15 10:53:02 METAR KOAK 141853Z 32012G18KT 10SM CLR 11/01 A3015 RMK AO2 SLP209 T01060011 PNO (LM)","FM-15","7",,,,,,,,,,,,,,,,,,,,,,,,,,,
"72493023230","2015-12-14T11:53:00","FM-15","7",,,,,,,,,,,,,,,,,,,,,,,,,,,,,,,,,,,,,,,"30.15","33","53",,,,,"47","30.15","FEW:02 120","30.05","10.00","44","320",,"11",,,,,,,,,,,,,,,,,,,,,,,,,,,,,,,,,,,,,"MET10212/14/15 11:53:02 METAR KOAK 141953Z 32010KT 10SM FEW120 12/01 A3015 RMK AO2 SLP210 T01170006 PNO (LM)","FM-15","7",,,,,,,,,,,,,,,,,,,,,,,,,,,
"72493023230","2015-12-14T12:53:00","FM-15","7",,,,,,,,,,,,,,,,,,,,,,,,,,,,,,,,,,,,,,,"30.13","33","54",,,"+0.03","8","45","30.13","FEW:02 12","30.03","10.00","45","320",,"15",,,,,,,,,,,,,,,,,,,,,,,,,,,,,,,,,,,,,"MET10812/14/15 12:53:02 METAR KOAK 142053Z 32013KT 10SM FEW012 12/01 A3013 RMK AO2 SLP203 T01220006 58009 PNO (LM)","FM-15","7",,,,,,,,,,,,,,,,,,,,,,,,,,,
"72493023230","2015-12-14T13:53:00","FM-15","7",,,,,,,,,,,,,,,,,,,,,,,,,,,,,,,,,,,,,,,"30.13","30","56",,,,,"37","30.13","FEW:02 12","30.03","10.00","45","320",,"13",,,,,,,,,,,,,,,,,,,,,,,,,,,,,,,,,,,,,"MET10312/14/15 13:53:02 METAR KOAK 142153Z 32011KT 10SM FEW012 13/M01 A3013 RMK AO2 SLP202 T01331011 PNO (LM)","FM-15","7",,,,,,,,,,,,,,,,,,,,,,,,,,,
"72493023230","2015-12-14T14:53:00","FM-15","7",,,,,,,,,,,,,,,,,,,,,,,,,,,,,,,,,,,,,,,"30.11","30","56",,,,,"37","30.11","FEW:02 12 FEW:02 160","30.01","10.00","45","320",,"15",,,,,,,,,,,,,,,,,,,,,,,,,,,,,,,,,,,,,"MET11012/14/15 14:53:02 METAR KOAK 142253Z 32013KT 10SM FEW012 FEW160 13/M01 A3011 RMK AO2 SLP197 T01331011 PNO (LM)","FM-15","7",,,,,,,,,,,,,,,,,,,,,,,,,,,
"72493023230","2015-12-14T15:53:00","FM-15","7",,,,,,,,,,,,,,,,,,,,,,,,,,,,,,,,,,,,,,,"30.12","29","55",,,"+0.01","5","37","30.12","FEW:02 12 BKN:07 140","30.02","10.00","44","320",,"11",,,,,,,,,,,,,,,,,,,,,,,,,,,,,,,,,,,,,"MET12912/14/15 15:53:02 METAR KOAK 142353Z 32010KT 10SM FEW012 BKN140 13/M02 A3012 RMK AO2 SLP199 T01281017 10133 20094 55004 PNO (NAB)","FM-15","7",,,,,,,,,,,,,,,,,,,,,,,,,,,
"72493023230","2015-12-14T16:53:00","FM-15","7",,,,,,,,,,,,,,,,,,,,,,,,,,,,,,,,,,,,,,,"30.12","33","54",,,,,"45","30.12","FEW:02 16 BKN:07 120","30.02","10.00","45","310",,"9",,,,,,,,,,,,,,,,,,,,,,,,,,,,,,,,,,,,,"MET10412/14/15 16:53:01 METAR KOAK 150053Z 31008KT 10SM FEW016 BKN120 12/01 A3012 RMK AO2 SLP200 T01220006 PNO","FM-15","7",,,,,,,,,,,,,,,,,,,,,,,,,,,
"72493023230","2015-12-14T17:53:00","FM-15","7",,,,,,,,,,,,,,,,,,,,,,,,,,,,,,,,,,,,,,,"30.12","38","52",,,,,"59","30.12","FEW:02 16 BKN:07 110","30.02","10.00","45","310",,"13",,,,,,,,,,,,,,,,,,,,,,,,,,,,,,,,,,,,,"MET10412/14/15 17:53:01 METAR KOAK 150153Z 31011KT 10SM FEW016 BKN110 11/03 A3012 RMK AO2 SLP200 T01110033 PNO","FM-15","7",,,,,,,,,,,,,,,,,,,,,,,,,,,
"72493023230","2015-12-14T18:53:00","FM-15","7",,,,,,,,,,,,,,,,,,,,,,,,,,,,,,,,,,,,,,,"30.13","36","52",,,"-0.01","3","55","30.13","FEW:02 14 BKN:07 90","30.03","10.00","45","310",,"10",,,,,,,,,,,,,,,,,,,,,,,,,,,,,,,,,,,,,"MET11012/14/15 18:53:01 METAR KOAK 150253Z 31009KT 10SM FEW014 BKN090 11/02 A3013 RMK AO2 SLP202 T01110022 53004 PNO","FM-15","7",,,,,,,,,,,,,,,,,,,,,,,,,,,
"72493023230","2015-12-14T19:53:00","FM-15","7",,,,,,,,,,,,,,,,,,,,,,,,,,,,,,,,,,,,,,,"30.14","38","51",,,,,"61","30.13","SCT:04 80 BKN:07 100","30.04","10.00","45","310",,"10",,,,,,,,,,,,,,,,,,,,,,,,,,,,,,,,,,,,,"MET10412/14/15 19:53:02 METAR KOAK 150353Z 31009KT 10SM SCT080 BKN100 11/03 A3014 RMK AO2 SLP204 T01060033 PNO","FM-15","7",,,,,,,,,,,,,,,,,,,,,,,,,,,
"72493023230","2015-12-14T20:53:00","FM-15","7",,,,,,,,,,,,,,,,,,,,,,,,,,,,,,,,,,,,,,,"30.13","37","49",,,,,"64","30.13","FEW:02 18 FEW:02 90","30.03","10.00","44","320",,"6",,,,,,,,,,,,,,,,,,,,,,,,,,,,,,,,,,,,,"MET10412/14/15 20:53:02 METAR KOAK 150453Z 32005KT 10SM FEW018 FEW090 09/03 A3013 RMK AO2 SLP203 T00940028 PNO","FM-15","7",,,,,,,,,,,,,,,,,,,,,,,,,,,
"72493023230","2015-12-14T21:53:00","FM-15","7",,,,,,,,,,,,,,,,,,,,,,,,,,,,,,,,,,,,,,,"30.13","35","48",,,"+0.01","8","61","30.12","FEW:02 14 FEW:02 110","30.03","10.00","42","330",,"6",,,,,,,,,,,,,,,,,,,,,,,,,,,,,,,,,,,,,"MET12212/14/15 21:53:02 METAR KOAK 150553Z 33005KT 10SM FEW014 FEW110 09/02 A3013 RMK AO2 SLP201 T00890017 10128 20089 58002 PNO","FM-15","7",,,,,,,,,,,,,,,,,,,,,,,,,,,
"72493023230","2015-12-14T22:53:00","FM-15","7",,,,,,,,,,,,,,,,,,,,,,,,,,,,,,,,,,,,,,,"30.13","35","47",,,,,"63","30.13","CLR:00","30.03","10.00","42","340",,"7",,,,,,,,,,,,,,,,,,,,,,,,,,,,,,,,,,,,,"MET09412/14/15 22:53:02 METAR KOAK 150653Z 34006KT 10SM CLR 08/02 A3013 RMK AO2 SLP202 T00830017 PNO","FM-15","7",,,,,,,,,,,,,,,,,,,,,,,,,,,
"72493023230","2015-12-14T23:53:00","FM-15","7",,,,,,,,,,,,,,,,,,,,,,,,,,,,,,,,,,,,,,,"30.14","36","46",,,,,"68","30.14","CLR:00","30.04","10.00","42","330",,"8",,,,,,,,,,,,,,,,,,,,,,,,,,,,,,,,,,,,,"MET10412/14/15 23:53:02 METAR KOAK 150753Z 33007KT 10SM CLR 08/02 A3014 RMK AO2 SLP205 T00780022 401330067 PNO","FM-15","7",,,,,,,,,,,,,,,,,,,,,,,,,,,
"72493023230","2015-12-14T23:59:00","SOD  ","6",,,,,,,,,,,,,,,,,,"50",,,"30.02",,"9.4","0","1.1","15","56","44","320","25","0.00","0","0.0","330","17",,,,,,,,,,,,,,,,,,,,,,,,,,,,,,,,,,,,,,,,,,,,,,,,,,,,,,,,"SOD73624 HR PRECIPITATION (IN): 0.00 SNOW DEPTH (IN):0     24 HR SNOWFALL (IN):0.0  24 HR MAX TEMP (F): 5624 HR MIN TEMP (F): 44AVERAGE STATION PRESSURE:30.020 MINIMUM SEA LEVEL PRESSURE:30.06 TIME OF OCCURRENCE:0036 PEAK WIND SPEED (MPH): 25 PEAK WIND DIR (DEG):320 PEAK WIND TIME (LST):      FASTEST 2MIN SPEED (MPH): 17FASTEST 2MIN DIR (DEG):330 FASTEST 2MIN TIME (LST):     AVERAGE WIND SPEED (MPH): 9.4 24 HR AVG TEMP (F): 50DEPART FROM NORMAL:  1  HEATING DEGREE DAYS: 15 COOLING DEGREE DAYS:  0 LATEST DAY MAX TEMP (0700-1900 LST):56  LATEST NIGHT MIN TEMP(1900-0800 LST):44 HOURLY INCREMENTAL PRECIPITATION VALUES (IN):    M    M    M    M    M    M    M    M    M    M    M    M    M    M    M    M    M    M    M    M    M    M    M","SOD  ","6",,,,,,,,,,,,,,,,,,,,,,,,,"0716","1651",
"72493023230","2015-12-15T00:53:00","FM-15","7",,,,,,,,,,,,,,,,,,,,,,,,,,,,,,,,,,,,,,,"30.13","36","44",,,"-0.01","0","73","30.13","CLR:00","30.03","10.00","41","320",,"6",,,,,,,,,,,,,,,,,,,,,,,,,,,,,,,,,,,,,"MET10512/15/15 00:53:02 METAR KOAK 150853Z 32005KT 10SM CLR 07/02 A3013 RMK AO2 SLP202 T00670022 50002 PNO (DB)","FM-15","7",,,,,,,,,,,,,,,,,,,,,,,,,,,
"72493023230","2015-12-15T01:53:00","FM-15","7",,,,,,,,,,,,,,,,,,,,,,,,,,,,,,,,,,,,,,,"30.13","37","44",,,,,"76","30.13","CLR:00","30.03","10.00","41","340",,"3",,,,,,,,,,,,,,,,,,,,,,,,,,,,,,,,,,,,,"MET09912/15/15 01:53:02 METAR KOAK 150953Z 34003KT 10SM CLR 07/03 A3013 RMK AO2 SLP203 T00670028 PNO (DB)","FM-15","7",,,,,,,,,,,,,,,,,,,,,,,,,,,
"72493023230","2015-12-15T02:53:00","FM-15","7",,,,,,,,,,,,,,,,,,,,,,,,,,,,,,,,,,,,,,,"30.15","35","40",,,,,"83","30.14","CLR:00","30.05","10.00","38","020",,"3",,,,,,,,,,,,,,,,,,,,,,,,,,,,,,,,,,,,,"MET09912/15/15 02:53:02 METAR KOAK 151053Z 02003KT 10SM CLR 04/02 A3015 RMK AO2 SLP208 T00440017 PNO (DB)","FM-15","7",,,,,,,,,,,,,,,,,,,,,,,,,,,
"72493023230","2015-12-15T03:53:00","FM-15","7",,,,,,,,,,,,,,,,,,,,,,,,,,,,,,,,,,,,,,,"30.16","37","43",,,"-0.02","3","80","30.15","CLR:00","30.06","10.00","40","350",,"5",,,,,,,,,,,,,,,,,,,,,,,,,,,,,,,,,,,,,"MET11712/15/15 03:53:02 METAR KOAK 151153Z 35004KT 10SM CLR 06/03 A3016 RMK AO2 SLP210 T00610028 10089 20039 53008 PNO (DB)","FM-15","7",,,,,,,,,,,,,,,,,,,,,,,,,,,
"72493023230","2015-12-15T04:53:00","FM-15","7",,,,,,,,,,,,,,,,,,,,,,,,,,,,,,,,,,,,,,,"30.15","35","40",,,,,"83","30.14","CLR:00","30.05","10.00","38","000",,"0",,,,,,,,,,,,,,,,,,,,,,,,,,,,,,,,,,,,,"MET09912/15/15 04:53:02 METAR KOAK 151253Z 00000KT 10SM CLR 04/02 A3015 RMK AO2 SLP207 T00440017 PNO (DB)","FM-15","7",,,,,,,,,,,,,,,,,,,,,,,,,,,
"72493023230","2015-12-15T05:53:00","FM-15","7",,,,,,,,,,,,,,,,,,,,,,,,,,,,,,,,,,,,,,,"30.16","35","40",,,,,"83","30.16","CLR:00","30.06","10.00","38","000",,"0",,,,,,,,,,,,,,,,,,,,,,,,,,,,,,,,,,,,,"MET09912/15/15 05:53:02 METAR KOAK 151353Z 00000KT 10SM CLR 04/02 A3016 RMK AO2 SLP212 T00440017 PNO (DB)","FM-15","7",,,,,,,,,,,,,,,,,,,,,,,,,,,
"72493023230","2015-12-15T06:53:00","FM-15","7",,,,,,,,,,,,,,,,,,,,,,,,,,,,,,,,,,,,,,,"30.17","34","39",,,"-0.01","3","82","30.17","CLR:00","30.07","10.00","37","000",,"0",,,,,,,,,,,,,,,,,,,,,,,,,,,,,,,,,,,,,"MET10512/15/15 06:53:02 METAR KOAK 151453Z 00000KT 10SM CLR 04/01 A3017 RMK AO2 SLP216 T00390011 53005 PNO (DB)","FM-15","7",,,,,,,,,,,,,,,,,,,,,,,,,,,
"72493023230","2015-12-15T07:53:00","FM-15","7",,,,,,,,,,,,,,,,,,,,,,,,,,,,,,,,,,,,,,,"30.18","34","39",,,,,"82","30.18","CLR:00","30.08","10.00","37","030",,"3",,,,,,,,,,,,,,,,,,,,,,,,,,,,,,,,,,,,,"MET09912/15/15 07:53:02 METAR KOAK 151553Z 03003KT 10SM CLR 04/01 A3018 RMK AO2 SLP221 T00390011 PNO (LM)","FM-15","7",,,,,,,,,,,,,,,,,,,,,,,,,,,
"72493023230","2015-12-15T08:53:00","FM-15","7",,,,,,,,,,,,,,,,,,,,,,,,,,,,,,,,,,,,,,,"30.19","36","47",,,,,"66","30.19","CLR:00","30.09","10.00","42","340",,"8",,,,,,,,,,,,,,,,,,,,,,,,,,,,,,,,,,,,,"MET09912/15/15 08:53:02 METAR KOAK 151653Z 34007KT 10SM CLR 08/02 A3019 RMK AO2 SLP223 T00830022 PNO (LM)","FM-15","7",,,,,,,,,,,,,,,,,,,,,,,,,,,
"72493023230","2015-12-15T09:53:00","FM-15","7",,,,,,,,,,,,,,,,,,,,,,,,,,,,,,,,,,,,,,,"30.19","30","51",,,"-0.03","1","44","30.19","CLR:00","30.09","10.00","42","350",,"13",,,,,,,,,,,,,,,,,,,,,,,,,,,,,,,,,,,,,"MET11812/15/15 09:53:02 METAR KOAK 151753Z 35011KT 10SM CLR 11/M01 A3019 RMK AO2 SLP224 T01061011 10106 20017 51009 PNO (LM)","FM-15","7",,,,,,,,,,,,,,,,,,,,,,,,,,,
"72493023230","2015-12-15T10:53:00","FM-15","7",,,,,,,,,,,,,,,,,,,,,,,,,,,,,,,,,,,,,,,"30.20","28","54",,,,,"37","30.19","CLR:00","30.10","10.00","43","350",,"9",,,,,,,,,,,,,,,,,,,,,,,,,,,,,,,,,,,,,"MET09812/15/15 10:53:02 METAR KOAK 151853Z 35008KT 10SM CLR 12/M02 A3020 RMK AO2 SLP225 T01221022 $ (LM)","FM-15","7",,,,,,,,,,,,,,,,,,,,,,,,,,,
"72493023230","2015-12-15T11:53:00","FM-15","7",,,,,,,,,,,,,,,,,,,,,,,,,,,,,,,,,,,,,,,"30.18","27","56","0.00",,,,"33","30.18","CLR:00","30.08","10.00","44","VRB","18","7",,,,,,,,,,,,,,,,,,,,,,,,,,,,,,,,,,,,,"MET09912/15/15 11:53:02 METAR KOAK 151953Z VRB06G16KT 10SM CLR 13/M03 A3018 RMK AO2 SLP219 T01331028 (LM)","FM-15","7",,,,,,,,,,,,,,,,,,,,,,,,,,,
"72493023230","2015-12-15T12:53:00","FM-15","7",,,,,,,,,,,,,,,,,,,,,,,,,,,,,,,,,,,,,,,"30.17","25","58","0.00",,"+0.03","8","28","30.16","FEW:02 220","30.07","10.00","44","030","24","15",,,,,,,,,,,,,,,,,,,,,,,,,,,,,,,,,,,,,"MET10812/15/15 12:53:02 METAR KOAK 152053Z 03013G21KT 10SM FEW220 14/M04 A3017 RMK AO2 SLP214 T01441039 58009 (LM)","FM-15","7",,,,,,,,,,,,,,,,,,,,,,,,,,,
"72493023230","2015-12-15T13:53:00","FM-15","7",,,,,,,,,,,,,,,,,,,,,,,,,,,,,,,,,,,,,,,"30.15","24","58","0.00",,,,"27","30.14","FEW:02 220","30.05","10.00","44","030",,"16",,,,,,,,,,,,,,,,,,,,,,,,,,,,,,,,,,,,,"MET09912/15/15 13:53:02 METAR KOAK 152153Z 03014KT 10SM FEW220 14/M04 A3015 RMK AO2 SLP208 T01441044 (LM)","FM-15","7",,,,,,,,,,,,,,,,,,,,,,,,,,,
"72493023230","2015-12-15T14:53:00","FM-15","7",,,,,,,,,,,,,,,,,,,,,,,,,,,,,,,,,,,,,,,"30.15","24","58","0.00",,,,"27","30.15","FEW:02 220","30.05","10.00","44","010","20","11",,,,,,,,,,,,,,,,,,,,,,,,,,,,,,,,,,,,,"MET10212/15/15 14:53:02 METAR KOAK 152253Z 01010G17KT 10SM FEW220 14/M04 A3015 RMK AO2 SLP211 T01441044 (LM)","FM-15","7",,,,,,,,,,,,,,,,,,,,,,,,,,,
"72493023230","2015-12-15T15:53:00","FM-15","7",,,,,,,,,,,,,,,,,,,,,,,,,,,,,,,,,,,,,,,"30.17","24","56","0.00",,"-0.00","3","29","30.16","FEW:02 220","30.07","10.00","43","030",,"11",,,,,,,,,,,,,,,,,,,,,,,,,,,,,,,,,,,,,"MET11812/15/15 15:53:02 METAR KOAK 152353Z 03010KT 10SM FEW220 13/M04 A3017 RMK AO2 SLP215 T01331044 10150 20106 53000 (ALT)","FM-15","7",,,,,,,,,,,,,,,,,,,,,,,,,,,
"72493023230","2015-12-15T16:53:00","FM-15","7",,,,,,,,,,,,,,,,,,,,,,,,,,,,,,,,,,,,,,,"30.18","25","52","0.00",,,,"35","30.18","FEW:02 200","30.08","10.00","41","030",,"13",,,,,,,,,,,,,,,,,,,,,,,,,,,,,,,,,,,,,"MET09412/15/15 16:53:01 METAR KOAK 160053Z 03011KT 10SM FEW200 11/M04 A3018 RMK AO2 SLP219 T01111039","FM-15","7",,,,,,,,,,,,,,,,,,,,,,,,,,,
"72493023230","2015-12-15T17:53:00","FM-15","7",,,,,,,,,,,,,,,,,,,,,,,,,,,,,,,,,,,,,,,"30.18","25","50","0.00",,,,"38","30.18","FEW:02 200","30.08","10.00","40","350",,"7",,,,,,,,,,,,,,,,,,,,,,,,,,,,,,,,,,,,,"MET09412/15/15 17:53:01 METAR KOAK 160153Z 35006KT 10SM FEW200 10/M04 A3018 RMK AO2 SLP221 T01001039","FM-15","7",,,,,,,,,,,,,,,,,,,,,,,,,,,
"72493023230","2015-12-15T18:53:00","FM-15","7",,,,,,,,,,,,,,,,,,,,,,,,,,,,,,,,,,,,,,,"30.19","27","46","0.00",,"-0.02","1","47","30.19","CLR:00","30.09","10.00","38","030",,"9",,,,,,,,,,,,,,,,,,,,,,,,,,,,,,,,,,,,,"MET09712/15/15 18:53:02 METAR KOAK 160253Z 03008KT 10SM CLR 08/M03 A3019 RMK AO2 SLP223 T00781028 51007","FM-15","7",,,,,,,,,,,,,,,,,,,,,,,,,,,
"72493023230","2015-12-15T19:53:00","FM-15","7",,,,,,,,,,,,,,,,,,,,,,,,,,,,,,,,,,,,,,,"30.21","26","47","0.00",,,,"44","30.21","CLR:00","30.11","10.00","39","000",,"0",,,,,,,,,,,,,,,,,,,,,,,,,,,,,,,,,,,,,"MET09112/15/15 19:53:02 METAR KOAK 160353Z 00000KT 10SM CLR 08/M03 A3021 RMK AO2 SLP229 T00831033","FM-15","7",,,,,,,,,,,,,,,,,,,,,,,,,,,
"72493023230","2015-12-15T20:53:00","FM-15","7",,,,,,,,,,,,,,,,,,,,,,,,,,,,,,,,,,,,,,,"30.21","26","46","0.00",,,,"46","30.21","CLR:00","30.11","10.00","38","110",,"3",,,,,,,,,,,,,,,,,,,,,,,,,,,,,,,,,,,,,"MET09112/15/15 20:53:02 METAR KOAK 160453Z 11003KT 10SM CLR 08/M03 A3021 RMK AO2 SLP229 T00781033","FM-15","7",,,,,,,,,,,,,,,,,,,,,,,,,,,
"72493023230","2015-12-15T21:53:00","FM-15","6",,,,,,,,,,,,,,,,,,,,,,,,,,,,,,,,,,,,,,,"30.22","27","42","0.00",,"-0.03","1","55","30.22","CLR:00","30.12","10.00","36","060",,"3",,,,,,,,,,,,,,,,,,,,,,,,,,,,,,,,,,,,,"MET10912/15/15 21:53:02 METAR KOAK 160553Z 06003KT 10SM CLR 06/M03 A3022 RMK AO2 SLP232 T00561028 10133 20044 51010","FM-15","6",,,,,,,,,,,,,,,,,,,,,,,,,,,
"72493023230","2015-12-15T22:53:00","FM-15","7",,,,,,,,,,,,,,,,,,,,,,,,,,,,,,,,,,,,,,,"30.22","27","40","0.00",,,,"60","30.22","CLR:00","30.12","10.00","35","070",,"3",,,,,,,,,,,,,,,,,,,,,,,,,,,,,,,,,,,,,"MET09112/15/15 22:53:02 METAR KOAK 160653Z 07003KT 10SM CLR 04/M03 A3022 RMK AO2 SLP232 T00441028","FM-15","7",,,,,,,,,,,,,,,,,,,,,,,,,,,
"72493023230","2015-12-15T23:53:00","FM-15","7",,,,,,,,,,,,,,,,,,,,,,,,,,,,,,,,,,,,,,,"30.22","28","40","0.00",,,,"63","30.22","CLR:00","30.12","10.00","35","100",,"3",,,,,,,,,,,,,,,,,,,,,,,,,,,,,,,,,,,,,"MET10112/15/15 23:53:02 METAR KOAK 160753Z 10003KT 10SM CLR 04/M02 A3022 RMK AO2 SLP233 T00441022 401670017","FM-15","7",,,,,,,,,,,,,,,,,,,,,,,,,,,
"72493023230","2015-12-15T23:59:00","SOD  ","6",,,,,,,,,,,,,,,,,,"49",,,"30.08",,"6.4","0","0.2","16","62","35","030","25","0.00","0","0.0","020","22",,,,,,,,,,,,,,,,,,,,,,,,,,,,,,,,,,,,,,,,,,,,,,,,,,,,,,,,"SOD73924 HR PRECIPITATION (IN): 0.00 SNOW DEPTH (IN):0     24 HR SNOWFALL (IN):0.0  24 HR MAX TEMP (F): 6224 HR MIN TEMP (F): 35AVERAGE STATION PRESSURE:30.080 MINIMUM SEA LEVEL PRESSURE:30.12 TIME OF OCCURRENCE:0136 PEAK WIND SPEED (MPH): 25 PEAK WIND DIR (DEG): 30 PEAK WIND TIME (LST):      FASTEST 2MIN SPEED (MPH): 22FASTEST 2MIN DIR (DEG): 20 FASTEST 2MIN TIME (LST):     AVERAGE WIND SPEED (MPH): 6.4 24 HR AVG TEMP (F): 49DEPART FROM NORMAL:  0  HEATING DEGREE DAYS: 16 COOLING DEGREE DAYS:  0 LATEST DAY MAX TEMP (0700-1900 LST):59  LATEST NIGHT MIN TEMP(1900-0800 LST):35 HOURLY INCREMENTAL PRECIPITATION VALUES (IN):    M    M    M    M    M    M    M    M    M    M    0.00 0.00 0.00 0.00 0.00 0.00 0.00 0.00 0.00 0.00 0.00 0.00 0.00","SOD  ","6",,,,,,,,,,,,,,,,,,,,,,,,,"0717","1651",
"72493023230","2015-12-16T00:53:00","FM-15","7",,,,,,,,,,,,,,,,,,,,,,,,,,,,,,,,,,,,,,,"30.22","29","38","0.00",,"-0.00","0","70","30.22","SCT:04 200","30.12","10.00","34","060",,"3",,,,,,,,,,,,,,,,,,,,,,,,,,,,,,,,,,,,,"MET10512/16/15 00:53:02 METAR KOAK 160853Z 06003KT 10SM SCT200 03/M02 A3022 RMK AO2 SLP232 T00331017 50000 (DB)","FM-15","7",,,,,,,,,,,,,,,,,,,,,,,,,,,
"72493023230","2015-12-16T01:53:00","FM-15","7",,,,,,,,,,,,,,,,,,,,,,,,,,,,,,,,,,,,,,,"30.22","29","40","0.00",,,,"65","30.22","SCT:04 200","30.12","10.00","36","000",,"0",,,,,,,,,,,,,,,,,,,,,,,,,,,,,,,,,,,,,"MET09912/16/15 01:53:02 METAR KOAK 160953Z 00000KT 10SM SCT200 04/M02 A3022 RMK AO2 SLP232 T00441017 (DB)","FM-15","7",,,,,,,,,,,,,,,,,,,,,,,,,,,
"72493023230","2015-12-16T02:53:00","FM-15","7",,,,,,,,,,,,,,,,,,,,,,,,,,,,,,,,,,,,,,,"30.23","29","38","0.00",,,,"70","30.22","FEW:02 200","30.13","10.00","34","000",,"0",,,,,,,,,,,,,,,,,,,,,,,,,,,,,,,,,,,,,"MET09912/16/15 02:53:02 METAR KOAK 161053Z 00000KT 10SM FEW200 03/M02 A3023 RMK AO2 SLP234 T00331017 (DB)","FM-15","7",,,,,,,,,,,,,,,,,,,,,,,,,,,
"72493023230","2015-12-16T03:53:00","FM-15","7",,,,,,,,,,,,,,,,,,,,,,,,,,,,,,,,,,,,,,,"30.23","29","40","0.00",,"-0.01","0","65","30.22","CLR:00","30.13","10.00","36","120",,"6",,,,,,,,,,,,,,,,,,,,,,,,,,,,,,,,,,,,,"MET11412/16/15 03:53:02 METAR KOAK 161153Z 12005KT 10SM CLR 04/M02 A3023 RMK AO2 SLP234 T00441017 10078 20028 50002 (DB)","FM-15","7",,,,,,,,,,,,,,,,,,,,,,,,,,,
"72493023230","2015-12-16T04:53:00","FM-15","7",,,,,,,,,,,,,,,,,,,,,,,,,,,,,,,,,,,,,,,"30.22","30","40","0.00",,,,"68","30.22","CLR:00","30.12","10.00","36","120",,"8",,,,,,,,,,,,,,,,,,,,,,,,,,,,,,,,,,,,,"MET09612/16/15 04:53:02 METAR KOAK 161253Z 12007KT 10SM CLR 04/M01 A3022 RMK AO2 SLP234 T00441011 (DB)","FM-15","7",,,,,,,,,,,,,,,,,,,,,,,,,,,
"72493023230","2015-12-16T05:53:00","FM-15","7",,,,,,,,,,,,,,,,,,,,,,,,,,,,,,,,,,,,,,,"30.22","30","41","0.00",,,,"65","30.22","CLR:00","30.12","10.00","37","130",,"8",,,,,,,,,,,,,,,,,,,,,,,,,,,,,,,,,,,,,"MET09612/16/15 05:53:02 METAR KOAK 161353Z 13007KT 10SM CLR 05/M01 A3022 RMK AO2 SLP232 T00501011 (DB)","FM-15","7",,,,,,,,,,,,,,,,,,,,,,,,,,,
"72493023230","2015-12-16T06:53:00","FM-15","7",,,,,,,,,,,,,,,,,,,,,,,,,,,,,,,,,,,,,,,"30.23","29","39","0.00",,"-0.01","3","67","30.23","FEW:02 200","30.13","10.00","35","130",,"7",,,,,,,,,,,,,,,,,,,,,,,,,,,,,,,,,,,,,"MET10512/16/15 06:53:02 METAR KOAK 161453Z 13006KT 10SM FEW200 04/M02 A3023 RMK AO2 SLP237 T00391017 53002 (DB)","FM-15","7",,,,,,,,,,,,,,,,,,,,,,,,,,,
"72493023230","2015-12-16T07:53:00","FM-15","7",,,,,,,,,,,,,,,,,,,,,,,,,,,,,,,,,,,,,,,"30.24","29","39","0.00",,,,"67","30.24","FEW:02 200","30.14","10.00","35","030",,"3",,,,,,,,,,,,,,,,,,,,,,,,,,,,,,,,,,,,,"MET09912/16/15 07:53:02 METAR KOAK 161553Z 03003KT 10SM FEW200 04/M02 A3024 RMK AO2 SLP241 T00391017 (WS)","FM-15","7",,,,,,,,,,,,,,,,,,,,,,,,,,,
"72493023230","2015-12-16T08:53:00","FM-15","7",,,,,,,,,,,,,,,,,,,,,,,,,,,,,,,,,,,,,,,"30.26","31","45","0.00",,,,"58","30.25","FEW:02 200","30.16","10.00","39","000",,"0",,,,,,,,,,,,,,,,,,,,,,,,,,,,,,,,,,,,,"MET09912/16/15 08:53:02 METAR KOAK 161653Z 00000KT 10SM FEW200 07/M01 A3026 RMK AO2 SLP245 T00721006 (WS)","FM-15","7",,,,,,,,,,,,,,,,,,,,,,,,,,,
"72493023230","2015-12-16T09:53:00","FM-15","7",,,,,,,,,,,,,,,,,,,,,,,,,,,,,,,,,,,,,,,"30.27","33","47","0.00",,"-0.04","3","59","30.27","FEW:02 80 FEW:02 200","30.17","10.00","41","190",,"5",,,,,,,,,,,,,,,,,,,,,,,,,,,,,,,,,,,,,"MET12312/16/15 09:53:02 METAR KOAK 161753Z 19004KT 10SM FEW080 FEW200 08/01 A3027 RMK AO2 SLP251 T00830006 10089 20033 53015 (WS)","FM-15","7",,,,,,,,,,,,,,,,,,,,,,,,,,,
"72493023230","2015-12-16T10:53:00","FM-15","7",,,,,,,,,,,,,,,,,,,,,,,,,,,,,,,,,,,,,,,"30.25","34","49","0.00",,,,"56","30.25","FEW:02 80 FEW:02 200","30.15","10.00","42","200",,"5",,,,,,,,,,,,,,,,,,,,,,,,,,,,,,,,,,,,,"MET10512/16/15 10:53:02 METAR KOAK 161853Z 20004KT 10SM FEW080 FEW200 09/01 A3025 RMK AO2 SLP245 T00940011 (WS)","FM-15","7",,,,,,,,,,,,,,,,,,,,,,,,,,,
"72493023230","2015-12-16T11:53:00","FM-15","7",,,,,,,,,,,,,,,,,,,,,,,,,,,,,,,,,,,,,,,"30.24","32","50","0.00",,,,"50","30.24","FEW:02 50 FEW:02 200","30.14","10.00","42","240",,"6",,,,,,,,,,,,,,,,,,,,,,,,,,,,,,,,,,,,,"MET10512/16/15 11:53:02 METAR KOAK 161953Z 24005KT 10SM FEW050 FEW200 10/00 A3024 RMK AO2 SLP240 T01000000 (WS)","FM-15","7",,,,,,,,,,,,,,,,,,,,,,,,,,,
"72493023230","2015-12-16T12:53:00","FM-15","7",,,,,,,,,,,,,,,,,,,,,,,,,,,,,,,,,,,,,,,"30.23","35","53","0.00",,"+0.04","6","51","30.24","FEW:02 50 FEW:02 200","30.13","10.00","45","310",,"9",,,,,,,,,,,,,,,,,,,,,,,,,,,,,,,,,,,,,"MET11112/16/15 12:53:02 METAR KOAK 162053Z 31008KT 10SM FEW050 FEW200 12/02 A3023 RMK AO2 SLP239 T01170017 56013 (WS)","FM-15","7",,,,,,,,,,,,,,,,,,,,,,,,,,,
"72493023230","2015-12-16T13:53:00","FM-15","7",,,,,,,,,,,,,,,,,,,,,,,,,,,,,,,,,,,,,,,"30.23","37","54","0.00",,,,"53","30.22","FEW:02 50 FEW:02 200","30.13","10.00","46","300",,"11",,,,,,,,,,,,,,,,,,,,,,,,,,,,,,,,,,,,,"MET10512/16/15 13:53:02 METAR KOAK 162153Z 30010KT 10SM FEW050 FEW200 12/03 A3023 RMK AO2 SLP235 T01220028 (WS)","FM-15","7",,,,,,,,,,,,,,,,,,,,,,,,,,,
"72493023230","2015-12-16T14:53:00","FM-15","7",,,,,,,,,,,,,,,,,,,,,,,,,,,,,,,,,,,,,,,"30.22","38","56","0.00",,,,"51","30.22","FEW:02 35 FEW:02 200","30.12","10.00","47","300",,"8",,,,,,,,,,,,,,,,,,,,,,,,,,,,,,,,,,,,,"MET10512/16/15 14:53:02 METAR KOAK 162253Z 30007KT 10SM FEW035 FEW200 13/03 A3022 RMK AO2 SLP232 T01330033 (WS)","FM-15","7",,,,,,,,,,,,,,,,,,,,,,,,,,,
"72493023230","2015-12-16T15:53:00","FM-15","7",,,,,,,,,,,,,,,,,,,,,,,,,,,,,,,,,,,,,,,"30.22","39","54","0.00",,"+0.01","5","57","30.22","FEW:02 35 FEW:02 200","30.12","10.00","47","300",,"8",,,,,,,,,,,,,,,,,,,,,,,,,,,,,,,,,,,,,"MET12412/16/15 15:53:02 METAR KOAK 162353Z 30007KT 10SM FEW035 FEW200 12/04 A3022 RMK AO2 SLP233 T01220039 10133 20083 55005 (ALT)","FM-15","7",,,,,,,,,,,,,,,,,,,,,,,,,,,
"72493023230","2015-12-16T16:53:00","FM-15","7",,,,,,,,,,,,,,,,,,,,,,,,,,,,,,,,,,,,,,,"30.22","39","51","0.00",,,,"64","30.22","FEW:02 200","30.12","10.00","45","300",,"8",,,,,,,,,,,,,,,,,,,,,,,,,,,,,,,,,,,,,"MET09312/16/15 16:53:01 METAR KOAK 170053Z 30007KT 10SM FEW200 11/04 A3022 RMK AO2 SLP235 T01060039","FM-15","7",,,,,,,,,,,,,,,,,,,,,,,,,,,
"72493023230","2015-12-16T17:53:00","FM-15","7",,,,,,,,,,,,,,,,,,,,,,,,,,,,,,,,,,,,,,,"30.23","33","46","0.00",,,,"61","30.23","FEW:02 200","30.13","10.00","40","020",,"6",,,,,,,,,,,,,,,,,,,,,,,,,,,,,,,,,,,,,"MET09312/16/15 17:53:01 METAR KOAK 170153Z 02005KT 10SM FEW200 08/01 A3023 RMK AO2 SLP238 T00780006","FM-15","7",,,,,,,,,,,,,,,,,,,,,,,,,,,
"72493023230","2015-12-16T18:53:00","FM-15","7",,,,,,,,,,,,,,,,,,,,,,,,,,,,,,,,,,,,,,,"30.24","32","44","0.00",,"-0.02","3","63","30.24","FEW:02 200","30.14","10.00","39","000",,"0",,,,,,,,,,,,,,,,,,,,,,,,,,,,,,,,,,,,,"MET09912/16/15 18:53:01 METAR KOAK 170253Z 00000KT 10SM FEW200 07/00 A3024 RMK AO2 SLP240 T00670000 53006","FM-15","7",,,,,,,,,,,,,,,,,,,,,,,,,,,
"72493023230","2015-12-16T19:53:00","FM-15","7",,,,,,,,,,,,,,,,,,,,,,,,,,,,,,,,,,,,,,,"30.26","32","46","0.00",,,,"58","30.26","FEW:02 150","30.16","10.00","40","070",,"3",,,,,,,,,,,,,,,,,,,,,,,,,,,,,,,,,,,,,"MET09312/16/15 19:53:02 METAR KOAK 170353Z 07003KT 10SM FEW150 08/00 A3026 RMK AO2 SLP246 T00780000","FM-15","7",,,,,,,,,,,,,,,,,,,,,,,,,,,
"72493023230","2015-12-16T20:53:00","FM-15","7",,,,,,,,,,,,,,,,,,,,,,,,,,,,,,,,,,,,,,,"30.26","32","45","0.00",,,,"61","30.26","FEW:02 150","30.16","10.00","40","070",,"3",,,,,,,,,,,,,,,,,,,,,,,,,,,,,,,,,,,,,"MET09312/16/15 20:53:02 METAR KOAK 170453Z 07003KT 10SM FEW150 07/00 A3026 RMK AO2 SLP247 T00720000","FM-15","7",,,,,,,,,,,,,,,,,,,,,,,,,,,
"72493023230","2015-12-16T21:53:00","FM-15","7",,,,,,,,,,,,,,,,,,,,,,,,,,,,,,,,,,,,,,,"30.27","32","42","0.00",,"-0.02","1","68","30.27","FEW:02 90 SCT:04 120","30.17","10.00","38","090",,"3",,,,,,,,,,,,,,,,,,,,,,,,,,,,,,,,,,,,,"MET11812/16/15 21:53:02 METAR KOAK 170553Z 09003KT 10SM FEW090 SCT120 06/00 A3027 RMK AO2 SLP249 T00560000 10122 20056 51008","FM-15","7",,,,,,,,,,,,,,,,,,,,,,,,,,,
"72493023230","2015-12-16T22:53:00","FM-15","7",,,,,,,,,,,,,,,,,,,,,,,,,,,,,,,,,,,,,,,"30.27","33","45","0.00",,,,"63","30.27","BKN:07 110","30.17","10.00","40","000",,"0",,,,,,,,,,,,,,,,,,,,,,,,,,,,,,,,,,,,,"MET09312/16/15 22:53:02 METAR KOAK 170653Z 00000KT 10SM BKN110 07/01 A3027 RMK AO2 SLP250 T00720006","FM-15","7",,,,,,,,,,,,,,,,,,,,,,,,,,,
"72493023230","2015-12-16T23:53:00","FM-15","7",,,,,,,,,,,,,,,,,,,,,,,,,,,,,,,,,,,,,,,"30.27","32","43","0.00",,,,"65","30.26","SCT:04 150","30.17","10.00","38","000",,"0",,,,,,,,,,,,,,,,,,,,,,,,,,,,,,,,,,,,,"MET10312/16/15 23:53:02 METAR KOAK 170753Z 00000KT 10SM SCT150 06/00 A3027 RMK AO2 SLP248 T00610000 401330028","FM-15","7",,,,,,,,,,,,,,,,,,,,,,,,,,,
"72493023230","2015-12-16T23:59:00","SOD  ","6",,,,,,,,,,,,,,,,,,"47",,,"30.14",,"4.6","0","-1.7","18","56","37","300","14","0.00","0","0.0","300","13",,,,,,,,,,,,,,,,,,,,,,,,,,,,,,,,,,,,,,,,,,,,,,,,,,,,,,,,"SOD73924 HR PRECIPITATION (IN): 0.00 SNOW DEPTH (IN):0     24 HR SNOWFALL (IN):0.0  24 HR MAX TEMP (F): 5624 HR MIN TEMP (F): 37AVERAGE STATION PRESSURE:30.145 MINIMUM SEA LEVEL PRESSURE:30.21 TIME OF OCCURRENCE:1558 PEAK WIND SPEED (MPH): 14 PEAK WIND DIR (DEG):300 PEAK WIND TIME (LST):      FASTEST 2MIN SPEED (MPH): 13FASTEST 2MIN DIR (DEG):300 FASTEST 2MIN TIME (LST):     AVERAGE WIND SPEED (MPH): 4.6 24 HR AVG TEMP (F): 47DEPART FROM NORMAL: -2  HEATING DEGREE DAYS: 18 COOLING DEGREE DAYS:  0 LATEST DAY MAX TEMP (0700-1900 LST):56  LATEST NIGHT MIN TEMP(1900-0800 LST):37 HOURLY INCREMENTAL PRECIPITATION VALUES (IN):.00 0.00 0.00 0.00 0.00 0.00 0.00 0.00 0.00 0.00 0.00 0.00 0.00 0.00 0.00 0.00 0.00 0.00 0.00 0.00 0.00 0.00 0.00 0.00","SOD  ","6",,,,,,,,,,,,,,,,,,,,,,,,,"0718","1652",
"72493023230","2015-12-17T00:53:00","FM-15","7",,,,,,,,,,,,,,,,,,,,,,,,,,,,,,,,,,,,,,,"30.27","31","39","0.00",,"-0.01","1","73","30.27","FEW:02 150","30.17","10.00","36","050",,"5",,,,,,,,,,,,,,,,,,,,,,,,,,,,,,,,,,,,,"MET10512/17/15 00:53:02 METAR KOAK 170853Z 05004KT 10SM FEW150 04/M01 A3027 RMK AO2 SLP251 T00391006 51002 (DB)","FM-15","7",,,,,,,,,,,,,,,,,,,,,,,,,,,
"72493023230","2015-12-17T01:53:00","FM-15","7",,,,,,,,,,,,,,,,,,,,,,,,,,,,,,,,,,,,,,,"30.26","32","41","0.00",,,,"70","30.26","FEW:02 120","30.16","10.00","37","000",,"0",,,,,,,,,,,,,,,,,,,,,,,,,,,,,,,,,,,,,"MET09812/17/15 01:53:02 METAR KOAK 170953Z 00000KT 10SM FEW120 05/00 A3026 RMK AO2 SLP247 T00500000 (DB)","FM-15","7",,,,,,,,,,,,,,,,,,,,,,,,,,,
"72493023230","2015-12-17T02:53:00","FM-15","7",,,,,,,,,,,,,,,,,,,,,,,,,,,,,,,,,,,,,,,"30.27","32","40","0.00",,,,"73","30.27","CLR:00","30.17","10.00","37","050",,"5",,,,,,,,,,,,,,,,,,,,,,,,,,,,,,,,,,,,,"MET09512/17/15 02:53:02 METAR KOAK 171053Z 05004KT 10SM CLR 04/00 A3027 RMK AO2 SLP249 T00440000 (DB)","FM-15","7",,,,,,,,,,,,,,,,,,,,,,,,,,,
"72493023230","2015-12-17T03:53:00","FM-15","7",,,,,,,,,,,,,,,,,,,,,,,,,,,,,,,,,,,,,,,"30.27","33","40","0.00",,"+0.00","6","77","30.27","FEW:02 120 BKN:07 150","30.17","10.00","37","000",,"0",,,,,,,,,,,,,,,,,,,,,,,,,,,,,,,,,,,,,"MET12312/17/15 03:53:02 METAR KOAK 171153Z 00000KT 10SM FEW120 BKN150 04/01 A3027 RMK AO2 SLP249 T00440006 10072 20033 56001 (DB)","FM-15","7",,,,,,,,,,,,,,,,,,,,,,,,,,,
"72493023230","2015-12-17T04:53:00","FM-15","7",,,,,,,,,,,,,,,,,,,,,,,,,,,,,,,,,,,,,,,"30.27","32","40","0.00",,,,"73","30.27","FEW:02 120","30.17","10.00","37","130",,"3",,,,,,,,,,,,,,,,,,,,,,,,,,,,,,,,,,,,,"MET09812/17/15 04:53:02 METAR KOAK 171253Z 13003KT 10SM FEW120 04/00 A3027 RMK AO2 SLP250 T00440000 (DB)","FM-15","7",,,,,,,,,,,,,,,,,,,,,,,,,,,
"72493023230","2015-12-17T05:53:00","FM-15","7",,,,,,,,,,,,,,,,,,,,,,,,,,,,,,,,,,,,,,,"30.28","32","38","0.00",,,,"79","30.27","FEW:02 150","30.18","10.00","36","080",,"3",,,,,,,,,,,,,,,,,,,,,,,,,,,,,,,,,,,,,"MET09812/17/15 05:53:02 METAR KOAK 171353Z 08003KT 10SM FEW150 03/00 A3028 RMK AO2 SLP252 T00330000 (DB)","FM-15","7",,,,,,,,,,,,,,,,,,,,,,,,,,,
"72493023230","2015-12-17T06:53:00","FM-15","7",,,,,,,,,,,,,,,,,,,,,,,,,,,,,,,,,,,,,,,"30.28","32","39","0.00",,"-0.01","3","76","30.28","FEW:02 150","30.18","10.00","36","120",,"5",,,,,,,,,,,,,,,,,,,,,,,,,,,,,,,,,,,,,"MET10412/17/15 06:53:02 METAR KOAK 171453Z 12004KT 10SM FEW150 04/00 A3028 RMK AO2 SLP253 T00390000 53003 (DB)","FM-15","7",,,,,,,,,,,,,,,,,,,,,,,,,,,
"72493023230","2015-12-17T07:53:00","FM-15","7",,,,,,,,,,,,,,,,,,,,,,,,,,,,,,,,,,,,,,,"30.29","33","41","0.00",,,,"73","30.29","FEW:02 50 SCT:04 150","30.19","10.00","38","130",,"5",,,,,,,,,,,,,,,,,,,,,,,,,,,,,,,,,,,,,"MET10512/17/15 07:53:02 METAR KOAK 171553Z 13004KT 10SM FEW050 SCT150 05/01 A3029 RMK AO2 SLP256 T00500006 (LM)","FM-15","7",,,,,,,,,,,,,,,,,,,,,,,,,,,
"72493023230","2015-12-17T08:53:00","FM-15","7",,,,,,,,,,,,,,,,,,,,,,,,,,,,,,,,,,,,,,,"30.29","35","46","0.00",,,,"66","30.29","FEW:02 50 SCT:04 150","30.19","10.00","41","110",,"3",,,,,,,,,,,,,,,,,,,,,,,,,,,,,,,,,,,,,"MET10512/17/15 08:53:02 METAR KOAK 171653Z 11003KT 10SM FEW050 SCT150 08/02 A3029 RMK AO2 SLP256 T00780017 (LM)","FM-15","7",,,,,,,,,,,,,,,,,,,,,,,,,,,
"72493023230","2015-12-17T09:53:00","FM-15","7",,,,,,,,,,,,,,,,,,,,,,,,,,,,,,,,,,,,,,,"30.30","35","48","0.00",,"-0.02","3","61","30.30","FEW:02 20 FEW:02 50 BKN:07 200","30.20","10.00","42","180",,"5",,,,,,,,,,,,,,,,,,,,,,,,,,,,,,,,,,,,,"MET13012/17/15 09:53:02 METAR KOAK 171753Z 18004KT 10SM FEW020 FEW050 BKN200 09/02 A3030 RMK AO2 SLP261 T00890017 10094 20033 53008 (LM)","FM-15","7",,,,,,,,,,,,,,,,,,,,,,,,,,,
"72493023230","2015-12-17T10:53:00","FM-15","7",,,,,,,,,,,,,,,,,,,,,,,,,,,,,,,,,,,,,,,"30.30","37","50","0.00",,,,"61","30.29","SCT:04 17 BKN:07 50 BKN:07 200","30.20","10.00","44","170",,"6",,,,,,,,,,,,,,,,,,,,,,,,,,,,,,,,,,,,,"MET11212/17/15 10:53:02 METAR KOAK 171853Z 17005KT 10SM SCT017 BKN050 BKN200 10/03 A3030 RMK AO2 SLP258 T01000028 (LM)","FM-15","7",,,,,,,,,,,,,,,,,,,,,,,,,,,
"72493023230","2015-12-17T11:53:00","FM-15","7",,,,,,,,,,,,,,,,,,,,,,,,,,,,,,,,,,,,,,,"30.27","37","51","0.00",,,,"59","30.27","FEW:02 17 SCT:04 120 BKN:07 200","30.17","10.00","45","200",,"3",,,,,,,,,,,,,,,,,,,,,,,,,,,,,,,,,,,,,"MET11212/17/15 11:53:02 METAR KOAK 171953Z 20003KT 10SM FEW017 SCT120 BKN200 11/03 A3027 RMK AO2 SLP250 T01060028 (LM)","FM-15","7",,,,,,,,,,,,,,,,,,,,,,,,,,,
"72493023230","2015-12-17T12:53:00","FM-15","7",,,,,,,,,,,,,,,,,,,,,,,,,,,,,,,,,,,,,,,"30.24","40","55","0.00",,"+0.06","8","57","30.24","BKN:07 21 BKN:07 180","30.14","10.00","48","160",,"5",,,,,,,,,,,,,,,,,,,,,,,,,,,,,,,,,,,,,"MET11112/17/15 12:53:02 METAR KOAK 172053Z 16004KT 10SM BKN021 BKN180 13/04 A3024 RMK AO2 SLP241 T01280044 58019 (LM)","FM-15","7",,,,,,,,,,,,,,,,,,,,,,,,,,,
"72493023230","2015-12-17T13:53:00","FM-15","7",,,,,,,,,,,,,,,,,,,,,,,,,,,,,,,,,,,,,,,"30.23","46","57","0.00",,,,"67","30.22","BKN:07 23 BKN:07 180","30.13","10.00","51","280",,"3",,,,,,,,,,,,,,,,,,,,,,,,,,,,,,,,,,,,,"MET10512/17/15 13:53:02 METAR KOAK 172153Z 28003KT 10SM BKN023 BKN180 14/08 A3023 RMK AO2 SLP235 T01390078 (LM)","FM-15","7",,,,,,,,,,,,,,,,,,,,,,,,,,,
"72493023230","2015-12-17T14:53:00","FM-15","7",,,,,,,,,,,,,,,,,,,,,,,,,,,,,,,,,,,,,,,"30.21","46","57","0.00",,,,"67","30.21","OVC:08 24","30.11","10.00","51","330",,"3",,,,,,,,,,,,,,,,,,,,,,,,,,,,,,,,,,,,,"MET09812/17/15 14:53:02 METAR KOAK 172253Z 33003KT 10SM OVC024 14/08 A3021 RMK AO2 SLP230 T01390078 (LM)","FM-15","7",,,,,,,,,,,,,,,,,,,,,,,,,,,
"72493023230","2015-12-17T15:53:00","FM-15","7",,,,,,,,,,,,,,,,,,,,,,,,,,,,,,,,,,,,,,,"30.21","46","57","0.00",,"+0.04","6","67","30.21","OVC:08 25","30.11","10.00","51","000",,"0",,,,,,,,,,,,,,,,,,,,,,,,,,,,,,,,,,,,,"MET11712/17/15 15:53:02 METAR KOAK 172353Z 00000KT 10SM OVC025 14/08 A3021 RMK AO2 SLP229 T01390078 10144 20089 56012 (ALT)","FM-15","7",,,,,,,,,,,,,,,,,,,,,,,,,,,
"72493023230","2015-12-17T16:53:00","FM-15","7",,,,,,,,,,,,,,,,,,,,,,,,,,,,,,,,,,,,,,,"30.20","45","56","0.00",,,,"67","30.19","BKN:07 28 BKN:07 180","30.10","10.00","50","010",,"3",,,,,,,,,,,,,,,,,,,,,,,,,,,,,,,,,,,,,"MET10012/17/15 16:53:01 METAR KOAK 180053Z 01003KT 10SM BKN028 BKN180 13/07 A3020 RMK AO2 SLP225 T01330072","FM-15","7",,,,,,,,,,,,,,,,,,,,,,,,,,,
"72493023230","2015-12-17T17:53:00","FM-15","7",,,,,,,,,,,,,,,,,,,,,,,,,,,,,,,,,,,,,,,"30.20","46","54","0.00",,,,"75","30.20","BKN:07 29 BKN:07 180","30.10","10.00","50","300",,"7",,,,,,,,,,,,,,,,,,,,,,,,,,,,,,,,,,,,,"MET10012/17/15 17:53:01 METAR KOAK 180153Z 30006KT 10SM BKN029 BKN180 12/08 A3020 RMK AO2 SLP227 T01220078","FM-15","7",,,,,,,,,,,,,,,,,,,,,,,,,,,
"72493023230","2015-12-17T18:53:00","FM-15","7",,,,,,,,,,,,,,,,,,,,,,,,,,,,,,,,,,,,,,,"30.20","46","52","0.00",,"+0.01","6","80","30.20","BKN:07 29 BKN:07 180","30.10","10.00","49","000",,"0",,,,,,,,,,,,,,,,,,,,,,,,,,,,,,,,,,,,,"MET10612/17/15 18:53:01 METAR KOAK 180253Z 00000KT 10SM BKN029 BKN180 11/08 A3020 RMK AO2 SLP226 T01110078 56003","FM-15","7",,,,,,,,,,,,,,,,,,,,,,,,,,,
"72493023230","2015-12-17T19:05:00","FM-16","7",,,,,,,,,,,,,,,,,,,,,,,,,,,,,,,,,,,,,,,"30.20","46","54",,,,,"75",,"FEW:02 29 SCT:04 180","30.10","10.00","50","000",,"0",,,,,,,,,,,,,,,,,,,,,,,,,,,,,,,,,,,,,"MET09312/17/15 19:05:01 SPECI KOAK 180305Z 00000KT 10SM FEW029 SCT180 12/08 A3020 RMK AO2 T01220078","FM-16","7",,,,,,,,,,,,,,,,,,,,,,,,,,,
"72493023230","2015-12-17T19:53:00","FM-15","7",,,,,,,,,,,,,,,,,,,,,,,,,,,,,,,,,,,,,,,"30.20","44","49","0.00",,,,"83","30.20","FEW:02 29 SCT:04 180","30.10","10.00","47","050",,"3",,,,,,,,,,,,,,,,,,,,,,,,,,,,,,,,,,,,,"MET10012/17/15 19:53:02 METAR KOAK 180353Z 05003KT 10SM FEW029 SCT180 09/07 A3020 RMK AO2 SLP228 T00940067","FM-15","7",,,,,,,,,,,,,,,,,,,,,,,,,,,
"72493023230","2015-12-17T20:53:00","FM-15","7",,,,,,,,,,,,,,,,,,,,,,,,,,,,,,,,,,,,,,,"30.21","44","49","0.00",,,,"83","30.21","FEW:02 30 FEW:02 50 SCT:04 180","30.11","10.00","47","140",,"5",,,,,,,,,,,,,,,,,,,,,,,,,,,,,,,,,,,,,"MET10712/17/15 20:53:02 METAR KOAK 180453Z 14004KT 10SM FEW030 FEW050 SCT180 09/07 A3021 RMK AO2 SLP229 T00940067","FM-15","7",,,,,,,,,,,,,,,,,,,,,,,,,,,
"72493023230","2015-12-17T21:51:00","FM-16","6",,,,,,,,,,,,,,,,,,,,,,,,,,,,,,,,,,,,,,,"30.22","45","46",,,,,"93",,"BKN:07 28 BKN:07 50 BKN:07 180","30.12","10.00","46","000",,"0",,,,,,,,,,,,,,,,,,,,,,,,,,,,,,,,,,,,,"MET10112/17/15 21:51:03 SPECI KOAK 180551Z 00000KT 10SM BKN028 BKN050 BKN180 08/07 A3022 RMK AO2 FIBI (ALT)","FM-16","6",,,,,,,,,,,,,,,,,,,,,,,,,,,
"72493023230","2015-12-17T21:53:00","FM-15","7",,,,,,,,,,,,,,,,,,,,,,,,,,,,,,,,,,,,,,,"30.21","44","47","0.00",,"-0.01","2","90","30.21","BKN:07 28 BKN:07 50 BKN:07 180","30.11","10.00","46","000",,"0",,,,,,,,,,,,,,,,,,,,,,,,,,,,,,,,,,,,,"MET12512/17/15 21:53:02 METAR KOAK 180553Z 00000KT 10SM BKN028 BKN050 BKN180 08/07 A3021 RMK AO2 SLP231 T00830067 10139 20072 52005","FM-15","7",,,,,,,,,,,,,,,,,,,,,,,,,,,
"72493023230","2015-12-17T22:53:00","FM-15","7",,,,,,,,,,,,,,,,,,,,,,,,,,,,,,,,,,,,,,,"30.20","44","49","0.00",,,,"83","30.19","OVC:08 26","30.10","10.00","47","070",,"3",,,,,,,,,,,,,,,,,,,,,,,,,,,,,,,,,,,,,"MET09312/17/15 22:53:02 METAR KOAK 180653Z 07003KT 10SM OVC026 09/07 A3020 RMK AO2 SLP224 T00940067","FM-15","7",,,,,,,,,,,,,,,,,,,,,,,,,,,
"72493023230","2015-12-17T23:35:00","FM-16","7",,,,,,,,,,,,,,,,,,,,,,,,,,,,,,,,,,,,,,,"30.18","43","48",,,,,"83",,"SCT:04 25","30.08","10.00","46","120",,"7",,,,,,,,,,,,,,,,,,,,,,,,,,,,,,,,,,,,,"MET08612/17/15 23:35:02 SPECI KOAK 180735Z 12006KT 10SM SCT025 09/06 A3018 RMK AO2 T00890061","FM-16","7",,,,,,,,,,,,,,,,,,,,,,,,,,,
"72493023230","2015-12-17T23:53:00","FM-15","7",,,,,,,,,,,,,,,,,,,,,,,,,,,,,,,,,,,,,,,"30.17","43","49","0.00",,,,"80","30.17","FEW:02 24","30.07","10.00","46","120",,"8",,,,,,,,,,,,,,,,,,,,,,,,,,,,,,,,,,,,,"MET10312/17/15 23:53:02 METAR KOAK 180753Z 12007KT 10SM FEW024 09/06 A3017 RMK AO2 SLP216 T00940061 401440033","FM-15","7",,,,,,,,,,,,,,,,,,,,,,,,,,,
"72493023230","2015-12-17T23:59:00","SOD  ","6",,,,,,,,,,,,,,,,,,"48",,,"30.14",,"3.5","0","-0.6","17","58","38","280","11","0.00","0","0.0","120","9",,,,,,,,,,,,,,,,,,,,,,,,,,,,,,,,,,,,,,,,,,,,,,,,,,,,,,,,"SOD73924 HR PRECIPITATION (IN): 0.00 SNOW DEPTH (IN):0     24 HR SNOWFALL (IN):0.0  24 HR MAX TEMP (F): 5824 HR MIN TEMP (F): 38AVERAGE STATION PRESSURE:30.145 MINIMUM SEA LEVEL PRESSURE:30.17 TIME OF OCCURRENCE:2359 PEAK WIND SPEED (MPH): 11 PEAK WIND DIR (DEG):280 PEAK WIND TIME (LST):      FASTEST 2MIN SPEED (MPH):  9FASTEST 2MIN DIR (DEG):120 FASTEST 2MIN TIME (LST):     AVERAGE WIND SPEED (MPH): 3.5 24 HR AVG TEMP (F): 48DEPART FROM NORMAL: -1  HEATING DEGREE DAYS: 17 COOLING DEGREE DAYS:  0 LATEST DAY MAX TEMP (0700-1900 LST):58  LATEST NIGHT MIN TEMP(1900-0800 LST):38 HOURLY INCREMENTAL PRECIPITATION VALUES (IN):.00 0.00 0.00 0.00 0.00 0.00 0.00 0.00 0.00 0.00 0.00 0.00 0.00 0.00 0.00 0.00 0.00 0.00 0.00 0.00 0.00 0.00 0.00 0.00","SOD  ","6",,,,,,,,,,,,,,,,,,,,,,,,,"0718","1652",
"72493023230","2015-12-18T00:53:00","FM-15","7",,,,,,,,,,,,,,,,,,,,,,,,,,,,,,,,,,,,,,,"30.17","43","48","0.00",,"+0.05","6","83","30.16","FEW:02 25","30.07","10.00","46","130",,"8",,,,,,,,,,,,,,,,,,,,,,,,,,,,,,,,,,,,,"MET10412/18/15 00:53:02 METAR KOAK 180853Z 13007KT 10SM FEW025 09/06 A3017 RMK AO2 SLP214 T00890061 56017 (DB)","FM-15","7",,,,,,,,,,,,,,,,,,,,,,,,,,,
"72493023230","2015-12-18T01:53:00","FM-15","7",,,,,,,,,,,,,,,,,,,,,,,,,,,,,,,,,,,,,,,"30.14","42","46","0.00",,,,"86","30.14","CLR:00","30.04","10.00","44","120",,"6",,,,,,,,,,,,,,,,,,,,,,,,,,,,,,,,,,,,,"MET09512/18/15 01:53:02 METAR KOAK 180953Z 12005KT 10SM CLR 08/06 A3014 RMK AO2 SLP206 T00780056 (DB)","FM-15","7",,,,,,,,,,,,,,,,,,,,,,,,,,,
"72493023230","2015-12-18T02:53:00","FM-15","7",,,,,,,,,,,,,,,,,,,,,,,,,,,,,,,,,,,,,,,"30.14","41","45","0.00",,,,"86","30.13","CLR:00","30.04","9.00","43","130",,"3",,,,,,,,,,,,,,,,,,,,,,,,,,,,,,,,,,,,,"MET09412/18/15 02:53:02 METAR KOAK 181053Z 13003KT 9SM CLR 07/05 A3014 RMK AO2 SLP203 T00720050 (DB)","FM-15","7",,,,,,,,,,,,,,,,,,,,,,,,,,,
"72493023230","2015-12-18T03:53:00","FM-15","7",,,,,,,,,,,,,,,,,,,,,,,,,,,,,,,,,,,,,,,"30.13","42","46","0.00",,"+0.04","6","86","30.12","FEW:02 25","30.03","10.00","44","130",,"7",,,,,,,,,,,,,,,,,,,,,,,,,,,,,,,,,,,,,"MET11612/18/15 03:53:02 METAR KOAK 181153Z 13006KT 10SM FEW025 08/06 A3013 RMK AO2 SLP200 T00780056 10094 20072 56014 (DB)","FM-15","7",,,,,,,,,,,,,,,,,,,,,,,,,,,
"72493023230","2015-12-18T04:25:00","FM-16","7",,,,,,,,,,,,,,,,,,,,,,,,,,,,,,,,,,,,,,,"30.12","43","46",,,,,"89",,"BKN:07 26","30.02","10.00","45","130",,"3",,,,,,,,,,,,,,,,,,,,,,,,,,,,,,,,,,,,,"MET09112/18/15 04:25:02 SPECI KOAK 181225Z 13003KT 10SM BKN026 08/06 A3012 RMK AO2 T00780061 (DB)","FM-16","7",,,,,,,,,,,,,,,,,,,,,,,,,,,
"72493023230","2015-12-18T04:53:00","FM-15","7",,,,,,,,,,,,,,,,,,,,,,,,,,,,,,,,,,,,,,,"30.12","43","47","0.00",,,,"86","30.11","OVC:08 24","30.02","10.00","45","160",,"6",,,,,,,,,,,,,,,,,,,,,,,,,,,,,,,,,,,,,"MET09812/18/15 04:53:02 METAR KOAK 181253Z 16005KT 10SM OVC024 08/06 A3012 RMK AO2 SLP198 T00830061 (DB)","FM-15","7",,,,,,,,,,,,,,,,,,,,,,,,,,,
"72493023230","2015-12-18T05:53:00","FM-15","7",,,,,,,,,,,,,,,,,,,,,,,,,,,,,,,,,,,,,,,"30.11","42","46","0.00",,,,"86","30.11","BKN:07 27","30.01","9.00","44","100",,"3",,,,,,,,,,,,,,,,,,,,,,,,,,,,,,,,,,,,,"MET09712/18/15 05:53:02 METAR KOAK 181353Z 10003KT 9SM BKN027 08/06 A3011 RMK AO2 SLP196 T00780056 (DB)","FM-15","7",,,,,,,,,,,,,,,,,,,,,,,,,,,
"72493023230","2015-12-18T06:03:00","FM-16","6",,,,,,,,,,,,,,,,,,,,,,,,,,,,,,,,,,,,,,,"30.11","42","46",,,,,"86",,"SCT:04 27 BKN:07 50","30.01","9.00","44","140",,"5",,,,,,,,,,,,,,,,,,,,,,,,,,,,,,,,,,,,,"MET09712/18/15 06:03:02 SPECI KOAK 181403Z 14004KT 9SM SCT027 BKN050 08/06 A3011 RMK AO2 T00780056 (DB)","FM-16","6",,,,,,,,,,,,,,,,,,,,,,,,,,,
"72493023230","2015-12-18T06:53:00","FM-15","7",,,,,,,,,,,,,,,,,,,,,,,,,,,,,,,,,,,,,,,"30.11","43","47","0.00",,"+0.01","6","86","30.11","BKN:07 33 OVC:08 40","30.01","10.00","45","140",,"8",,,,,,,,,,,,,,,,,,,,,,,,,,,,,,,,,,,,,"MET11112/18/15 06:53:02 METAR KOAK 181453Z 14007KT 10SM BKN033 OVC040 08/06 A3011 RMK AO2 SLP196 T00830061 56004 (DB)","FM-15","7",,,,,,,,,,,,,,,,,,,,,,,,,,,
"72493023230","2015-12-18T07:11:00","FM-16","7",,,,,,,,,,,,,,,,,,,,,,,,,,,,,,,,,,,,,,,"30.12","43","47",,,,,"86",,"BKN:07 21 BKN:07 25 OVC:08 33","30.02","10.00","45","170",,"8",,,,,,,,,,,,,,,,,,,,,,,,,,,,,,,,,,,,,"MET10512/18/15 07:11:02 SPECI KOAK 181511Z 17007KT 10SM BKN021 BKN025 OVC033 08/06 A3012 RMK AO2 T00830061 (LM)","FM-16","7",,,,,,,,,,,,,,,,,,,,,,,,,,,
"72493023230","2015-12-18T07:51:00","FM-16","6",,,,,,,,,,,,,,,,,,,,,,,,,,,,,,,,,,,,,,,"30.11","43","46",,,,,"87",,"SCT:04 32","30.01","10.00","45","130",,"10",,,,,,,,,,,,,,,,,,,,,,,,,,,,,,,,,,,,,"MET08612/18/15 07:51:02 SPECI KOAK 181551Z 13009KT 10SM SCT032 08/06 A3011 RMK AO2 FIBI (LM)","FM-16","6",,,,,,,,,,,,,,,,,,,,,,,,,,,
"72493023230","2015-12-18T07:53:00","FM-15","7",,,,,,,,,,,,,,,,,,,,,,,,,,,,,,,,,,,,,,,"30.10","42","47","0.00",,,,"83","30.10","SCT:04 32","30.00","10.00","45","130",,"10",,,,,,,,,,,,,,,,,,,,,,,,,,,,,,,,,,,,,"MET09812/18/15 07:53:02 METAR KOAK 181553Z 13009KT 10SM SCT032 08/06 A3010 RMK AO2 SLP193 T00830056 (LM)","FM-15","7",,,,,,,,,,,,,,,,,,,,,,,,,,,
"72493023230","2015-12-18T08:53:00","FM-15","7",,,,,,,,,,,,,,,,,,,,,,,,,,,,,,,,,,,,,,,"30.11","42","50","0.00",,,,"74","30.11","FEW:02 32 FEW:02 180","30.01","10.00","46","140",,"10",,,,,,,,,,,,,,,,,,,,,,,,,,,,,,,,,,,,,"MET10512/18/15 08:53:02 METAR KOAK 181653Z 14009KT 10SM FEW032 FEW180 10/06 A3011 RMK AO2 SLP196 T01000056 (LM)","FM-15","7",,,,,,,,,,,,,,,,,,,,,,,,,,,
"72493023230","2015-12-18T09:53:00","FM-15","7",,,,,,,,,,,,,,,,,,,,,,,,,,,,,,,,,,,,,,,"30.11","43","53","0.00",,"+0.01","6","69","30.10","BKN:07 35","30.01","10.00","48","130",,"10",,,,,,,,,,,,,,,,,,,,,,,,,,,,,,,,,,,,,"MET11612/18/15 09:53:02 METAR KOAK 181753Z 13009KT 10SM BKN035 12/06 A3011 RMK AO2 SLP194 T01170061 10117 20078 56002 (LM)","FM-15","7",,,,,,,,,,,,,,,,,,,,,,,,,,,
"72493023230","2015-12-18T10:53:00","FM-15","7",,,,,,,,,,,,,,,,,,,,,,,,,,,,,,,,,,,,,,,"30.09","43","56","0.00",,,,"62","30.08","BKN:07 28 OVC:08 41","29.99","10.00","50","140",,"14",,,,,,,,,,,,,,,,,,,,,,,,,,,,,,,,,,,,,"MET10512/18/15 10:53:02 METAR KOAK 181853Z 14012KT 10SM BKN028 OVC041 13/06 A3009 RMK AO2 SLP187 T01330061 (LM)","FM-15","7",,,,,,,,,,,,,,,,,,,,,,,,,,,
"72493023230","2015-12-18T11:51:00","FM-16","7",,,,,,,,,,,,,,,,,,,,,,,,,,,,,,,,,,,,,,,"30.05","43","57",,,,,"59",,"SCT:04 29 BKN:07 39 BKN:07 48","29.96","10.00","50","150",,"14",,,,,,,,,,,,,,,,,,,,,,,,,,,,,,,,,,,,,"MET09512/18/15 11:51:02 SPECI KOAK 181951Z 15012KT 10SM SCT029 BKN039 BKN048 14/06 A3005 RMK AO2 (LM)","FM-16","7",,,,,,,,,,,,,,,,,,,,,,,,,,,
"72493023230","2015-12-18T11:53:00","FM-15","7",,,,,,,,,,,,,,,,,,,,,,,,,,,,,,,,,,,,,,,"30.05","43","57","0.00",,,,"60","30.05","SCT:04 29 BKN:07 39 BKN:07 48","29.96","10.00","50","150",,"14",,,,,,,,,,,,,,,,,,,,,,,,,,,,,,,,,,,,,"MET11212/18/15 11:53:02 METAR KOAK 181953Z 15012KT 10SM SCT029 BKN039 BKN048 14/06 A3005 RMK AO2 SLP175 T01390061 (LM)","FM-15","7",,,,,,,,,,,,,,,,,,,,,,,,,,,
"72493023230","2015-12-18T12:23:00","FM-16","7",,,,,,,,,,,,,,,,,,,,,,,,,,,,,,,,,,,,,,,"30.03","45","56",,,,,"67",,"OVC:08 27","29.93","10.00","50","150",,"10",,,,,,,,,,,,,,,,,,,,,,,,,,,,,,,,,,,,,"MET09112/18/15 12:23:02 SPECI KOAK 182023Z 15009KT 10SM OVC027 13/07 A3003 RMK AO2 T01330072 (LM)","FM-16","7",,,,,,,,,,,,,,,,,,,,,,,,,,,
"72493023230","2015-12-18T12:53:00","FM-15","6",,,,,,,,,,,,,,,,,,,,,,,,,,,,,,,,,,,,,,,"30.02","45","58","0.00",,"+0.07","6","62","30.01","BKN:07 27 BKN:07 34 OVC:08 45","29.92","10.00","51","150",,"11",,,,,,,,,,,,,,,,,,,,,,,,,,,,,,,,,,,,,"MET11812/18/15 12:53:02 METAR KOAK 182053Z 15010KT 10SM BKN027 BKN034 OVC045 14/07 A3002 RMK AO2 SLP164 T01440072 56023 (LM)","FM-15","6",,,,,,,,,,,,,,,,,,,,,,,,,,,
"72493023230","2015-12-18T13:53:00","FM-15","7",,,,,,,,,,,,,,,,,,,,,,,,,,,,,,,,,,,,,,,"30.00","45","58","0.00",,,,"62","30.00","OVC:08 29","29.91","10.00","51","150",,"10",,,,,,,,,,,,,,,,,,,,,,,,,,,,,,,,,,,,,"MET09812/18/15 13:53:02 METAR KOAK 182153Z 15009KT 10SM OVC029 14/07 A3000 RMK AO2 SLP158 T01440072 (LM)","FM-15","7",,,,,,,,,,,,,,,,,,,,,,,,,,,
"72493023230","2015-12-18T14:11:00","FM-16","7",,,,,,,,,,,,,,,,,,,,,,,,,,,,,,,,,,,,,,,"29.99","46","58",,,,,"65",,"BKN:07 30 BKN:07 45 OVC:08 55","29.89","10.00","52","140",,"9",,,,,,,,,,,,,,,,,,,,,,,,,,,,,,,,,,,,,"MET10512/18/15 14:11:02 SPECI KOAK 182211Z 14008KT 10SM BKN030 BKN045 OVC055 14/08 A2999 RMK AO2 T01440078 (LM)","FM-16","7",,,,,,,,,,,,,,,,,,,,,,,,,,,
"72493023230","2015-12-18T14:53:00","FM-15","7",,,,,,,,,,,,,,,,,,,,,,,,,,,,,,,,,,,,,,,"29.97","46","56","0.00",,,,"70","29.97","OVC:08 32","29.88","10.00","51","150",,"9",,,,,,,,,,,,,,,,,,,,,,,,,,,,,,,,,,,,,"MET09812/18/15 14:53:02 METAR KOAK 182253Z 15008KT 10SM OVC032 13/08 A2997 RMK AO2 SLP150 T01330078 (LM)","FM-15","7",,,,,,,,,,,,,,,,,,,,,,,,,,,
"72493023230","2015-12-18T15:53:00","FM-15","7",,,,,,,,,,,,,,,,,,,,,,,,,,,,,,,,,,,,,,,"29.96","47","56","0.00",,"+0.05","6","72","29.96","FEW:02 15 OVC:08 30","29.86","10.00","51","150",,"14",,,,,,,,,,,,,,,,,,,,,,,,,,,,,,,,,,,,,"MET12412/18/15 15:53:02 METAR KOAK 182353Z 15012KT 10SM FEW015 OVC030 13/08 A2996 RMK AO2 SLP146 T01330083 10150 20117 56018 (ALT)","FM-15","7",,,,,,,,,,,,,,,,,,,,,,,,,,,
"72493023230","2015-12-18T16:53:00","FM-15","7",,,,,,,,,,,,,,,,,,,,,,,,,,,,,,,,,,,,,,,"29.95","47","56","0.00",,,,"72","29.95","SCT:04 29 BKN:07 45 OVC:08 80","29.85","10.00","51","150",,"14",,,,,,,,,,,,,,,,,,,,,,,,,,,,,,,,,,,,,"MET10712/18/15 16:53:01 METAR KOAK 190053Z 15012KT 10SM SCT029 BKN045 OVC080 13/08 A2995 RMK AO2 SLP143 T01330083","FM-15","7",,,,,,,,,,,,,,,,,,,,,,,,,,,
"72493023230","2015-12-18T17:51:00","FM-16","6",,,,,,,,,,,,,,,,,,,,,,,,,,,,,,,,,,,,,,,"29.95","46","55",,,,,"72",,"BKN:07 29 BKN:07 42 OVC:08 80","29.85","10.00","50","160",,"11",,,,,,,,,,,,,,,,,,,,,,,,,,,,,,,,,,,,,"MET10112/18/15 17:51:03 SPECI KOAK 190151Z 16010KT 10SM BKN029 BKN042 OVC080 13/08 A2995 RMK AO2 FIBI (ALT)","FM-16","6",,,,,,,,,,,,,,,,,,,,,,,,,,,
"72493023230","2015-12-18T17:53:00","FM-15","7",,,,,,,,,,,,,,,,,,,,,,,,,,,,,,,,,,,,,,,"29.95","47","55","T",,,,"74","29.95","BKN:07 29 BKN:07 42 OVC:08 80","29.85","10.00","51","150",,"13",,,,,,,,,,,,,,,,,,,,,,,,,,,,,,,,,,,,,"MET10712/18/15 17:53:01 METAR KOAK 190153Z 15011KT 10SM BKN029 BKN042 OVC080 13/08 A2995 RMK AO2 SLP141 T01280083","FM-15","7",,,,,,,,,,,,,,,,,,,,,,,,,,,
"72493023230","2015-12-18T18:51:00","FM-16","6",,,,,,,,,,,,,,,,,,,,,,,,,,,,,,,,,,,,,,,"29.95","48","54",,"-RA:02 |RA |",,,"82",,"SCT:04 22 BKN:07 45 OVC:08 65","29.85","10.00","51","140",,"13",,,,,,,,,,,,,,,,,,,,,,,,,,,,,,,,,,,,,"MET11912/18/15 18:51:03 SPECI KOAK 190251Z 14011KT 10SM -RA SCT022 BKN045 OVC065 12/09 A2995 RMK AO2 RAB0155 P0000 FIBI (ALT)","FM-16","6",,,,,,,,,,,,,,,,,,,,,,,,,,,
"72493023230","2015-12-18T18:53:00","FM-15","7",,,,,,,,,,,,,,,,,,,,,,,,,,,,,,,,,,,,,,,"29.95","49","53","T","-RA:02 |RA |","+0.01","5","86","29.95","SCT:04 22 BKN:07 45 OVC:08 65","29.85","10.00","51","140",,"13",,,,,,,,,,,,,,,,,,,,,,,,,,,,,,,,,,,,,"MET13712/18/15 18:53:01 METAR KOAK 190253Z 14011KT 10SM -RA SCT022 BKN045 OVC065 12/09 A2995 RMK AO2 RAB0155 SLP142 P0000 60000 T01170094 55004","FM-15","7",,,,,,,,,,,,,,,,,,,,,,,,,,,
"72493023230","2015-12-18T19:53:00","FM-15","7",,,,,,,,,,,,,,,,,,,,,,,,,,,,,,,,,,,,,,,"29.95","49","54","0.01","-RA:02 |RA |",,,"83","29.95","FEW:02 26 BKN:07 46 OVC:08 55","29.85","10.00","51","150",,"14",,,,,,,,,,,,,,,,,,,,,,,,,,,,,,,,,,,,,"MET11712/18/15 19:53:02 METAR KOAK 190353Z 15012KT 10SM -RA FEW026 BKN046 OVC055 12/09 A2995 RMK AO2 SLP142 P0001 T01220094","FM-15","7",,,,,,,,,,,,,,,,,,,,,,,,,,,
"72493023230","2015-12-18T20:35:00","FM-16","7",,,,,,,,,,,,,,,,,,,,,,,,,,,,,,,,,,,,,,,"29.97","49","52","0.01","RA:02 BR:1 |RA |",,,"89",,"BKN:07 13 OVC:08 22","29.88","3.00","50","270",,"11",,,,,,,,,,,,,,,,,,,,,,,,,,,,,,,,,,,,,"MET11312/18/15 20:35:02 SPECI KOAK 190435Z 27010KT 3SM RA BR BKN013 OVC022 11/09 A2997 RMK AO2 RAE06B22 P0001 T01110094","FM-16","7",,,,,,,,,,,,,,,,,,,,,,,,,,,
"72493023230","2015-12-18T20:41:00","FM-16","7",,,,,,,,,,,,,,,,,,,,,,,,,,,,,,,,,,,,,,,"29.97","50","52","0.02","RA:02 BR:1 |RA |",,,"93",,"FEW:02 9 BKN:07 15 OVC:08 22","29.88","3.00","51","270",,"11",,,,,,,,,,,,,,,,,,,,,,,,,,,,,,,,,,,,,"MET12012/18/15 20:41:02 SPECI KOAK 190441Z 27010KT 3SM RA BR FEW009 BKN015 OVC022 11/10 A2997 RMK AO2 RAE06B22 P0002 T01110100","FM-16","7",,,,,,,,,,,,,,,,,,,,,,,,,,,
"72493023230","2015-12-18T20:53:00","FM-15","7",,,,,,,,,,,,,,,,,,,,,,,,,,,,,,,,,,,,,,,"29.97","50","52","0.02","RA:02 BR:1 |RA |",,,"93","29.97","SCT:04 12 SCT:04 19 OVC:08 25","29.88","4.00","51","270",,"9",,,,,,,,,,,,,,,,,,,,,,,,,,,,,,,,,,,,,"MET12712/18/15 20:53:02 METAR KOAK 190453Z 27008KT 4SM RA BR SCT012 SCT019 OVC025 11/10 A2997 RMK AO2 RAE06B22 SLP149 P0002 T01110100","FM-15","7",,,,,,,,,,,,,,,,,,,,,,,,,,,
"72493023230","2015-12-18T21:51:00","FM-16","6",,,,,,,,,,,,,,,,,,,,,,,,,,,,,,,,,,,,,,,"29.98","52","52",,"-RA:02 BR:1 |RA |",,,"100",,"SCT:04 12 SCT:04 19 OVC:08 31","29.88","4.00","52","270",,"6",,,,,,,,,,,,,,,,,,,,,,,,,,,,,,,,,,,,,"MET11312/18/15 21:51:03 SPECI KOAK 190551Z 27005KT 4SM -RA BR SCT012 SCT019 OVC031 11/11 A2998 RMK AO2 P0000 FIBI (ALT)","FM-16","6",,,,,,,,,,,,,,,,,,,,,,,,,,,
"72493023230","2015-12-18T21:53:00","FM-15","7",,,,,,,,,,,,,,,,,,,,,,,,,,,,,,,,,,,,,,,"29.98","51","51","T","-RA:02 BR:1 |RA |","-0.03","3","100","29.98","SCT:04 12 SCT:04 19 OVC:08 31","29.88","3.00","51","270",,"6",,,,,,,,,,,,,,,,,,,,,,,,,,,,,,,,,,,,,"MET14312/18/15 21:53:02 METAR KOAK 190553Z 27005KT 3SM -RA BR SCT012 SCT019 OVC031 11/11 A2998 RMK AO2 SLP151 P0000 60003 T01060106 10139 20106 53009","FM-15","7",,,,,,,,,,,,,,,,,,,,,,,,,,,
"72493023230","2015-12-18T22:03:00","FM-16","7",,,,,,,,,,,,,,,,,,,,,,,,,,,,,,,,,,,,,,,"29.98","51","51","T","-RA:02 BR:1 |RA |",,,"100",,"FEW:02 5 BKN:07 30 OVC:08 36","29.88","3.00","51","300",,"6",,,,,,,,,,,,,,,,,,,,,,,,,,,,,,,,,,,,,"MET11212/18/15 22:03:02 SPECI KOAK 190603Z 30005KT 3SM -RA BR FEW005 BKN030 OVC036 11/11 A2998 RMK AO2 P0000 T01060106","FM-16","7",,,,,,,,,,,,,,,,,,,,,,,,,,,
"72493023230","2015-12-18T22:53:00","FM-15","7",,,,,,,,,,,,,,,,,,,,,,,,,,,,,,,,,,,,,,,"29.98","50","51","0.01","-RA:02 BR:1 |RA |",,,"96","29.98","FEW:02 12 BKN:07 30 OVC:08 36","29.88","6.00","50","260",,"5",,,,,,,,,,,,,,,,,,,,,,,,,,,,,,,,,,,,,"MET11912/18/15 22:53:02 METAR KOAK 190653Z 26004KT 6SM -RA BR FEW012 BKN030 OVC036 11/10 A2998 RMK AO2 SLP151 P0001 T01060100","FM-15","7",,,,,,,,,,,,,,,,,,,,,,,,,,,
"72493023230","2015-12-18T23:22:00","FM-16","7",,,,,,,,,,,,,,,,,,,,,,,,,,,,,,,,,,,,,,,"29.97","51","51","T","-RA:02 BR:1 |RA |",,,"100",,"FEW:02 8 FEW:02 12 OVC:08 25","29.88","3.00","51","170",,"3",,,,,,,,,,,,,,,,,,,,,,,,,,,,,,,,,,,,,"MET11212/18/15 23:22:02 SPECI KOAK 190722Z 17003KT 3SM -RA BR FEW008 FEW012 OVC025 11/11 A2997 RMK AO2 P0000 T01060106","FM-16","7",,,,,,,,,,,,,,,,,,,,,,,,,,,
"72493023230","2015-12-18T23:53:00","FM-15","7",,,,,,,,,,,,,,,,,,,,,,,,,,,,,,,,,,,,,,,"29.97","50","51","T","-RA:02 |RA |",,,"96","29.97","FEW:02 5 SCT:04 12 OVC:08 34","29.88","8.00","50","170",,"5",,,,,,,,,,,,,,,,,,,,,,,,,,,,,,,,,,,,,"MET12612/18/15 23:53:02 METAR KOAK 190753Z 17004KT 8SM -RA FEW005 SCT012 OVC034 11/10 A2997 RMK AO2 SLP148 P0000 T01060100 401500072","FM-15","7",,,,,,,,,,,,,,,,,,,,,,,,,,,
"72493023230","2015-12-18T23:59:00","SOD  ","6",,,,,,,,,,,,,,,,,,"52",,,"29.95",,"9.2","0","3.4","13","59","45","250","23","0.28","0",,"270","17","RA BR",,,,,,,,,,,,,,,,,,,,,,,,,,,,,,,,,,,,,,,,,,,,,,,,,,,,,,,"SOD72724 HR PRECIPITATION (IN): 0.28 SNOW DEPTH (IN):0    WEATHER(CODE):1  24 HR MAX TEMP (F): 5924 HR MIN TEMP (F): 45AVERAGE STATION PRESSURE:29.945 MINIMUM SEA LEVEL PRESSURE:29.94 TIME OF OCCURRENCE:1944 PEAK WIND SPEED (MPH): 23 PEAK WIND DIR (DEG):250 PEAK WIND TIME (LST):      FASTEST 2MIN SPEED (MPH): 17FASTEST 2MIN DIR (DEG):270 FASTEST 2MIN TIME (LST):     AVERAGE WIND SPEED (MPH): 9.2 24 HR AVG TEMP (F): 52DEPART FROM NORMAL:  4  HEATING DEGREE DAYS: 13 COOLING DEGREE DAYS:  0 LATEST DAY MAX TEMP (0700-1900 LST):59  LATEST NIGHT MIN TEMP(1900-0800 LST):45 HOURLY INCREMENTAL PRECIPITATION VALUES (IN):.00 0.00 0.00 0.00 0.00 0.00 0.00 0.00 0.00 0.00 0.00 0.00 0.00 0.00 0.00 0.00 0.00 T    T    0.01 0.02 T    0.01 T","SOD  ","6",,,,,,,,,,,,,,,,,,,,,,,,,"0719","1652",
"72493023230","2015-12-19T00:08:00","FM-16","7",,,,,,,,,,,,,,,,,,,,,,,,,,,,,,,,,,,,,,,"29.97","50","50","T",,,,"100",,"SCT:04 5 BKN:07 12 OVC:08 40","29.88","10.00","50","200",,"5",,,,,,,,,,,,,,,,,,,,,,,,,,,,,,,,,,,,,"MET12012/19/15 00:08:02 SPECI KOAK 190808Z 20004KT 10SM SCT005 BKN012 OVC040 10/10 A2997 RMK AO2 RAE0754 P0000 T01000100 (NAB)","FM-16","7",,,,,,,,,,,,,,,,,,,,,,,,,,,
"72493023230","2015-12-19T00:53:00","FM-15","7",,,,,,,,,,,,,,,,,,,,,,,,,,,,,,,,,,,,,,,"29.96","50","50","T","-RA:02 |RA |","+0.01","8","100","29.96","SCT:04 6 OVC:08 10","29.86","10.00","50","180",,"3",,,,,,,,,,,,,,,,,,,,,,,,,,,,,,,,,,,,,"MET13912/19/15 00:53:02 METAR KOAK 190853Z 18003KT 10SM -RA SCT006 OVC010 10/10 A2996 RMK AO2 RAE0754B45 SLP146 P0000 60001 T01000100 58005 (NAB)","FM-15","7",,,,,,,,,,,,,,,,,,,,,,,,,,,
"72493023230","2015-12-19T01:53:00","FM-15","7",,,,,,,,,,,,,,,,,,,,,,,,,,,,,,,,,,,,,,,"29.96","50","50","0.00",,,,"100","29.95","FEW:02 6 BKN:07 10 OVC:08 20","29.86","10.00","50","130",,"3",,,,,,,,,,,,,,,,,,,,,,,,,,,,,,,,,,,,,"MET12712/19/15 01:53:02 METAR KOAK 190953Z 13003KT 10SM FEW006 BKN010 OVC020 10/10 A2996 RMK AO2 RAE0855 SLP143 P0000 T01000100 (NAB)","FM-15","7",,,,,,,,,,,,,,,,,,,,,,,,,,,
"72493023230","2015-12-19T02:51:00","FM-16","7",,,,,,,,,,,,,,,,,,,,,,,,,,,,,,,,,,,,,,,"29.96","50","50","T","-RA:02 |RA |",,,"100",,"FEW:02 8 BKN:07 20 OVC:08 28","29.86","8.00","50","060",,"5",,,,,,,,,,,,,,,,,,,,,,,,,,,,,,,,,,,,,"MET11112/19/15 02:51:02 SPECI KOAK 191051Z 06004KT 8SM -RA FEW008 BKN020 OVC028 10/10 A2996 RMK AO2 RAB37 P0000 (NAB)","FM-16","7",,,,,,,,,,,,,,,,,,,,,,,,,,,
"72493023230","2015-12-19T02:53:00","FM-15","7",,,,,,,,,,,,,,,,,,,,,,,,,,,,,,,,,,,,,,,"29.96","50","50","T","-RA:02 |RA |",,,"100","29.96","FEW:02 8 BKN:07 20 OVC:08 28","29.86","8.00","50","060",,"5",,,,,,,,,,,,,,,,,,,,,,,,,,,,,,,,,,,,,"MET12812/19/15 02:53:02 METAR KOAK 191053Z 06004KT 8SM -RA FEW008 BKN020 OVC028 10/10 A2996 RMK AO2 RAB37 SLP144 P0000 T01000100 (NAB)","FM-15","7",,,,,,,,,,,,,,,,,,,,,,,,,,,
"72493023230","2015-12-19T03:53:00","FM-15","7",,,,,,,,,,,,,,,,,,,,,,,,,,,,,,,,,,,,,,,"29.96","51","51","T",,"-0.00","0","100","29.95","FEW:02 12 BKN:07 18 BKN:07 28","29.86","9.00","51","000",,"0",,,,,,,,,,,,,,,,,,,,,,,,,,,,,,,,,,,,,"MET15412/19/15 03:53:02 METAR KOAK 191153Z 00000KT 9SM FEW012 BKN018 BKN028 11/11 A2996 RMK AO2 RAE02 SLP143 P0000 60001 70004 T01060106 10106 20100 50000 (NAB)","FM-15","7",,,,,,,,,,,,,,,,,,,,,,,,,,,
"72493023230","2015-12-19T04:08:00","FM-16","7",,,,,,,,,,,,,,,,,,,,,,,,,,,,,,,,,,,,,,,"29.95","50","50",,,,,"100",,"FEW:02 16 SCT:04 22 BKN:07 95","29.85","9.00","50","110",,"3",,,,,,,,,,,,,,,,,,,,,,,,,,,,,,,,,,,,,"MET10512/19/15 04:08:02 SPECI KOAK 191208Z 11003KT 9SM FEW016 SCT022 BKN095 10/10 A2995 RMK AO2 T01000100 (NAB)","FM-16","7",,,,,,,,,,,,,,,,,,,,,,,,,,,
"72493023230","2015-12-19T04:42:00","FM-16","7",,,,,,,,,,,,,,,,,,,,,,,,,,,,,,,,,,,,,,,"29.96","49","49",,,,,"100",,"SCT:04 16 BKN:07 24","29.86","9.00","49","140",,"5",,,,,,,,,,,,,,,,,,,,,,,,,,,,,,,,,,,,,"MET09812/19/15 04:42:02 SPECI KOAK 191242Z 14004KT 9SM SCT016 BKN024 09/09 A2996 RMK AO2 T00940094 (NAB)","FM-16","7",,,,,,,,,,,,,,,,,,,,,,,,,,,
"72493023230","2015-12-19T04:53:00","FM-15","7",,,,,,,,,,,,,,,,,,,,,,,,,,,,,,,,,,,,,,,"29.96","48","48","0.00",,,,"100","29.96","SCT:04 16 BKN:07 24","29.86","9.00","48","000",,"0",,,,,,,,,,,,,,,,,,,,,,,,,,,,,,,,,,,,,"MET10512/19/15 04:53:02 METAR KOAK 191253Z 00000KT 9SM SCT016 BKN024 09/09 A2996 RMK AO2 SLP144 T00890089 (NAB)","FM-15","7",,,,,,,,,,,,,,,,,,,,,,,,,,,
"72493023230","2015-12-19T05:51:00","FM-16","6",,,,,,,,,,,,,,,,,,,,,,,,,,,,,,,,,,,,,,,"29.97","50","50",,"RA:02 BR:1 |RA |",,,"100",,"SCT:04 16 BKN:07 44 BKN:07 60","29.88","4.00","50","160",,"5",,,,,,,,,,,,,,,,,,,,,,,,,,,,,,,,,,,,,"MET11812/19/15 05:51:02 SPECI KOAK 191351Z 16004KT 4SM RA BR SCT016 BKN044 BKN060 10/10 A2997 RMK AO2 RAB44 P0000 FIBI (NAB)","FM-16","6",,,,,,,,,,,,,,,,,,,,,,,,,,,
"72493023230","2015-12-19T05:53:00","FM-15","7",,,,,,,,,,,,,,,,,,,,,,,,,,,,,,,,,,,,,,,"29.97","50","50","T","RA:02 BR:1 |RA |",,,"100","29.97","SCT:04 16 BKN:07 44 BKN:07 60","29.88","4.00","50","160",,"6",,,,,,,,,,,,,,,,,,,,,,,,,,,,,,,,,,,,,"MET13012/19/15 05:53:02 METAR KOAK 191353Z 16005KT 4SM RA BR SCT016 BKN044 BKN060 10/10 A2997 RMK AO2 RAB44 SLP149 T01000100 PNO $ (NAB)","FM-15","7",,,,,,,,,,,,,,,,,,,,,,,,,,,
"72493023230","2015-12-19T06:06:00","FM-16","7",,,,,,,,,,,,,,,,,,,,,,,,,,,,,,,,,,,,,,,"29.97","50","50",,"-RA:02 |RA |",,,"100",,"SCT:04 14 BKN:07 23 OVC:08 55","29.88","7.00","50","150",,"5",,,,,,,,,,,,,,,,,,,,,,,,,,,,,,,,,,,,,"MET11512/19/15 06:06:02 SPECI KOAK 191406Z 15004KT 7SM -RA SCT014 BKN023 OVC055 10/10 A2997 RMK AO2 T01000100 PNO $ (NAB)","FM-16","7",,,,,,,,,,,,,,,,,,,,,,,,,,,
"72493023230","2015-12-19T06:51:00","FM-16","7",,,,,,,,,,,,,,,,,,,,,,,,,,,,,,,,,,,,,,,"29.98","50","50",,,,,"100",,"FEW:02 10 SCT:04 16 BKN:07 55","29.88","9.00","50","000",,"0",,,,,,,,,,,,,,,,,,,,,,,,,,,,,,,,,,,,,"MET10712/19/15 06:51:02 SPECI KOAK 191451Z 00000KT 9SM FEW010 SCT016 BKN055 10/10 A2998 RMK AO2 RAE23 PNO $ (NAB)","FM-16","7",,,,,,,,,,,,,,,,,,,,,,,,,,,
"72493023230","2015-12-19T06:53:00","FM-15","7",,,,,,,,,,,,,,,,,,,,,,,,,,,,,,,,,,,,,,,"29.98","50","50",,,"-0.02","1","100","29.98","FEW:02 10 SCT:04 16 BKN:07 55","29.88","9.00","50","000",,"0",,,,,,,,,,,,,,,,,,,,,,,,,,,,,,,,,,,,,"MET13612/19/15 06:53:02 METAR KOAK 191453Z 00000KT 9SM FEW010 SCT016 BKN055 10/10 A2998 RMK AO2 RAE23 SLP153 6//// T01000100 51008 PNO $ (NAB)","FM-15","7",,,,,,,,,,,,,,,,,,,,,,,,,,,
"72493023230","2015-12-19T07:53:00","FM-15","7",,,,,,,,,,,,,,,,,,,,,,,,,,,,,,,,,,,,,,,"30.00","49","49",,,,,"100","29.99","SCT:04 16 BKN:07 55","29.91","7.00","49","000",,"0",,,,,,,,,,,,,,,,,,,,,,,,,,,,,,,,,,,,,"MET11112/19/15 07:53:02 METAR KOAK 191553Z 00000KT 7SM SCT016 BKN055 09/09 A3000 RMK AO2 SLP157 T00940094 PNO $ (DPB)","FM-15","7",,,,,,,,,,,,,,,,,,,,,,,,,,,
"72493023230","2015-12-19T08:53:00","FM-15","7",,,,,,,,,,,,,,,,,,,,,,,,,,,,,,,,,,,,,,,"30.01","50","50",,,,,"100","30.01","FEW:02 12 BKN:07 55 BKN:07 110","29.91","10.00","50","000",,"0",,,,,,,,,,,,,,,,,,,,,,,,,,,,,,,,,,,,,"MET13012/19/15 08:53:02 METAR KOAK 191653Z 00000KT 10SM FEW012 BKN055 BKN110 10/10 A3001 RMK AO2 RAB1558E12 SLP162 T01000100 PNO $ (DPB)","FM-15","7",,,,,,,,,,,,,,,,,,,,,,,,,,,
"72493023230","2015-12-19T09:24:00","FM-16","7",,,,,,,,,,,,,,,,,,,,,,,,,,,,,,,,,,,,,,,"30.02","52","52",,,,,"100",,"FEW:02 9 SCT:04 11 BKN:07 55","29.92","10.00","52","280",,"7",,,,,,,,,,,,,,,,,,,,,,,,,,,,,,,,,,,,,"MET11212/19/15 09:24:02 SPECI KOAK 191724Z 28006KT 10SM FEW009 SCT011 BKN055 11/11 A3002 RMK AO2 T01110111 PNO $ (DPB)","FM-16","7",,,,,,,,,,,,,,,,,,,,,,,,,,,
"72493023230","2015-12-19T09:53:00","FM-15","7",,,,,,,,,,,,,,,,,,,,,,,,,,,,,,,,,,,,,,,"30.03","50","53",,,"-0.04","2","89","30.02","FEW:02 9 SCT:04 11 SCT:04 55","29.93","10.00","51","280",,"7",,,,,,,,,,,,,,,,,,,,,,,,,,,,,,,,,,,,,"MET14312/19/15 09:53:02 METAR KOAK 191753Z 28006KT 10SM FEW009 SCT011 SCT055 12/10 A3003 RMK AO2 SLP167 6//// T01170100 10122 20089 52014 PNO $ (DPB)","FM-15","7",,,,,,,,,,,,,,,,,,,,,,,,,,,
"72493023230","2015-12-19T10:53:00","FM-15","7",,,,,,,,,,,,,,,,,,,,,,,,,,,,,,,,,,,,,,,"30.03","45","55",,,,,"69","30.02","FEW:02 9 SCT:04 11","29.93","10.00","50","310",,"8",,,,,,,,,,,,,,,,,,,,,,,,,,,,,,,,,,,,,"MET11212/19/15 10:53:02 METAR KOAK 191853Z 31007KT 10SM FEW009 SCT011 13/07 A3003 RMK AO2 SLP167 T01280072 PNO $ (DPB)","FM-15","7",,,,,,,,,,,,,,,,,,,,,,,,,,,
"72493023230","2015-12-19T11:53:00","FM-15","7",,,,,,,,,,,,,,,,,,,,,,,,,,,,,,,,,,,,,,,"30.01","42","55",,,,,"62","30.00","SCT:04 11","29.91","10.00","49","270",,"8",,,,,,,,,,,,,,,,,,,,,,,,,,,,,,,,,,,,,"MET10512/19/15 11:53:02 METAR KOAK 191953Z 27007KT 10SM SCT011 13/06 A3001 RMK AO2 SLP160 T01280056 PNO $ (DPB)","FM-15","7",,,,,,,,,,,,,,,,,,,,,,,,,,,
"72493023230","2015-12-19T12:53:00","FM-15","7",,,,,,,,,,,,,,,,,,,,,,,,,,,,,,,,,,,,,,,"29.99","43","56",,,"+0.04","8","62","29.98","SCT:04 11","29.89","10.00","50","310",,"6",,,,,,,,,,,,,,,,,,,,,,,,,,,,,,,,,,,,,"MET13312/19/15 12:53:02 METAR KOAK 192053Z 31005KT 10SM SCT011 13/06 A2999 RMK AO2 PK WND 26027/2013 SLP154 6//// T01330061 58013 PNO (DPB)","FM-15","7",,,,,,,,,,,,,,,,,,,,,,,,,,,
"72493023230","2015-12-19T13:53:00","FM-15","7",,,,,,,,,,,,,,,,,,,,,,,,,,,,,,,,,,,,,,,"29.99","42","55",,,,,"62","29.98","SCT:04 11","29.89","10.00","49","300",,"9",,,,,,,,,,,,,,,,,,,,,,,,,,,,,,,,,,,,,"MET09912/19/15 13:53:02 METAR KOAK 192153Z 30008KT 10SM SCT011 13/06 A2999 RMK AO2 SLP154 T01280056 (DPB)","FM-15","7",,,,,,,,,,,,,,,,,,,,,,,,,,,
"72493023230","2015-12-19T14:53:00","FM-15","7",,,,,,,,,,,,,,,,,,,,,,,,,,,,,,,,,,,,,,,"29.99","42","55","0.00",,,,"62","29.99","SCT:04 43","29.89","10.00","49","290",,"13",,,,,,,,,,,,,,,,,,,,,,,,,,,,,,,,,,,,,"MET09912/19/15 14:53:02 METAR KOAK 192253Z 29011KT 10SM SCT043 13/06 A2999 RMK AO2 SLP156 T01280056 (DPB)","FM-15","7",,,,,,,,,,,,,,,,,,,,,,,,,,,
"72493023230","2015-12-19T15:53:00","FM-15","7",,,,,,,,,,,,,,,,,,,,,,,,,,,,,,,,,,,,,,,"30.01","42","54","0.00",,,,"64","30.00","SCT:04 43","29.91","10.00","48","280",,"16",,,,,,,,,,,,,,,,,,,,,,,,,,,,,,,,,,,,,"MET11112/19/15 15:53:02 METAR KOAK 192353Z 28014KT 10SM SCT043 12/06 A3001 RMK AO2 SLP160 T01220056 10133 20117 (ALT)","FM-15","7",,,,,,,,,,,,,,,,,,,,,,,,,,,
"72493023230","2015-12-19T16:53:00","FM-15","7",,,,,,,,,,,,,,,,,,,,,,,,,,,,,,,,,,,,,,,"30.02","41","52","0.00",,,,"66","30.02","FEW:02 20 FEW:02 43","29.92","10.00","47","290",,"16",,,,,,,,,,,,,,,,,,,,,,,,,,,,,,,,,,,,,"MET10012/19/15 16:53:01 METAR KOAK 200053Z 29014KT 10SM FEW020 FEW043 11/05 A3002 RMK AO2 SLP167 T01110050","FM-15","7",,,,,,,,,,,,,,,,,,,,,,,,,,,
"72493023230","2015-12-19T17:53:00","FM-15","7",,,,,,,,,,,,,,,,,,,,,,,,,,,,,,,,,,,,,,,"30.04","39","51","0.00",,,,"64","30.03","FEW:02 24","29.94","10.00","45","340",,"5",,,,,,,,,,,,,,,,,,,,,,,,,,,,,,,,,,,,,"MET09312/19/15 17:53:01 METAR KOAK 200153Z 34004KT 10SM FEW024 11/04 A3004 RMK AO2 SLP171 T01060039","FM-15","7",,,,,,,,,,,,,,,,,,,,,,,,,,,
"72493023230","2015-12-19T18:53:00","FM-15","7",,,,,,,,,,,,,,,,,,,,,,,,,,,,,,,,,,,,,,,"30.05","38","49","0.00",,"-0.05","1","66","30.05","FEW:02 24","29.96","10.00","44","000",,"0",,,,,,,,,,,,,,,,,,,,,,,,,,,,,,,,,,,,,"MET09912/19/15 18:53:02 METAR KOAK 200253Z 00000KT 10SM FEW024 09/03 A3005 RMK AO2 SLP176 T00940033 51016","FM-15","7",,,,,,,,,,,,,,,,,,,,,,,,,,,
"72493023230","2015-12-19T19:53:00","FM-15","7",,,,,,,,,,,,,,,,,,,,,,,,,,,,,,,,,,,,,,,"30.07","39","49","0.00",,,,"69","30.07","FEW:02 24","29.97","10.00","44","310",,"5",,,,,,,,,,,,,,,,,,,,,,,,,,,,,,,,,,,,,"MET09312/19/15 19:53:02 METAR KOAK 200353Z 31004KT 10SM FEW024 09/04 A3007 RMK AO2 SLP183 T00940039","FM-15","7",,,,,,,,,,,,,,,,,,,,,,,,,,,
"72493023230","2015-12-19T20:53:00","FM-15","7",,,,,,,,,,,,,,,,,,,,,,,,,,,,,,,,,,,,,,,"30.09","39","48","0.00",,,,"71","30.09","FEW:02 24","29.99","10.00","44","290",,"3",,,,,,,,,,,,,,,,,,,,,,,,,,,,,,,,,,,,,"MET09312/19/15 20:53:02 METAR KOAK 200453Z 29003KT 10SM FEW024 09/04 A3009 RMK AO2 SLP189 T00890039","FM-15","7",,,,,,,,,,,,,,,,,,,,,,,,,,,
"72493023230","2015-12-19T21:53:00","FM-15","7",,,,,,,,,,,,,,,,,,,,,,,,,,,,,,,,,,,,,,,"30.11","39","46","0.00",,"-0.05","1","77","30.10","CLR:00","30.01","10.00","43","000",,"0",,,,,,,,,,,,,,,,,,,,,,,,,,,,,,,,,,,,,"MET10812/19/15 21:53:02 METAR KOAK 200553Z 00000KT 10SM CLR 08/04 A3011 RMK AO2 SLP193 T00780039 10122 20078 51017","FM-15","7",,,,,,,,,,,,,,,,,,,,,,,,,,,
"72493023230","2015-12-19T22:53:00","FM-15","7",,,,,,,,,,,,,,,,,,,,,,,,,,,,,,,,,,,,,,,"30.13","38","47","0.00",,,,"71","30.12","CLR:00","30.03","10.00","43","320",,"6",,,,,,,,,,,,,,,,,,,,,,,,,,,,,,,,,,,,,"MET09012/19/15 22:53:02 METAR KOAK 200653Z 32005KT 10SM CLR 08/03 A3013 RMK AO2 SLP201 T00830033","FM-15","7",,,,,,,,,,,,,,,,,,,,,,,,,,,
"72493023230","2015-12-19T23:53:00","FM-15","7",,,,,,,,,,,,,,,,,,,,,,,,,,,,,,,,,,,,,,,"30.14","37","46","0.00",,,,"71","30.14","CLR:00","30.04","10.00","42","330",,"6",,,,,,,,,,,,,,,,,,,,,,,,,,,,,,,,,,,,,"MET10012/19/15 23:53:02 METAR KOAK 200753Z 33005KT 10SM CLR 08/03 A3014 RMK AO2 SLP206 T00780028 401330078","FM-15","7",,,,,,,,,,,,,,,,,,,,,,,,,,,
"72493023230","2015-12-19T23:59:00","SOD  ","6",,,,,,,,,,,,,,,,,,"51",,,"29.92",,"5.2","0","2.5","14","56","46","260","31","0.22","0",,"280","20","RA BR",,,,,,,,,,,,,,,,,,,,,,,,,,,,,,,,,,,,,,,,,,,,,,,,,,,,,,,"SOD73024 HR PRECIPITATION (IN): 0.22 SNOW DEPTH (IN):0    WEATHER(CODE):1  24 HR MAX TEMP (F): 5624 HR MIN TEMP (F): 46AVERAGE STATION PRESSURE:29.920 MINIMUM SEA LEVEL PRESSURE:29.95 TIME OF OCCURRENCE:0519 PEAK WIND SPEED (MPH): 31 PEAK WIND DIR (DEG):260 PEAK WIND TIME (LST):      FASTEST 2MIN SPEED (MPH): 20FASTEST 2MIN DIR (DEG):280 FASTEST 2MIN TIME (LST):     AVERAGE WIND SPEED (MPH): 5.2 24 HR AVG TEMP (F): 51DEPART FROM NORMAL:  3  HEATING DEGREE DAYS: 14 COOLING DEGREE DAYS:  0 LATEST DAY MAX TEMP (0700-1900 LST):56  LATEST NIGHT MIN TEMP(1900-0800 LST):48 HOURLY INCREMENTAL PRECIPITATION VALUES (IN):    0.00 T    T    0.00 T    M    M    M    M    M    M    M    M    0.00 0.00 0.00 0.00 0.00 0.00 0.00 0.00 0.00 0.00","SOD  ","6",,,,,,,,,,,,,,,,,,,,,,,,,"0719","1653",
"72493023230","2015-12-20T00:53:00","FM-15","7",,,,,,,,,,,,,,,,,,,,,,,,,,,,,,,,,,,,,,,"30.15","38","43","0.00",,"-0.04","1","82","30.14","FEW:02 250","30.05","10.00","41","110",,"3",,,,,,,,,,,,,,,,,,,,,,,,,,,,,,,,,,,,,"MET10412/20/15 00:53:02 METAR KOAK 200853Z 11003KT 10SM FEW250 06/03 A3015 RMK AO2 SLP208 T00610033 51014 (RC)","FM-15","7",,,,,,,,,,,,,,,,,,,,,,,,,,,
"72493023230","2015-12-20T01:53:00","FM-15","7",,,,,,,,,,,,,,,,,,,,,,,,,,,,,,,,,,,,,,,"30.15","35","39","0.00",,,,"86","30.15","SCT:04 250","30.05","10.00","37","000",,"0",,,,,,,,,,,,,,,,,,,,,,,,,,,,,,,,,,,,,"MET09812/20/15 01:53:02 METAR KOAK 200953Z 00000KT 10SM SCT250 04/02 A3015 RMK AO2 SLP210 T00390017 (RC)","FM-15","7",,,,,,,,,,,,,,,,,,,,,,,,,,,
"72493023230","2015-12-20T02:53:00","FM-15","7",,,,,,,,,,,,,,,,,,,,,,,,,,,,,,,,,,,,,,,"30.16","37","41","0.00",,,,"86","30.16","FEW:02 250","30.06","10.00","39","120",,"3",,,,,,,,,,,,,,,,,,,,,,,,,,,,,,,,,,,,,"MET09812/20/15 02:53:02 METAR KOAK 201053Z 12003KT 10SM FEW250 05/03 A3016 RMK AO2 SLP213 T00500028 (RC)","FM-15","7",,,,,,,,,,,,,,,,,,,,,,,,,,,
"72493023230","2015-12-20T03:53:00","FM-15","7",,,,,,,,,,,,,,,,,,,,,,,,,,,,,,,,,,,,,,,"30.18","37","41","0.00",,"-0.03","3","86","30.17","FEW:02 200 SCT:04 250","30.08","10.00","39","120",,"7",,,,,,,,,,,,,,,,,,,,,,,,,,,,,,,,,,,,,"MET12312/20/15 03:53:02 METAR KOAK 201153Z 12006KT 10SM FEW200 SCT250 05/03 A3018 RMK AO2 SLP218 T00500028 10083 20039 53011 (RC)","FM-15","7",,,,,,,,,,,,,,,,,,,,,,,,,,,
"72493023230","2015-12-20T04:35:00","FM-16","7",,,,,,,,,,,,,,,,,,,,,,,,,,,,,,,,,,,,,,,"30.17","37","41",,,,,"86",,"FEW:02 8 SCT:04 200 BKN:07 250","30.07","10.00","39","110",,"7",,,,,,,,,,,,,,,,,,,,,,,,,,,,,,,,,,,,,"MET10512/20/15 04:35:02 SPECI KOAK 201235Z 11006KT 10SM FEW008 SCT200 BKN250 05/03 A3017 RMK AO2 T00500028 (RC)","FM-16","7",,,,,,,,,,,,,,,,,,,,,,,,,,,
"72493023230","2015-12-20T04:53:00","FM-15","7",,,,,,,,,,,,,,,,,,,,,,,,,,,,,,,,,,,,,,,"30.17","37","41","0.00",,,,"86","30.16","FEW:02 8 SCT:04 100 BKN:07 200","30.07","10.00","39","100",,"5",,,,,,,,,,,,,,,,,,,,,,,,,,,,,,,,,,,,,"MET11212/20/15 04:53:02 METAR KOAK 201253Z 10004KT 10SM FEW008 SCT100 BKN200 05/03 A3017 RMK AO2 SLP214 T00500028 (RC)","FM-15","7",,,,,,,,,,,,,,,,,,,,,,,,,,,
"72493023230","2015-12-20T05:53:00","FM-15","7",,,,,,,,,,,,,,,,,,,,,,,,,,,,,,,,,,,,,,,"30.18","39","43","0.00",,,,"86","30.18","BKN:07 100 OVC:08 200","30.08","10.00","41","130",,"8",,,,,,,,,,,,,,,,,,,,,,,,,,,,,,,,,,,,,"MET10512/20/15 05:53:02 METAR KOAK 201353Z 13007KT 10SM BKN100 OVC200 06/04 A3018 RMK AO2 SLP219 T00610039 (RC)","FM-15","7",,,,,,,,,,,,,,,,,,,,,,,,,,,
"72493023230","2015-12-20T06:53:00","FM-15","7",,,,,,,,,,,,,,,,,,,,,,,,,,,,,,,,,,,,,,,"30.19","40","45","0.00",,"-0.01","3","83","30.19","BKN:07 100 BKN:07 200","30.09","10.00","43","140",,"10",,,,,,,,,,,,,,,,,,,,,,,,,,,,,,,,,,,,,"MET11112/20/15 06:53:02 METAR KOAK 201453Z 14009KT 10SM BKN100 BKN200 07/04 A3019 RMK AO2 SLP224 T00720044 53005 (RC)","FM-15","7",,,,,,,,,,,,,,,,,,,,,,,,,,,
"72493023230","2015-12-20T07:53:00","FM-15","7",,,,,,,,,,,,,,,,,,,,,,,,,,,,,,,,,,,,,,,"30.20","40","45","0.00",,,,"83","30.19","FEW:02 40 BKN:07 110 BKN:07 200","30.10","10.00","43","130",,"9",,,,,,,,,,,,,,,,,,,,,,,,,,,,,,,,,,,,,"MET11312/20/15 07:53:02 METAR KOAK 201553Z 13008KT 10SM FEW040 BKN110 BKN200 07/04 A3020 RMK AO2 SLP224 T00720044 (DPB)","FM-15","7",,,,,,,,,,,,,,,,,,,,,,,,,,,
"72493023230","2015-12-20T08:53:00","FM-15","7",,,,,,,,,,,,,,,,,,,,,,,,,,,,,,,,,,,,,,,"30.22","40","47","0.00",,,,"77","30.22","BKN:07 46 BKN:07 70 OVC:08 180","30.12","10.00","44","130",,"10",,,,,,,,,,,,,,,,,,,,,,,,,,,,,,,,,,,,,"MET11312/20/15 08:53:02 METAR KOAK 201653Z 13009KT 10SM BKN046 BKN070 OVC180 08/04 A3022 RMK AO2 SLP232 T00830044 (DPB)","FM-15","7",,,,,,,,,,,,,,,,,,,,,,,,,,,
"72493023230","2015-12-20T09:53:00","FM-15","7",,,,,,,,,,,,,,,,,,,,,,,,,,,,,,,,,,,,,,,"30.23","40","48","0.00",,"-0.04","3","74","30.23","BKN:07 45 BKN:07 85 OVC:08 160","30.13","10.00","44","140",,"13",,,,,,,,,,,,,,,,,,,,,,,,,,,,,,,,,,,,,"MET13112/20/15 09:53:02 METAR KOAK 201753Z 14011KT 10SM BKN045 BKN085 OVC160 09/04 A3023 RMK AO2 SLP237 T00890044 10089 20044 53014 (DPB)","FM-15","7",,,,,,,,,,,,,,,,,,,,,,,,,,,
"72493023230","2015-12-20T10:53:00","FM-15","7",,,,,,,,,,,,,,,,,,,,,,,,,,,,,,,,,,,,,,,"30.23","43","49","T","-RA:02 |RA |",,,"80","30.22","BKN:07 44 BKN:07 49 OVC:08 85","30.13","10.00","46","140",,"15",,,,,,,,,,,,,,,,,,,,,,,,,,,,,,,,,,,,,"MET12912/20/15 10:53:02 METAR KOAK 201853Z 14013KT 10SM -RA BKN044 BKN049 OVC085 09/06 A3023 RMK AO2 RAB00 SLP235 P0000 T00940061 (DPB)","FM-15","7",,,,,,,,,,,,,,,,,,,,,,,,,,,
"72493023230","2015-12-20T11:53:00","FM-15","7",,,,,,,,,,,,,,,,,,,,,,,,,,,,,,,,,,,,,,,"30.20","44","51","T",,,,"77","30.20","BKN:07 31 BKN:07 39 OVC:08 70","30.10","10.00","48","150",,"14",,,,,,,,,,,,,,,,,,,,,,,,,,,,,,,,,,,,,"MET13112/20/15 11:53:02 METAR KOAK 201953Z 15012KT 10SM BKN031 BKN039 OVC070 11/07 A3020 RMK AO2 RAE02B35E50 SLP227 P0000 T01060067 (DPB)","FM-15","7",,,,,,,,,,,,,,,,,,,,,,,,,,,
"72493023230","2015-12-20T12:06:00","FM-16","7",,,,,,,,,,,,,,,,,,,,,,,,,,,,,,,,,,,,,,,"30.21","43","51",,,,,"74",,"BKN:07 28 BKN:07 39 OVC:08 70","30.11","10.00","47","140",,"18",,,,,,,,,,,,,,,,,,,,,,,,,,,,,,,,,,,,,"MET10612/20/15 12:06:02 SPECI KOAK 202006Z 14016KT 10SM BKN028 BKN039 OVC070 11/06 A3021 RMK AO2 T01060061 (DPB)","FM-16","7",,,,,,,,,,,,,,,,,,,,,,,,,,,
"72493023230","2015-12-20T12:26:00","FM-16","7",,,,,,,,,,,,,,,,,,,,,,,,,,,,,,,,,,,,,,,"30.19","43","51",,,,,"74",,"SCT:04 28 BKN:07 41 OVC:08 48","30.09","10.00","47","140",,"17",,,,,,,,,,,,,,,,,,,,,,,,,,,,,,,,,,,,,"MET10612/20/15 12:26:02 SPECI KOAK 202026Z 14015KT 10SM SCT028 BKN041 OVC048 11/06 A3019 RMK AO2 T01060061 (DPB)","FM-16","7",,,,,,,,,,,,,,,,,,,,,,,,,,,
"72493023230","2015-12-20T12:53:00","FM-15","7",,,,,,,,,,,,,,,,,,,,,,,,,,,,,,,,,,,,,,,"30.17","43","52","0.00",,"+0.07","8","72","30.16","BKN:07 33 OVC:08 39","30.07","10.00","48","150",,"20",,,,,,,,,,,,,,,,,,,,,,,,,,,,,,,,,,,,,"MET11812/20/15 12:53:02 METAR KOAK 202053Z 15017KT 10SM BKN033 OVC039 11/06 A3017 RMK AO2 SLP214 60000 T01110061 58023 (DPB)","FM-15","7",,,,,,,,,,,,,,,,,,,,,,,,,,,
"72493023230","2015-12-20T13:46:00","FM-16","7",,,,,,,,,,,,,,,,,,,,,,,,,,,,,,,,,,,,,,,"30.17","44","51","T","-RA:02 |RA |",,,"77",,"BKN:07 26 OVC:08 32","30.07","2.00","48","140",,"14",,,,,,,,,,,,,,,,,,,,,,,,,,,,,,,,,,,,,"MET11412/20/15 13:46:02 SPECI KOAK 202146Z 14012KT 2SM -RA BKN026 OVC032 11/07 A3017 RMK AO2 RAB38 P0000 T01060067 (DPB)","FM-16","7",,,,,,,,,,,,,,,,,,,,,,,,,,,
"72493023230","2015-12-20T13:53:00","FM-15","7",,,,,,,,,,,,,,,,,,,,,,,,,,,,,,,,,,,,,,,"30.17","44","51","T","-RA:02 |RA |",,,"77","30.17","BKN:07 26 OVC:08 32","30.07","2.00","48","140",,"16",,,,,,,,,,,,,,,,,,,,,,,,,,,,,,,,,,,,,"MET12112/20/15 13:53:02 METAR KOAK 202153Z 14014KT 2SM -RA BKN026 OVC032 11/07 A3017 RMK AO2 RAB38 SLP216 P0000 T01060067 (DPB)","FM-15","7",,,,,,,,,,,,,,,,,,,,,,,,,,,
"72493023230","2015-12-20T14:53:00","FM-15","7",,,,,,,,,,,,,,,,,,,,,,,,,,,,,,,,,,,,,,,"30.15","45","52","T","-RA:02 |RA |",,,"77","30.15","OVC:08 24","30.05","2.00","49","140",,"13",,,,,,,,,,,,,,,,,,,,,,,,,,,,,,,,,,,,,"MET10812/20/15 14:53:02 METAR KOAK 202253Z 14011KT 2SM -RA OVC024 11/07 A3015 RMK AO2 SLP209 P0000 T01110072 (DPB)","FM-15","7",,,,,,,,,,,,,,,,,,,,,,,,,,,
"72493023230","2015-12-20T15:53:00","FM-15","7",,,,,,,,,,,,,,,,,,,,,,,,,,,,,,,,,,,,,,,"30.16","48","51","T","-RA:02 BR:1 |RA |","+0.01","5","89","30.16","OVC:08 19","30.06","2.00","49","140",,"14",,,,,,,,,,,,,,,,,,,,,,,,,,,,,,,,,,,,,"MET14412/20/15 15:53:02 METAR KOAK 202353Z 14012KT 2SM -RA BR OVC019 11/09 A3016 RMK AO2 DZB14E23 SLP212 P0000 60000 T01060089 10117 20089 55003 (NAB)","FM-15","7",,,,,,,,,,,,,,,,,,,,,,,,,,,
"72493023230","2015-12-20T16:46:00","FM-16","7",,,,,,,,,,,,,,,,,,,,,,,,,,,,,,,,,,,,,,,"30.14","48","52","T","-RA:02 BR:1 |RA |",,,"86",,"OVC:08 19","30.04","4.00","50","140",,"15",,,,,,,,,,,,,,,,,,,,,,,,,,,,,,,,,,,,,"MET09812/20/15 16:46:01 SPECI KOAK 210046Z 14013KT 4SM -RA BR OVC019 11/09 A3014 RMK AO2 P0000 T01110089","FM-16","7",,,,,,,,,,,,,,,,,,,,,,,,,,,
"72493023230","2015-12-20T16:53:00","FM-15","7",,,,,,,,,,,,,,,,,,,,,,,,,,,,,,,,,,,,,,,"30.14","48","52","T","-RA:02 BR:1 |RA |",,,"86","30.14","OVC:08 19","30.04","6.00","50","140",,"16",,,,,,,,,,,,,,,,,,,,,,,,,,,,,,,,,,,,,"MET10512/20/15 16:53:01 METAR KOAK 210053Z 14014KT 6SM -RA BR OVC019 11/09 A3014 RMK AO2 SLP206 P0000 T01110089","FM-15","7",,,,,,,,,,,,,,,,,,,,,,,,,,,
"72493023230","2015-12-20T17:53:00","FM-15","7",,,,,,,,,,,,,,,,,,,,,,,,,,,,,,,,,,,,,,,"30.14","47","51","T","-RA:02 BR:1 |RA |",,,"86","30.14","OVC:08 18","30.04","6.00","49","140",,"16",,,,,,,,,,,,,,,,,,,,,,,,,,,,,,,,,,,,,"MET11312/20/15 17:53:01 METAR KOAK 210153Z 14014KT 6SM -RA BR OVC018 11/08 A3014 RMK AO2 SLP205 VIS N 2 P0000 T01060083","FM-15","7",,,,,,,,,,,,,,,,,,,,,,,,,,,
"72493023230","2015-12-20T18:53:00","FM-15","7",,,,,,,,,,,,,,,,,,,,,,,,,,,,,,,,,,,,,,,"30.14","49","51","T","-RA:02 BR:1 |RA |","+0.01","5","92","30.14","OVC:08 16","30.04","3.00","50","130",,"10",,,,,,,,,,,,,,,,,,,,,,,,,,,,,,,,,,,,,"MET11712/20/15 18:53:01 METAR KOAK 210253Z 13009KT 3SM -RA BR OVC016 11/09 A3014 RMK AO2 SLP206 P0000 60000 T01060094 55005","FM-15","7",,,,,,,,,,,,,,,,,,,,,,,,,,,
"72493023230","2015-12-20T19:50:00","FM-16","7",,,,,,,,,,,,,,,,,,,,,,,,,,,,,,,,,,,,,,,"30.15","48","52","0.02","-RA:02 BR:1 |RA |",,,"88",,"OVC:08 13","30.05","3.00","50","140","22","16",,,,,,,,,,,,,,,,,,,,,,,,,,,,,,,,,,,,,"MET09112/20/15 19:50:02 SPECI KOAK 210350Z 14014G19KT 3SM -RA BR OVC013 11/09 A3015 RMK AO2 P0002","FM-16","7",,,,,,,,,,,,,,,,,,,,,,,,,,,
"72493023230","2015-12-20T19:53:00","FM-15","7",,,,,,,,,,,,,,,,,,,,,,,,,,,,,,,,,,,,,,,"30.15","49","51","0.03","-RA:02 BR:1 |RA |",,,"92","30.15","OVC:08 13","30.05","3.00","50","140","22","17",,,,,,,,,,,,,,,,,,,,,,,,,,,,,,,,,,,,,"MET10812/20/15 19:53:02 METAR KOAK 210353Z 14015G19KT 3SM -RA BR OVC013 11/09 A3015 RMK AO2 SLP209 P0002 T01060094","FM-15","7",,,,,,,,,,,,,,,,,,,,,,,,,,,
"72493023230","2015-12-20T20:09:00","FM-16","6",,,,,,,,,,,,,,,,,,,,,,,,,,,,,,,,,,,,,,,"30.15","50","51",,"+RA:02 BR:1 |RA |",,,"96",,"OVC:08 13","30.05","2.00","50","140",,"17",,,,,,,,,,,,,,,,,,,,,,,,,,,,,,,,,,,,,"MET10412/20/15 20:09:03 SPECI KOAK 210409Z 14015KT 2SM +RA BR OVC013 11/10 A3015 RMK AO2 P0003 T01060100 (NAB)","FM-16","6",,,,,,,,,,,,,,,,,,,,,,,,,,,
"72493023230","2015-12-20T20:17:00","FM-16","7",,,,,,,,,,,,,,,,,,,,,,,,,,,,,,,,,,,,,,,"30.15","49","51","0.05","+RA:02 BR:1 |RA |",,,"92",,"OVC:08 13","30.05","1.75","50","140",,"17",,,,,,,,,,,,,,,,,,,,,,,,,,,,,,,,,,,,,"MET10212/20/15 20:17:02 SPECI KOAK 210417Z 14015KT 1 3/4SM +RA BR OVC013 11/09 A3015 RMK AO2 P0005 T01060094","FM-16","7",,,,,,,,,,,,,,,,,,,,,,,,,,,
"72493023230","2015-12-20T20:53:00","FM-15","7",,,,,,,,,,,,,,,,,,,,,,,,,,,,,,,,,,,,,,,"30.14","50","51","0.07","RA:02 BR:1 |RA |",,,"96","30.14","OVC:08 14","30.04","1.75","50","140",,"18",,,,,,,,,,,,,,,,,,,,,,,,,,,,,,,,,,,,,"MET10812/20/15 20:53:02 METAR KOAK 210453Z 14016KT 1 3/4SM RA BR OVC014 11/10 A3014 RMK AO2 SLP207 P0008 T01060100","FM-15","7",,,,,,,,,,,,,,,,,,,,,,,,,,,
"72493023230","2015-12-20T21:16:00","FM-16","7",,,,,,,,,,,,,,,,,,,,,,,,,,,,,,,,,,,,,,,"30.15","50","51","T","-RA:02 BR:1 |RA |",,,"96",,"OVC:08 12","30.05","2.50","50","150",,"23",,,,,,,,,,,,,,,,,,,,,,,,,,,,,,,,,,,,,"MET10212/20/15 21:16:02 SPECI KOAK 210516Z 15020KT 2 1/2SM -RA BR OVC012 11/10 A3015 RMK AO2 P0000 T01060100","FM-16","7",,,,,,,,,,,,,,,,,,,,,,,,,,,
"72493023230","2015-12-20T21:51:00","FM-16","6",,,,,,,,,,,,,,,,,,,,,,,,,,,,,,,,,,,,,,,"30.15","50","52",,"RA:02 BR:1 |RA |",,,"94",,"FEW:02 6 OVC:08 11","30.05","2.00","51","140",,"21",,,,,,,,,,,,,,,,,,,,,,,,,,,,,,,,,,,,,"MET10512/20/15 21:51:03 SPECI KOAK 210551Z 14018KT 2SM RA BR FEW006 OVC011 11/10 A3015 RMK AO2 P0000 FIBI (NAB)","FM-16","6",,,,,,,,,,,,,,,,,,,,,,,,,,,
"72493023230","2015-12-20T21:53:00","FM-15","7",,,,,,,,,,,,,,,,,,,,,,,,,,,,,,,,,,,,,,,"30.15","50","51","T","RA:02 BR:1 |RA |","-0.00","3","96","30.15","FEW:02 5 OVC:08 10","30.05","2.00","50","140",,"20",,,,,,,,,,,,,,,,,,,,,,,,,,,,,,,,,,,,,"MET13512/20/15 21:53:02 METAR KOAK 210553Z 14017KT 2SM RA BR FEW005 OVC010 11/10 A3015 RMK AO2 SLP210 6//// T01060100 10111 20106 53001 PNO $","FM-15","7",,,,,,,,,,,,,,,,,,,,,,,,,,,
"72493023230","2015-12-20T22:53:00","FM-15","7",,,,,,,,,,,,,,,,,,,,,,,,,,,,,,,,,,,,,,,"30.16","50","50","0.02","RA:02 BR:1 |RA |",,,"100","30.16","FEW:02 5 OVC:08 10","30.06","2.00","50","150","32","16",,,,,,,,,,,,,,,,,,,,,,,,,,,,,,,,,,,,,"MET13212/20/15 22:53:02 METAR KOAK 210653Z 15014G28KT 2SM RA BR FEW005 OVC010 10/10 A3016 RMK AO2 PK WND 16031/0626 SLP212 T01000100 PNO $","FM-15","7",,,,,,,,,,,,,,,,,,,,,,,,,,,
"72493023230","2015-12-20T23:14:00","FM-16","7",,,,,,,,,,,,,,,,,,,,,,,,,,,,,,,,,,,,,,,"30.16","50","50","0.01","-RA:02 BR:1 |RA |",,,"100",,"BKN:07 7 OVC:08 14","30.06","2.00","50","140",,"16",,,,,,,,,,,,,,,,,,,,,,,,,,,,,,,,,,,,,"MET11912/20/15 23:14:02 SPECI KOAK 210714Z 14014KT 2SM -RA BR BKN007 OVC014 10/10 A3016 RMK AO2 CIG 004V010 P0001 T01000100 $","FM-16","7",,,,,,,,,,,,,,,,,,,,,,,,,,,
"72493023230","2015-12-20T23:44:00","FM-16","7",,,,,,,,,,,,,,,,,,,,,,,,,,,,,,,,,,,,,,,"30.15","49","50","0.01","-RA:02 BR:1 |RA |",,,"96",,"OVC:08 9","30.05","3.00","49","140",,"21",,,,,,,,,,,,,,,,,,,,,,,,,,,,,,,,,,,,,"MET10012/20/15 23:44:02 SPECI KOAK 210744Z 14018KT 3SM -RA BR OVC009 10/09 A3015 RMK AO2 P0001 T01000094 $","FM-16","7",,,,,,,,,,,,,,,,,,,,,,,,,,,
"72493023230","2015-12-20T23:53:00","FM-15","7",,,,,,,,,,,,,,,,,,,,,,,,,,,,,,,,,,,,,,,"30.15","49","50","0.01","-RA:02 BR:1 |RA |",,,"96","30.14","OVC:08 9","30.05","3.00","49","140","26","15",,,,,,,,,,,,,,,,,,,,,,,,,,,,,,,,,,,,,"MET12012/20/15 23:53:02 METAR KOAK 210753Z 14013G23KT 3SM -RA BR OVC009 10/09 A3015 RMK AO2 SLP207 P0001 T01000094 401170039 $","FM-15","7",,,,,,,,,,,,,,,,,,,,,,,,,,,
"72493023230","2015-12-20T23:59:00","SOD  ","6",,,,,,,,,,,,,,,,,,"46",,,"30.08",,"12.0","0","-2.5","19","53","39","160","35","0.68","0",,"150","28","RA BR",,,,,,,,,,,,,,,,,,,,,,,,,,,,,,,,,,,,,,,,,,,,,,,,,,,,,,,"SOD73124 HR PRECIPITATION (IN): 0.68 SNOW DEPTH (IN):0    WEATHER(CODE):18  24 HR MAX TEMP (F): 5324 HR MIN TEMP (F): 39AVERAGE STATION PRESSURE:30.080 MINIMUM SEA LEVEL PRESSURE:30.13 TIME OF OCCURRENCE:1830 PEAK WIND SPEED (MPH): 35 PEAK WIND DIR (DEG):160 PEAK WIND TIME (LST):      FASTEST 2MIN SPEED (MPH): 28FASTEST 2MIN DIR (DEG):150 FASTEST 2MIN TIME (LST):     AVERAGE WIND SPEED (MPH):12.0 24 HR AVG TEMP (F): 46DEPART FROM NORMAL: -2  HEATING DEGREE DAYS: 19 COOLING DEGREE DAYS:  0 LATEST DAY MAX TEMP (0700-1900 LST):53  LATEST NIGHT MIN TEMP(1900-0800 LST):39 HOURLY INCREMENTAL PRECIPITATION VALUES (IN):.00 0.00 0.00 0.00 0.00 0.00 0.00 0.00 0.00 0.00 T    T    0.00 T    T    T    T    T    T    0.03 0.07 T    0.02 0.01","SOD  ","6",,,,,,,,,,,,,,,,,,,,,,,,,"0720","1653",
"72493023230","2015-12-21T00:15:00","FM-16","7",,,,,,,,,,,,,,,,,,,,,,,,,,,,,,,,,,,,,,,"30.15","49","50","T","-RA:02 BR:1 |RA |",,,"96",,"OVC:08 11","30.05","3.00","49","140",,"22",,,,,,,,,,,,,,,,,,,,,,,,,,,,,,,,,,,,,"MET10512/21/15 00:15:02 SPECI KOAK 210815Z 14019KT 3SM -RA BR OVC011 10/09 A3015 RMK AO2 P0000 T01000094 $ (DB)","FM-16","7",,,,,,,,,,,,,,,,,,,,,,,,,,,
"72493023230","2015-12-21T00:42:00","FM-16","7",,,,,,,,,,,,,,,,,,,,,,,,,,,,,,,,,,,,,,,"30.14","49","50","T","-RA:02 BR:1 |RA |",,,"96",,"OVC:08 9","30.04","3.00","49","140",,"17",,,,,,,,,,,,,,,,,,,,,,,,,,,,,,,,,,,,,"MET10512/21/15 00:42:02 SPECI KOAK 210842Z 14015KT 3SM -RA BR OVC009 10/09 A3014 RMK AO2 P0000 T01000094 $ (DB)","FM-16","7",,,,,,,,,,,,,,,,,,,,,,,,,,,
"72493023230","2015-12-21T00:51:00","FM-16","6",,,,,,,,,,,,,,,,,,,,,,,,,,,,,,,,,,,,,,,"30.14","48","50",,"-RA:02 BR:1 |RA |",,,"94",,"OVC:08 10","30.04","3.00","49","140",,"18",,,,,,,,,,,,,,,,,,,,,,,,,,,,,,,,,,,,,"MET10012/21/15 00:51:02 SPECI KOAK 210851Z 14016KT 3SM -RA BR OVC010 10/09 A3014 RMK AO2 P0000 $ FIBI (DB)","FM-16","6",,,,,,,,,,,,,,,,,,,,,,,,,,,
"72493023230","2015-12-21T00:53:00","FM-15","7",,,,,,,,,,,,,,,,,,,,,,,,,,,,,,,,,,,,,,,"30.14","49","50","T","-RA:02 BR:1 |RA |","+0.02","6","96","30.14","OVC:08 10","30.04","3.00","49","140",,"18",,,,,,,,,,,,,,,,,,,,,,,,,,,,,,,,,,,,,"MET12412/21/15 00:53:02 METAR KOAK 210853Z 14016KT 3SM -RA BR OVC010 10/09 A3014 RMK AO2 SLP205 P0000 6//// T01000094 56006 $ (DB)","FM-15","7",,,,,,,,,,,,,,,,,,,,,,,,,,,
"72493023230","2015-12-21T01:37:00","FM-16","7",,,,,,,,,,,,,,,,,,,,,,,,,,,,,,,,,,,,,,,"30.14","50","51","0.04","+RA:02 BR:1 |RA |",,,"96",,"OVC:08 10","30.04","1.75","50","140",,"15",,,,,,,,,,,,,,,,,,,,,,,,,,,,,,,,,,,,,"MET10912/21/15 01:37:02 SPECI KOAK 210937Z 14013KT 1 3/4SM +RA BR OVC010 11/10 A3014 RMK AO2 P0004 T01060100 $ (DB)","FM-16","7",,,,,,,,,,,,,,,,,,,,,,,,,,,
"72493023230","2015-12-21T01:50:00","FM-16","7",,,,,,,,,,,,,,,,,,,,,,,,,,,,,,,,,,,,,,,"30.14","50","52","0.07","RA:02 BR:1 |RA |",,,"94",,"OVC:08 11","30.04","2.50","51","140",,"15",,,,,,,,,,,,,,,,,,,,,,,,,,,,,,,,,,,,,"MET09812/21/15 01:50:02 SPECI KOAK 210950Z 14013KT 2 1/2SM RA BR OVC011 11/10 A3014 RMK AO2 P0007 $ (DB)","FM-16","7",,,,,,,,,,,,,,,,,,,,,,,,,,,
"72493023230","2015-12-21T01:53:00","FM-15","7",,,,,,,,,,,,,,,,,,,,,,,,,,,,,,,,,,,,,,,"30.14","50","51","0.07","RA:02 BR:1 |RA |",,,"96","30.14","OVC:08 11","30.04","2.50","50","140",,"15",,,,,,,,,,,,,,,,,,,,,,,,,,,,,,,,,,,,,"MET11512/21/15 01:53:02 METAR KOAK 210953Z 14013KT 2 1/2SM RA BR OVC011 11/10 A3014 RMK AO2 SLP207 P0007 T01060100 $ (DB)","FM-15","7",,,,,,,,,,,,,,,,,,,,,,,,,,,
"72493023230","2015-12-21T02:13:00","FM-16","7",,,,,,,,,,,,,,,,,,,,,,,,,,,,,,,,,,,,,,,"30.14","50","51","T","-RA:02 BR:1 |RA |",,,"96",,"OVC:08 11","30.04","4.00","50","140",,"14",,,,,,,,,,,,,,,,,,,,,,,,,,,,,,,,,,,,,"MET10512/21/15 02:13:02 SPECI KOAK 211013Z 14012KT 4SM -RA BR OVC011 11/10 A3014 RMK AO2 P0000 T01060100 $ (DB)","FM-16","7",,,,,,,,,,,,,,,,,,,,,,,,,,,
"72493023230","2015-12-21T02:53:00","FM-15","7",,,,,,,,,,,,,,,,,,,,,,,,,,,,,,,,,,,,,,,"30.12","50","51","T","-RA:02 BR:1 |RA |",,,"96","30.12","OVC:08 11","30.02","4.00","50","140",,"15",,,,,,,,,,,,,,,,,,,,,,,,,,,,,,,,,,,,,"MET11212/21/15 02:53:02 METAR KOAK 211053Z 14013KT 4SM -RA BR OVC011 11/10 A3012 RMK AO2 SLP200 P0000 T01060100 $ (DB)","FM-15","7",,,,,,,,,,,,,,,,,,,,,,,,,,,
"72493023230","2015-12-21T03:53:00","FM-15","7",,,,,,,,,,,,,,,,,,,,,,,,,,,,,,,,,,,,,,,"30.11","50","51","T",,"+0.04","8","96","30.10","OVC:08 12","30.01","7.00","50","150",,"13",,,,,,,,,,,,,,,,,,,,,,,,,,,,,,,,,,,,,"MET14112/21/15 03:53:02 METAR KOAK 211153Z 15011KT 7SM OVC012 11/10 A3011 RMK AO2 RAE34 SLP194 P0000 6//// 7//// T01060100 10106 20100 58012 $ (DB)","FM-15","7",,,,,,,,,,,,,,,,,,,,,,,,,,,
"72493023230","2015-12-21T04:53:00","FM-15","7",,,,,,,,,,,,,,,,,,,,,,,,,,,,,,,,,,,,,,,"30.10","50","52","T","-RA:02 BR:1 |RA |",,,"93","30.10","OVC:08 12","30.00","4.00","51","160",,"15",,,,,,,,,,,,,,,,,,,,,,,,,,,,,,,,,,,,,"MET11812/21/15 04:53:02 METAR KOAK 211253Z 16013KT 4SM -RA BR OVC012 11/10 A3010 RMK AO2 RAB40 SLP193 P0000 T01110100 $ (DB)","FM-15","7",,,,,,,,,,,,,,,,,,,,,,,,,,,
"72493023230","2015-12-21T05:06:00","FM-16","7",,,,,,,,,,,,,,,,,,,,,,,,,,,,,,,,,,,,,,,"30.11","50","51","T","-RA:02 BR:1 |RA |",,,"96",,"OVC:08 12","30.01","2.50","50","150",,"14",,,,,,,,,,,,,,,,,,,,,,,,,,,,,,,,,,,,,"MET10912/21/15 05:06:02 SPECI KOAK 211306Z 15012KT 2 1/2SM -RA BR OVC012 11/10 A3011 RMK AO2 P0000 T01060100 $ (DB)","FM-16","7",,,,,,,,,,,,,,,,,,,,,,,,,,,
"72493023230","2015-12-21T05:33:00","FM-16","7",,,,,,,,,,,,,,,,,,,,,,,,,,,,,,,,,,,,,,,"30.10","50","51","0.01","-RA:02 BR:1 |RA |",,,"96",,"OVC:08 12","30.00","3.00","50","150",,"14",,,,,,,,,,,,,,,,,,,,,,,,,,,,,,,,,,,,,"MET10512/21/15 05:33:02 SPECI KOAK 211333Z 15012KT 3SM -RA BR OVC012 11/10 A3010 RMK AO2 P0001 T01060100 $ (DB)","FM-16","7",,,,,,,,,,,,,,,,,,,,,,,,,,,
"72493023230","2015-12-21T05:53:00","FM-15","7",,,,,,,,,,,,,,,,,,,,,,,,,,,,,,,,,,,,,,,"30.10","50","52","0.01","-RA:02 BR:1 |RA |",,,"93","30.10","OVC:08 14","30.00","4.00","51","140",,"17",,,,,,,,,,,,,,,,,,,,,,,,,,,,,,,,,,,,,"MET11212/21/15 05:53:02 METAR KOAK 211353Z 14015KT 4SM -RA BR OVC014 11/10 A3010 RMK AO2 SLP192 P0001 T01110100 $ (DB)","FM-15","7",,,,,,,,,,,,,,,,,,,,,,,,,,,
"72493023230","2015-12-21T06:53:00","FM-15","7",,,,,,,,,,,,,,,,,,,,,,,,,,,,,,,,,,,,,,,"30.10","50","51","T","-RA:02 BR:1 |RA |","+0.01","8","96","30.09","OVC:08 10","30.00","3.00","50","150",,"17",,,,,,,,,,,,,,,,,,,,,,,,,,,,,,,,,,,,,"MET12412/21/15 06:53:02 METAR KOAK 211453Z 15015KT 3SM -RA BR OVC010 11/10 A3010 RMK AO2 SLP191 P0000 60001 T01060100 58004 $ (DB)","FM-15","7",,,,,,,,,,,,,,,,,,,,,,,,,,,
"72493023230","2015-12-21T06:56:00","FM-16","7",,,,,,,,,,,,,,,,,,,,,,,,,,,,,,,,,,,,,,,"30.10","50","51","T","-RA:02 BR:1 |RA |",,,"96",,"FEW:02 8 OVC:08 12","30.00","2.00","50","150",,"15",,,,,,,,,,,,,,,,,,,,,,,,,,,,,,,,,,,,,"MET12612/21/15 06:56:02 SPECI KOAK 211456Z 15013KT 2SM -RA BR FEW008 OVC012 11/10 A3010 RMK AO2 SFC VIS 2 1/2 P0000 T01060100 $ (DB)","FM-16","7",,,,,,,,,,,,,,,,,,,,,,,,,,,
"72493023230","2015-12-21T07:31:00","FM-16","7",,,,,,,,,,,,,,,,,,,,,,,,,,,,,,,,,,,,,,,"30.10","50","51","T","-RA:02 BR:1 |RA |",,,"96",,"OVC:08 13","30.00","2.00","50","140",,"15",,,,,,,,,,,,,,,,,,,,,,,,,,,,,,,,,,,,,"MET10512/21/15 07:31:02 SPECI KOAK 211531Z 14013KT 2SM -RA BR OVC013 11/10 A3010 RMK AO2 P0000 T01060100 $ (DB)","FM-16","7",,,,,,,,,,,,,,,,,,,,,,,,,,,
"72493023230","2015-12-21T07:53:00","FM-15","7",,,,,,,,,,,,,,,,,,,,,,,,,,,,,,,,,,,,,,,"30.09","51","52","T","-RA:02 BR:1 |RA |",,,"97","30.09","OVC:08 13","29.99","2.00","51","150",,"15",,,,,,,,,,,,,,,,,,,,,,,,,,,,,,,,,,,,,"MET10712/21/15 07:53:02 METAR KOAK 211553Z 15013KT 2SM -RA BR OVC013 11/11 A3009 RMK AO2 SLP189 P0000 T01110106 $","FM-15","7",,,,,,,,,,,,,,,,,,,,,,,,,,,
"72493023230","2015-12-21T08:08:00","FM-16","7",,,,,,,,,,,,,,,,,,,,,,,,,,,,,,,,,,,,,,,"30.10","51","52","T","-RA:02 BR:1 |RA |",,,"97",,"SCT:04 7 OVC:08 13","30.00","2.00","51","150",,"15",,,,,,,,,,,,,,,,,,,,,,,,,,,,,,,,,,,,,"MET11212/21/15 08:08:02 SPECI KOAK 211608Z 15013KT 2SM -RA BR SCT007 OVC013 11/11 A3010 RMK AO2 P0000 T01110106 $ (LM)","FM-16","7",,,,,,,,,,,,,,,,,,,,,,,,,,,
"72493023230","2015-12-21T08:37:00","FM-16","7",,,,,,,,,,,,,,,,,,,,,,,,,,,,,,,,,,,,,,,"30.10","51","52","T","-DZ:01 BR:1 |DZ |",,,"97",,"BKN:07 10 OVC:08 16","30.00","4.00","51","150",,"15",,,,,,,,,,,,,,,,,,,,,,,,,,,,,,,,,,,,,"MET12312/21/15 08:37:02 SPECI KOAK 211637Z 15013KT 4SM -DZ BR BKN010 OVC016 11/11 A3010 RMK AO2 RAE33DZB34 P0000 T01110106 $ (LM)","FM-16","7",,,,,,,,,,,,,,,,,,,,,,,,,,,
"72493023230","2015-12-21T08:53:00","FM-15","7",,,,,,,,,,,,,,,,,,,,,,,,,,,,,,,,,,,,,,,"30.10","51","52","T","-RA:02 BR:1 |RA |",,,"97","30.10","SCT:04 10 OVC:08 15","30.00","4.00","51","150",,"15",,,,,,,,,,,,,,,,,,,,,,,,,,,,,,,,,,,,,"MET13612/21/15 08:53:02 METAR KOAK 211653Z 15013KT 4SM -RA BR SCT010 OVC015 11/11 A3010 RMK AO2 RAE33B51DZB34E51 SLP192 P0000 T01110106 $ (LM)","FM-15","7",,,,,,,,,,,,,,,,,,,,,,,,,,,
"72493023230","2015-12-21T09:20:00","FM-16","7",,,,,,,,,,,,,,,,,,,,,,,,,,,,,,,,,,,,,,,"30.10","52","53","0.01","RA:02 BR:1 |RA |",,,"96",,"OVC:08 15","30.00","1.75","52","150",,"15",,,,,,,,,,,,,,,,,,,,,,,,,,,,,,,,,,,,,"MET10812/21/15 09:20:02 SPECI KOAK 211720Z 15013KT 1 3/4SM RA BR OVC015 12/11 A3010 RMK AO2 P0001 T01170111 $ (LM)","FM-16","7",,,,,,,,,,,,,,,,,,,,,,,,,,,
"72493023230","2015-12-21T09:36:00","FM-16","7",,,,,,,,,,,,,,,,,,,,,,,,,,,,,,,,,,,,,,,"30.11","52","53","0.01","-RA:02 BR:1 |RA |",,,"96",,"OVC:08 15","30.01","2.50V","52","150",,"15",,,,,,,,,,,,,,,,,,,,,,,,,,,,,,,,,,,,,"MET12112/21/15 09:36:02 SPECI KOAK 211736Z 15013KT 2 1/2SM -RA BR OVC015 12/11 A3011 RMK AO2 VIS 1 1/2V4 P0001 T01170111 $ (LM)","FM-16","7",,,,,,,,,,,,,,,,,,,,,,,,,,,
"72493023230","2015-12-21T09:51:00","FM-16","6",,,,,,,,,,,,,,,,,,,,,,,,,,,,,,,,,,,,,,,"30.11","54","54",,"-RA:02 BR:1 |RA |",,,"100",,"OVC:08 10","30.01","1.50","54","160",,"14",,,,,,,,,,,,,,,,,,,,,,,,,,,,,,,,,,,,,"MET10412/21/15 09:51:02 SPECI KOAK 211751Z 16012KT 1 1/2SM -RA BR OVC010 12/12 A3011 RMK AO2 P0002 $ FIBI (LM)","FM-16","6",,,,,,,,,,,,,,,,,,,,,,,,,,,
"72493023230","2015-12-21T09:53:00","FM-15","7",,,,,,,,,,,,,,,,,,,,,,,,,,,,,,,,,,,,,,,"30.12","52","53","0.03","-RA:02 BR:1 |RA |","-0.02","3","96","30.11","BKN:07 10 OVC:08 14","30.02","1.25","52","160",,"13",,,,,,,,,,,,,,,,,,,,,,,,,,,,,,,,,,,,,"MET14712/21/15 09:53:02 METAR KOAK 211753Z 16011KT 1 1/4SM -RA BR BKN010 OVC014 12/11 A3012 RMK AO2 SLP198 P0002 60003 T01170111 10117 20106 53007 $ (LM)","FM-15","7",,,,,,,,,,,,,,,,,,,,,,,,,,,
"72493023230","2015-12-21T10:08:00","FM-16","7",,,,,,,,,,,,,,,,,,,,,,,,,,,,,,,,,,,,,,,"30.11","53","53","0.02","-RA:02 BR:1 |RA |",,,"100",,"SCT:04 6 BKN:07 10 OVC:08 14","30.01","1.50","53","160",,"13",,,,,,,,,,,,,,,,,,,,,,,,,,,,,,,,,,,,,"MET12312/21/15 10:08:02 SPECI KOAK 211808Z 16011KT 1 1/2SM -RA BR SCT006 BKN010 OVC014 12/12 A3011 RMK AO2 P0002 T01170117 $ (LM)","FM-16","7",,,,,,,,,,,,,,,,,,,,,,,,,,,
"72493023230","2015-12-21T10:14:00","FM-16","7",,,,,,,,,,,,,,,,,,,,,,,,,,,,,,,,,,,,,,,"30.10","53","53","0.02","-RA:02 BR:1 |RA |",,,"100",,"BKN:07 6 OVC:08 10","30.00","3.00","53","160",,"13",,,,,,,,,,,,,,,,,,,,,,,,,,,,,,,,,,,,,"MET11212/21/15 10:14:02 SPECI KOAK 211814Z 16011KT 3SM -RA BR BKN006 OVC010 12/12 A3010 RMK AO2 P0002 T01170117 $ (LM)","FM-16","7",,,,,,,,,,,,,,,,,,,,,,,,,,,
"72493023230","2015-12-21T10:16:00","FM-16","7",,,,,,,,,,,,,,,,,,,,,,,,,,,,,,,,,,,,,,,"30.10","52","53","0.02","RA:02 BR:1 |RA |",,,"96",,"BKN:07 4 OVC:08 10","30.00","2.50V","52","150",,"14",,,,,,,,,,,,,,,,,,,,,,,,,,,,,,,,,,,,,"MET12712/21/15 10:16:02 SPECI KOAK 211816Z 15012KT 2 1/2SM RA BR BKN004 OVC010 12/11 A3010 RMK AO2 VIS 1 1/2V4 P0002 T01170111 $ (LM)","FM-16","7",,,,,,,,,,,,,,,,,,,,,,,,,,,
"72493023230","2015-12-21T10:44:00","FM-16","7",,,,,,,,,,,,,,,,,,,,,,,,,,,,,,,,,,,,,,,"30.09","53","53","0.02","BR:1 ||",,,"100",,"OVC:08 4","29.99","3.00","53","150",,"11",,,,,,,,,,,,,,,,,,,,,,,,,,,,,,,,,,,,,"MET10712/21/15 10:44:02 SPECI KOAK 211844Z 15010KT 3SM BR OVC004 12/12 A3009 RMK AO2 RAE41 P0002 T01170117 $ (LM)","FM-16","7",,,,,,,,,,,,,,,,,,,,,,,,,,,
"72493023230","2015-12-21T10:53:00","FM-15","7",,,,,,,,,,,,,,,,,,,,,,,,,,,,,,,,,,,,,,,"30.09","53","54","0.01","-RA:02 BR:1 |RA |",,,"97","30.09","BKN:07 4 OVC:08 13","29.99","6.00","53","150",,"14",,,,,,,,,,,,,,,,,,,,,,,,,,,,,,,,,,,,,"MET12812/21/15 10:53:02 METAR KOAK 211853Z 15012KT 6SM -RA BR BKN004 OVC013 12/12 A3009 RMK AO2 RAE41B53 SLP188 P0002 T01220117 $ (LM)","FM-15","7",,,,,,,,,,,,,,,,,,,,,,,,,,,
"72493023230","2015-12-21T11:07:00","FM-16","7",,,,,,,,,,,,,,,,,,,,,,,,,,,,,,,,,,,,,,,"30.08","54","54","T","-RA:02 |RA |",,,"100",,"SCT:04 4 BKN:07 15 OVC:08 80","29.98","10.00","54","170",,"10",,,,,,,,,,,,,,,,,,,,,,,,,,,,,,,,,,,,,"MET11712/21/15 11:07:02 SPECI KOAK 211907Z 17009KT 10SM -RA SCT004 BKN015 OVC080 12/12 A3008 RMK AO2 P0000 T01220122 $ (LM)","FM-16","7",,,,,,,,,,,,,,,,,,,,,,,,,,,
"72493023230","2015-12-21T11:43:00","FM-16","7",,,,,,,,,,,,,,,,,,,,,,,,,,,,,,,,,,,,,,,"30.08","55","56","T",,,,"97",,"SCT:04 19 BKN:07 35 OVC:08 80","29.98","10.00","55","200",,"8",,,,,,,,,,,,,,,,,,,,,,,,,,,,,,,,,,,,,"MET11912/21/15 11:43:02 SPECI KOAK 211943Z 20007KT 10SM SCT019 BKN035 OVC080 13/13 A3008 RMK AO2 RAE26 P0000 T01330128 $ (LM)","FM-16","7",,,,,,,,,,,,,,,,,,,,,,,,,,,
"72493023230","2015-12-21T11:51:00","FM-16","6",,,,,,,,,,,,,,,,,,,,,,,,,,,,,,,,,,,,,,,"30.08","55","55",,"-RA:02 BR:1 |RA |",,,"100",,"SCT:04 19 BKN:07 26 OVC:08 35","29.98","6.00","55","200",,"7",,,,,,,,,,,,,,,,,,,,,,,,,,,,,,,,,,,,,"MET12312/21/15 11:51:02 SPECI KOAK 211951Z 20006KT 6SM -RA BR SCT019 BKN026 OVC035 13/13 A3008 RMK AO2 RAE26B50 P0000 $ FIBI (LM)","FM-16","6",,,,,,,,,,,,,,,,,,,,,,,,,,,
"72493023230","2015-12-21T11:53:00","FM-15","7",,,,,,,,,,,,,,,,,,,,,,,,,,,,,,,,,,,,,,,"30.08","56","56","T","-RA:02 BR:1 |RA |",,,"100","30.07","SCT:04 19 BKN:07 28 OVC:08 35","29.98","6.00","56","210",,"8",,,,,,,,,,,,,,,,,,,,,,,,,,,,,,,,,,,,,"MET13512/21/15 11:53:02 METAR KOAK 211953Z 21007KT 6SM -RA BR SCT019 BKN028 OVC035 13/13 A3008 RMK AO2 RAE26B50 SLP184 P0000 T01330133 $ (LM)","FM-15","7",,,,,,,,,,,,,,,,,,,,,,,,,,,
"72493023230","2015-12-21T12:40:00","FM-16","7",,,,,,,,,,,,,,,,,,,,,,,,,,,,,,,,,,,,,,,"30.03","55","56",,"RA:02 BR:1 |RA |",,,"97",,"FEW:02 15 BKN:07 20 OVC:08 60","29.93","2.00","55","210",,"14",,,,,,,,,,,,,,,,,,,,,,,,,,,,,,,,,,,,,"MET11612/21/15 12:40:02 SPECI KOAK 212040Z 21012KT 2SM RA BR FEW015 BKN020 OVC060 13/13 A3003 RMK AO2 T01330128 PNO $ (LM)","FM-16","7",,,,,,,,,,,,,,,,,,,,,,,,,,,
"72493023230","2015-12-21T12:53:00","FM-15","7",,,,,,,,,,,,,,,,,,,,,,,,,,,,,,,,,,,,,,,"30.03","55","56","0.01","RA:02 BR:1 |RA |","+0.09","8","97","30.03","BKN:07 18 BKN:07 44 OVC:08 55","29.93","2.00","55","200",,"13",,,,,,,,,,,,,,,,,,,,,,,,,,,,,,,,,,,,,"MET13512/21/15 12:53:02 METAR KOAK 212053Z 20011KT 2SM RA BR BKN018 BKN044 OVC055 13/13 A3003 RMK AO2 SLP168 6//// T01330128 58030 PNO $ (LM)","FM-15","7",,,,,,,,,,,,,,,,,,,,,,,,,,,
"72493023230","2015-12-21T13:07:00","FM-16","7",,,,,,,,,,,,,,,,,,,,,,,,,,,,,,,,,,,,,,,"30.02","56","56","T","-RA:02 BR:1 |RA |",,,"100",,"BKN:07 20 BKN:07 38 OVC:08 50","29.92","3.00","56","200",,"10",,,,,,,,,,,,,,,,,,,,,,,,,,,,,,,,,,,,,"MET11712/21/15 13:07:02 SPECI KOAK 212107Z 20009KT 3SM -RA BR BKN020 BKN038 OVC050 13/13 A3002 RMK AO2 P0000 T01330133 (LM)","FM-16","7",,,,,,,,,,,,,,,,,,,,,,,,,,,
"72493023230","2015-12-21T13:51:00","FM-16","6",,,,,,,,,,,,,,,,,,,,,,,,,,,,,,,,,,,,,,,"30.00","55","55",,"RA:02 BR:1 |RA |",,,"100",,"BKN:07 16 OVC:08 21","29.91","2.00","55","200",,"11",,,,,,,,,,,,,,,,,,,,,,,,,,,,,,,,,,,,,"MET10412/21/15 13:51:02 SPECI KOAK 212151Z 20010KT 2SM RA BR BKN016 OVC021 13/13 A3000 RMK AO2 PNO $ FIBI (LM)","FM-16","6",,,,,,,,,,,,,,,,,,,,,,,,,,,
"72493023230","2015-12-21T13:53:00","FM-15","7",,,,,,,,,,,,,,,,,,,,,,,,,,,,,,,,,,,,,,,"30.00","55","56","0.01","RA:02 BR:1 |RA |",,,"97","30.00","BKN:07 14 OVC:08 21","29.91","2.00","55","200",,"11",,,,,,,,,,,,,,,,,,,,,,,,,,,,,,,,,,,,,"MET11612/21/15 13:53:02 METAR KOAK 212153Z 20010KT 2SM RA BR BKN014 OVC021 13/13 A3000 RMK AO2 SLP158 T01330128 PNO $ (LM)","FM-15","7",,,,,,,,,,,,,,,,,,,,,,,,,,,
"72493023230","2015-12-21T14:08:00","FM-16","7",,,,,,,,,,,,,,,,,,,,,,,,,,,,,,,,,,,,,,,"29.99","55","56","0.01","-RA:02 BR:1 |RA |",,,"97",,"BKN:07 15 OVC:08 22","29.89","2.00","55","210",,"13",,,,,,,,,,,,,,,,,,,,,,,,,,,,,,,,,,,,,"MET11212/21/15 14:08:02 SPECI KOAK 212208Z 21011KT 2SM -RA BR BKN015 OVC022 13/13 A2999 RMK AO2 P0001 T01330128 $ (LM)","FM-16","7",,,,,,,,,,,,,,,,,,,,,,,,,,,
"72493023230","2015-12-21T14:34:00","FM-16","7",,,,,,,,,,,,,,,,,,,,,,,,,,,,,,,,,,,,,,,"29.99","55","57","0.01","-RA:02 BR:1 |RA |",,,"93",,"OVC:08 15","29.89","3.00","56","230",,"15",,,,,,,,,,,,,,,,,,,,,,,,,,,,,,,,,,,,,"MET10312/21/15 14:34:02 SPECI KOAK 212234Z 23013KT 3SM -RA BR OVC015 14/13 A2999 RMK AO2 P0001 T01390128 (LM)","FM-16","7",,,,,,,,,,,,,,,,,,,,,,,,,,,
"72493023230","2015-12-21T14:51:00","FM-16","6",,,,,,,,,,,,,,,,,,,,,,,,,,,,,,,,,,,,,,,"29.98","55","57",,"-RA:02 BR:1 |RA |",,,"94",,"BKN:07 13 OVC:08 19","29.88","3.00","56","230",,"17",,,,,,,,,,,,,,,,,,,,,,,,,,,,,,,,,,,,,"MET10512/21/15 14:51:02 SPECI KOAK 212251Z 23015KT 3SM -RA BR BKN013 OVC019 14/13 A2998 RMK AO2 P0001 FIBI (LM)","FM-16","6",,,,,,,,,,,,,,,,,,,,,,,,,,,
"72493023230","2015-12-21T14:53:00","FM-15","7",,,,,,,,,,,,,,,,,,,,,,,,,,,,,,,,,,,,,,,"29.97","55","57","0.01","-RA:02 BR:1 |RA |",,,"93","29.97","BKN:07 13 OVC:08 19","29.88","3.00","56","230",,"18",,,,,,,,,,,,,,,,,,,,,,,,,,,,,,,,,,,,,"MET11712/21/15 14:53:02 METAR KOAK 212253Z 23016KT 3SM -RA BR BKN013 OVC019 14/13 A2997 RMK AO2 SLP150 P0001 T01390128 (LM)","FM-15","7",,,,,,,,,,,,,,,,,,,,,,,,,,,
"72493023230","2015-12-21T15:45:00","FM-16","7",,,,,,,,,,,,,,,,,,,,,,,,,,,,,,,,,,,,,,,"29.96","55","57",,"RA:02 BR:1 |RA |",,,"93",,"BKN:07 12 OVC:08 18","29.86","2.00","56","230",,"15",,,,,,,,,,,,,,,,,,,,,,,,,,,,,,,,,,,,,"MET11012/21/15 15:45:02 SPECI KOAK 212345Z 23013KT 2SM RA BR BKN012 OVC018 14/13 A2996 RMK AO2 T01390128 PNO $ (NAB)","FM-16","7",,,,,,,,,,,,,,,,,,,,,,,,,,,
"72493023230","2015-12-21T15:53:00","FM-15","7",,,,,,,,,,,,,,,,,,,,,,,,,,,,,,,,,,,,,,,"29.96","55","57","0.01","RA:02 BR:1 |RA |","+0.07","6","93","29.96","BKN:07 12 OVC:08 18","29.86","2.00","56","230",,"15",,,,,,,,,,,,,,,,,,,,,,,,,,,,,,,,,,,,,"MET14112/21/15 15:53:02 METAR KOAK 212353Z 23013KT 2SM RA BR BKN012 OVC018 14/13 A2996 RMK AO2 SLP144 6//// T01390128 10139 20117 56023 PNO $ (NAB)","FM-15","7",,,,,,,,,,,,,,,,,,,,,,,,,,,
"72493023230","2015-12-21T16:16:00","FM-16","7",,,,,,,,,,,,,,,,,,,,,,,,,,,,,,,,,,,,,,,"29.95","55","57",,"-RA:02 BR:1 |RA |",,,"93",,"BKN:07 16 OVC:08 22","29.85","3.00","56","240",,"16",,,,,,,,,,,,,,,,,,,,,,,,,,,,,,,,,,,,,"MET10512/21/15 16:16:01 SPECI KOAK 220016Z 24014KT 3SM -RA BR BKN016 OVC022 14/13 A2995 RMK AO2 T01390128 PNO $","FM-16","7",,,,,,,,,,,,,,,,,,,,,,,,,,,
"72493023230","2015-12-21T16:51:00","FM-16","7",,,,,,,,,,,,,,,,,,,,,,,,,,,,,,,,,,,,,,,"29.95","55","57",,"-RA:02 BR:1 |RA |",,,"94",,"BKN:07 14 BKN:07 44 OVC:08 80","29.85","5.00","56","250",,"20",,,,,,,,,,,,,,,,,,,,,,,,,,,,,,,,,,,,,"MET10212/21/15 16:51:01 SPECI KOAK 220051Z 25017KT 5SM -RA BR BKN014 BKN044 OVC080 14/13 A2995 RMK AO2 PNO $","FM-16","7",,,,,,,,,,,,,,,,,,,,,,,,,,,
"72493023230","2015-12-21T16:53:00","FM-15","7",,,,,,,,,,,,,,,,,,,,,,,,,,,,,,,,,,,,,,,"29.95","55","57",,"-RA:02 BR:1 |RA |",,,"93","29.94","BKN:07 14 BKN:07 22 OVC:08 80","29.85","5.00","56","250",,"18",,,,,,,,,,,,,,,,,,,,,,,,,,,,,,,,,,,,,"MET11912/21/15 16:53:01 METAR KOAK 220053Z 25016KT 5SM -RA BR BKN014 BKN022 OVC080 14/13 A2995 RMK AO2 SLP140 T01390128 PNO $","FM-15","7",,,,,,,,,,,,,,,,,,,,,,,,,,,
"72493023230","2015-12-21T17:53:00","FM-15","7",,,,,,,,,,,,,,,,,,,,,,,,,,,,,,,,,,,,,,,"29.94","55","57",,"-RA:02 BR:1 |RA |",,,"93","29.94","BKN:07 13 OVC:08 31","29.84","5.00","56","250",,"16",,,,,,,,,,,,,,,,,,,,,,,,,,,,,,,,,,,,,"MET11212/21/15 17:53:01 METAR KOAK 220153Z 25014KT 5SM -RA BR BKN013 OVC031 14/13 A2994 RMK AO2 SLP138 T01390128 PNO $","FM-15","7",,,,,,,,,,,,,,,,,,,,,,,,,,,
"72493023230","2015-12-21T18:53:00","FM-15","7",,,,,,,,,,,,,,,,,,,,,,,,,,,,,,,,,,,,,,,"29.93","55","57",,"-RA:02 |RA |","+0.01","8","93","29.93","BKN:07 10 OVC:08 38","29.83","7.00","56","260",,"15",,,,,,,,,,,,,,,,,,,,,,,,,,,,,,,,,,,,,"MET12112/21/15 18:53:02 METAR KOAK 220253Z 26013KT 7SM -RA BKN010 OVC038 14/13 A2993 RMK AO2 SLP135 6//// T01390128 58005 PNO $","FM-15","7",,,,,,,,,,,,,,,,,,,,,,,,,,,
"72493023230","2015-12-21T19:53:00","FM-15","7",,,,,,,,,,,,,,,,,,,,,,,,,,,,,,,,,,,,,,,"29.93","55","56",,"-RA:02 BR:1 |RA |",,,"97","29.93","OVC:08 10","29.83","5.00","55","250",,"13",,,,,,,,,,,,,,,,,,,,,,,,,,,,,,,,,,,,,"MET10512/21/15 19:53:02 METAR KOAK 220353Z 25011KT 5SM -RA BR OVC010 13/13 A2993 RMK AO2 SLP134 T01330128 PNO $","FM-15","7",,,,,,,,,,,,,,,,,,,,,,,,,,,
"72493023230","2015-12-21T20:53:00","FM-15","7",,,,,,,,,,,,,,,,,,,,,,,,,,,,,,,,,,,,,,,"29.92","55","56",,"-RA:02 |RA |",,,"97","29.92","OVC:08 10","29.83","8.00","55","260",,"13",,,,,,,,,,,,,,,,,,,,,,,,,,,,,,,,,,,,,"MET11112/21/15 20:53:02 METAR KOAK 220453Z 26011KT 8SM -RA OVC010 13/13 A2992 RMK AO2 RAE03B53 SLP132 T01330128 PNO $","FM-15","7",,,,,,,,,,,,,,,,,,,,,,,,,,,
"72493023230","2015-12-21T21:39:00","FM-16","7",,,,,,,,,,,,,,,,,,,,,,,,,,,,,,,,,,,,,,,"29.91","55","56",,"-DZ:01 BR:1 |DZ |",,,"97",,"SCT:04 12 OVC:08 40","29.81","6.00","55","250",,"9",,,,,,,,,,,,,,,,,,,,,,,,,,,,,,,,,,,,,"MET11612/21/15 21:39:02 SPECI KOAK 220539Z 25008KT 6SM -DZ BR SCT012 OVC040 13/13 A2991 RMK AO2 RAE23DZB38 T01330128 PNO $","FM-16","7",,,,,,,,,,,,,,,,,,,,,,,,,,,
"72493023230","2015-12-21T21:53:00","FM-15","7",,,,,,,,,,,,,,,,,,,,,,,,,,,,,,,,,,,,,,,"29.90","55","56",,"-DZ:01 BR:1 |DZ |","+0.03","8","97","29.90","SCT:04 14 OVC:08 40","29.80","6.00","55","240",,"9",,,,,,,,,,,,,,,,,,,,,,,,,,,,,,,,,,,,,"MET14712/21/15 21:53:02 METAR KOAK 220553Z 24008KT 6SM -DZ BR SCT014 OVC040 13/13 A2990 RMK AO2 RAE23DZB38 SLP124 6//// T01330128 10139 20128 58011 PNO $","FM-15","7",,,,,,,,,,,,,,,,,,,,,,,,,,,
"72493023230","2015-12-21T22:22:00","FM-16","7",,,,,,,,,,,,,,,,,,,,,,,,,,,,,,,,,,,,,,,"29.89","55","55",,"-RA:02 |RA |",,,"100",,"SCT:04 10 BKN:07 14 OVC:08 30","29.80","7.00","55","220",,"7",,,,,,,,,,,,,,,,,,,,,,,,,,,,,,,,,,,,,"MET12012/21/15 22:22:02 SPECI KOAK 220622Z 22006KT 7SM -RA SCT010 BKN014 OVC030 13/13 A2989 RMK AO2 DZE21RAB21 T01280128 PNO $","FM-16","7",,,,,,,,,,,,,,,,,,,,,,,,,,,
"72493023230","2015-12-21T22:53:00","FM-15","7",,,,,,,,,,,,,,,,,,,,,,,,,,,,,,,,,,,,,,,"29.88","55","56",,"-RA:02 BR:1 |RA |",,,"97","29.88","OVC:08 10","29.78","4.00","55","240",,"9",,,,,,,,,,,,,,,,,,,,,,,,,,,,,,,,,,,,,"MET12812/21/15 22:53:02 METAR KOAK 220653Z 24008KT 4SM -RA BR OVC010 13/13 A2988 RMK AO2 DZE21B37E50RAB21E29B50 SLP118 T01330128 PNO $","FM-15","7",,,,,,,,,,,,,,,,,,,,,,,,,,,
"72493023230","2015-12-21T23:00:00","FM-16","7",,,,,,,,,,,,,,,,,,,,,,,,,,,,,,,,,,,,,,,"29.88","55","56",,"RA:02 BR:1 |RA |",,,"97",,"OVC:08 8","29.78","3.00","55","240",,"10",,,,,,,,,,,,,,,,,,,,,,,,,,,,,,,,,,,,,"MET09712/21/15 23:00:02 SPECI KOAK 220700Z 24009KT 3SM RA BR OVC008 13/13 A2988 RMK AO2 T01330128 PNO $","FM-16","7",,,,,,,,,,,,,,,,,,,,,,,,,,,
"72493023230","2015-12-21T23:19:00","FM-16","7",,,,,,,,,,,,,,,,,,,,,,,,,,,,,,,,,,,,,,,"29.88","55","56",,"RA:02 BR:1 |RA |",,,"97",,"SCT:04 8 OVC:08 14","29.78","3.00","55","240",,"13",,,,,,,,,,,,,,,,,,,,,,,,,,,,,,,,,,,,,"MET10412/21/15 23:19:02 SPECI KOAK 220719Z 24011KT 3SM RA BR SCT008 OVC014 13/13 A2988 RMK AO2 T01330128 PNO $","FM-16","7",,,,,,,,,,,,,,,,,,,,,,,,,,,
"72493023230","2015-12-21T23:40:00","FM-16","7",,,,,,,,,,,,,,,,,,,,,,,,,,,,,,,,,,,,,,,"29.87","55","57",,"RA:02 BR:1 |RA |",,,"93",,"OVC:08 15","29.78","4.00","56","240",,"18",,,,,,,,,,,,,,,,,,,,,,,,,,,,,,,,,,,,,"MET09712/21/15 23:40:02 SPECI KOAK 220740Z 24016KT 4SM RA BR OVC015 14/13 A2987 RMK AO2 T01390128 PNO $","FM-16","7",,,,,,,,,,,,,,,,,,,,,,,,,,,
"72493023230","2015-12-21T23:53:00","FM-15","7",,,,,,,,,,,,,,,,,,,,,,,,,,,,,,,,,,,,,,,"29.86","56","57","0.02","-RA:02 BR:1 |RA |",,,"96","29.86","BKN:07 13 OVC:08 21","29.76","4.00","56","240",,"17",,,,,,,,,,,,,,,,,,,,,,,,,,,,,,,,,,,,,"MET12212/21/15 23:53:02 METAR KOAK 220753Z 24015KT 4SM -RA BR BKN013 OVC021 14/13 A2986 RMK AO2 SLP112 T01390133 401390100 PNO $","FM-15","7",,,,,,,,,,,,,,,,,,,,,,,,,,,
"72493023230","2015-12-21T23:59:00","SOD  ","6",,,,,,,,,,,,,,,,,,"54",,,"29.92",,"14.3","0","5.6","11","57","50","250","27","0.91","0","0.0","250","22","RA DZ BR",,,,,,,,,,,,,,,,,,,,,,,,,,,,,,,,,,,,,,,,,,,,,,,,,,,,,,,"SOD78324 HR PRECIPITATION (IN): 0.91 SNOW DEPTH (IN):0     24 HR SNOWFALL (IN):0.0  WEATHER(CODE):1  24 HR MAX TEMP (F): 5724 HR MIN TEMP (F): 50AVERAGE STATION PRESSURE:29.920 MINIMUM SEA LEVEL PRESSURE:29.85 TIME OF OCCURRENCE:2359 PEAK WIND SPEED (MPH): 27 PEAK WIND DIR (DEG):250 PEAK WIND TIME (LST):      FASTEST 2MIN SPEED (MPH): 22FASTEST 2MIN DIR (DEG):250 FASTEST 2MIN TIME (LST):     AVERAGE WIND SPEED (MPH):14.3 24 HR AVG TEMP (F): 54DEPART FROM NORMAL:  6  SKY COVER SR-SS (TENTHS): 1HEATING DEGREE DAYS: 11 COOLING DEGREE DAYS:  0 LATEST DAY MAX TEMP (0700-1900 LST):57  LATEST NIGHT MIN TEMP(1900-0800 LST):50 HOURLY INCREMENTAL PRECIPITATION VALUES (IN):    0.07 T    T    T    0.01 T    T    T    0.03 0.01 T    0.01 0.01 0.01 0.01 M    M    M    M    M    M    M    0.02","SOD  ","6",,,,,,,,,,,,,,,,,,,,,,,,,"0720","1654",
"72493023230","2015-12-22T00:53:00","FM-15","7",,,,,,,,,,,,,,,,,,,,,,,,,,,,,,,,,,,,,,,"29.84","55","57","T","-RA:02 BR:1 |RA |","+0.06","8","93","29.83","BKN:07 13 OVC:08 20","29.75","4.00","56","250",,"18",,,,,,,,,,,,,,,,,,,,,,,,,,,,,,,,,,,,,"MET13112/22/15 00:53:02 METAR KOAK 220853Z 25016KT 4SM -RA BR BKN013 OVC020 14/13 A2984 RMK AO2 SLP103 P0000 6//// T01390128 58021 $ (DB)","FM-15","7",,,,,,,,,,,,,,,,,,,,,,,,,,,
"72493023230","2015-12-22T01:53:00","FM-15","7",,,,,,,,,,,,,,,,,,,,,,,,,,,,,,,,,,,,,,,"29.81","56","57","T","-RA:02 BR:1 |RA |",,,"96","29.81","OVC:08 14","29.72","6.00","56","250","34","24",,,,,,,,,,,,,,,,,,,,,,,,,,,,,,,,,,,,,"MET13312/22/15 01:53:02 METAR KOAK 220953Z 25021G30KT 6SM -RA BR OVC014 14/13 A2981 RMK AO2 PK WND 25030/0952 SLP094 P0000 T01390133 $ (DB)","FM-15","7",,,,,,,,,,,,,,,,,,,,,,,,,,,
"72493023230","2015-12-22T02:53:00","FM-15","7",,,,,,,,,,,,,,,,,,,,,,,,,,,,,,,,,,,,,,,"29.79","54","58","T","-RA:02 |RA |",,,"87","29.78","OVC:08 13","29.70","5.00","56","260","36","26",,,,,,,,,,,,,,,,,,,,,,,,,,,,,,,,,,,,,"MET13012/22/15 02:53:02 METAR KOAK 221053Z 26023G31KT 5SM -RA OVC013 14/12 A2979 RMK AO2 PK WND 26032/1017 SLP086 P0000 T01440122 $ (DB)","FM-15","7",,,,,,,,,,,,,,,,,,,,,,,,,,,
"72493023230","2015-12-22T03:53:00","FM-15","7",,,,,,,,,,,,,,,,,,,,,,,,,,,,,,,,,,,,,,,"29.75","56","58","T","-RA:02 BR:1 |RA |","+0.08","8","93","29.75","OVC:08 11","29.65","4.00","57","270","38","30",,,,,,,,,,,,,,,,,,,,,,,,,,,,,,,,,,,,,"MET16312/22/15 03:53:02 METAR KOAK 221153Z 27026G33KT 4SM -RA BR OVC011 14/13 A2975 RMK AO2 PK WND 27040/1139 SLP075 P0000 6//// 7//// T01440133 10144 20128 58028 $ (DB)","FM-15","7",,,,,,,,,,,,,,,,,,,,,,,,,,,
"72493023230","2015-12-22T04:53:00","FM-15","7",,,,,,,,,,,,,,,,,,,,,,,,,,,,,,,,,,,,,,,"29.75","56","58","T","BR:1 ||",,,"93","29.75","SCT:04 8 OVC:08 13","29.65","4.00","57","270","44","28",,,,,,,,,,,,,,,,,,,,,,,,,,,,,,,,,,,,,"MET14812/22/15 04:53:02 METAR KOAK 221253Z 27024G38KT 4SM BR SCT008 OVC013 14/13 A2975 RMK AO2 PK WND 28038/1244 RAE01B43E53 SLP075 P0000 T01440133 $ (DB)","FM-15","7",,,,,,,,,,,,,,,,,,,,,,,,,,,
"72493023230","2015-12-22T05:53:00","FM-15","7",,,,,,,,,,,,,,,,,,,,,,,,,,,,,,,,,,,,,,,"29.77","55","58","T","BR:1 ||",,,"90","29.76","BKN:07 10 OVC:08 15","29.67","5.00","56","270","37","25",,,,,,,,,,,,,,,,,,,,,,,,,,,,,,,,,,,,,"MET14512/22/15 05:53:02 METAR KOAK 221353Z 27022G32KT 5SM BR BKN010 OVC015 14/13 A2977 RMK AO2 PK WND 27036/1316 RAB02E48 SLP079 P0000 T01440128 $ (DB)","FM-15","7",,,,,,,,,,,,,,,,,,,,,,,,,,,
"72493023230","2015-12-22T06:53:00","FM-15","7",,,,,,,,,,,,,,,,,,,,,,,,,,,,,,,,,,,,,,,"29.78","56","57","T","-RA:02 BR:1 |RA |","-0.03","3","96","29.78","BKN:07 10 OVC:08 16","29.68","4.00","56","270","28","18",,,,,,,,,,,,,,,,,,,,,,,,,,,,,,,,,,,,,"MET16212/22/15 06:53:02 METAR KOAK 221453Z 27016G24KT 4SM -RA BR BKN010 OVC016 14/13 A2978 RMK AO2 PK WND 27030/1413 RAB01E15B40 SLP085 P0000 60000 T01390133 53010 (DB)","FM-15","7",,,,,,,,,,,,,,,,,,,,,,,,,,,
"72493023230","2015-12-22T07:53:00","FM-15","7",,,,,,,,,,,,,,,,,,,,,,,,,,,,,,,,,,,,,,,"29.79","54","57","T","BR:1 ||",,,"90","29.78","BKN:07 13 OVC:08 40","29.70","6.00","55","270",,"22",,,,,,,,,,,,,,,,,,,,,,,,,,,,,,,,,,,,,"MET13712/22/15 07:53:02 METAR KOAK 221553Z 27019KT 6SM BR BKN013 OVC040 14/12 A2979 RMK AO2 PK WND 28029/1517 RAE52 SLP086 P0000 T01390122 (LM)","FM-15","7",,,,,,,,,,,,,,,,,,,,,,,,,,,
"72493023230","2015-12-22T08:34:00","FM-16","7",,,,,,,,,,,,,,,,,,,,,,,,,,,,,,,,,,,,,,,"29.81","54","58",,,,,"87",,"BKN:07 26 BKN:07 37 OVC:08 46","29.72","8.00","56","270",,"25",,,,,,,,,,,,,,,,,,,,,,,,,,,,,,,,,,,,,"MET10412/22/15 08:34:02 SPECI KOAK 221634Z 27022KT 8SM BKN026 BKN037 OVC046 14/12 A2981 RMK AO2 T01440122 (LM)","FM-16","7",,,,,,,,,,,,,,,,,,,,,,,,,,,
"72493023230","2015-12-22T08:51:00","FM-16","6",,,,,,,,,,,,,,,,,,,,,,,,,,,,,,,,,,,,,,,"29.82","54","57",,,,,"88",,"BKN:07 14 BKN:07 37 OVC:08 49","29.72","8.00","55","270","30","18",,,,,,,,,,,,,,,,,,,,,,,,,,,,,,,,,,,,,"MET12012/22/15 08:51:02 SPECI KOAK 221651Z 27016G26KT 8SM BKN014 BKN037 OVC049 14/12 A2982 RMK AO2 PK WND 25026/1647 FIBI (LM)","FM-16","6",,,,,,,,,,,,,,,,,,,,,,,,,,,
"72493023230","2015-12-22T08:53:00","FM-15","7",,,,,,,,,,,,,,,,,,,,,,,,,,,,,,,,,,,,,,,"29.82","54","58","0.00",,,,"87","29.82","BKN:07 14 BKN:07 37 OVC:08 49","29.72","8.00","56","270","30","21",,,,,,,,,,,,,,,,,,,,,,,,,,,,,,,,,,,,,"MET13212/22/15 08:53:02 METAR KOAK 221653Z 27018G26KT 8SM BKN014 BKN037 OVC049 14/12 A2982 RMK AO2 PK WND 25026/1647 SLP098 T01440122 (LM)","FM-15","7",,,,,,,,,,,,,,,,,,,,,,,,,,,
"72493023230","2015-12-22T09:51:00","FM-16","7",,,,,,,,,,,,,,,,,,,,,,,,,,,,,,,,,,,,,,,"29.84","54","57",,,,,"88",,"SCT:04 14 BKN:07 23 OVC:08 32","29.75","8.00","55","280",,"10",,,,,,,,,,,,,,,,,,,,,,,,,,,,,,,,,,,,,"MET09412/22/15 09:51:02 SPECI KOAK 221751Z 28009KT 8SM SCT014 BKN023 OVC032 14/12 A2984 RMK AO2 (LM)","FM-16","7",,,,,,,,,,,,,,,,,,,,,,,,,,,
"72493023230","2015-12-22T09:53:00","FM-15","7",,,,,,,,,,,,,,,,,,,,,,,,,,,,,,,,,,,,,,,"29.84","53","57","0.00",,"-0.06","1","87","29.84","SCT:04 14 BKN:07 23 OVC:08 32","29.75","8.00","55","270",,"10",,,,,,,,,,,,,,,,,,,,,,,,,,,,,,,,,,,,,"MET13512/22/15 09:53:02 METAR KOAK 221753Z 27009KT 8SM SCT014 BKN023 OVC032 14/12 A2984 RMK AO2 SLP105 60000 T01390117 10144 20139 51019 (LM)","FM-15","7",,,,,,,,,,,,,,,,,,,,,,,,,,,
"72493023230","2015-12-22T10:53:00","FM-15","7",,,,,,,,,,,,,,,,,,,,,,,,,,,,,,,,,,,,,,,"29.85","53","59","0.00",,,,"81","29.85","SCT:04 17 BKN:07 29 OVC:08 46","29.75","10.00","56","280",,"15",,,,,,,,,,,,,,,,,,,,,,,,,,,,,,,,,,,,,"MET11212/22/15 10:53:02 METAR KOAK 221853Z 28013KT 10SM SCT017 BKN029 OVC046 15/12 A2985 RMK AO2 SLP109 T01500117 (LM)","FM-15","7",,,,,,,,,,,,,,,,,,,,,,,,,,,
"72493023230","2015-12-22T11:51:00","FM-16","6",,,,,,,,,,,,,,,,,,,,,,,,,,,,,,,,,,,,,,,"29.85","54","57",,,,,"88",,"SCT:04 27 OVC:08 36","29.75","10.00","55","270",,"14",,,,,,,,,,,,,,,,,,,,,,,,,,,,,,,,,,,,,"MET09312/22/15 11:51:02 SPECI KOAK 221951Z 27012KT 10SM SCT027 OVC036 14/12 A2985 RMK AO2 FIBI (LM)","FM-16","6",,,,,,,,,,,,,,,,,,,,,,,,,,,
"72493023230","2015-12-22T11:53:00","FM-15","7",,,,,,,,,,,,,,,,,,,,,,,,,,,,,,,,,,,,,,,"29.84","53","58","0.00",,,,"84","29.84","BKN:07 27 OVC:08 36","29.75","10.00","55","270",,"15",,,,,,,,,,,,,,,,,,,,,,,,,,,,,,,,,,,,,"MET10512/22/15 11:53:02 METAR KOAK 221953Z 27013KT 10SM BKN027 OVC036 14/12 A2984 RMK AO2 SLP105 T01440117 (LM)","FM-15","7",,,,,,,,,,,,,,,,,,,,,,,,,,,
"72493023230","2015-12-22T12:53:00","FM-15","7",,,,,,,,,,,,,,,,,,,,,,,,,,,,,,,,,,,,,,,"29.84","54","59","T",,"-0.00","0","83","29.84","SCT:04 14 BKN:07 20 OVC:08 49","29.75","9.00","56","260",,"13",,,,,,,,,,,,,,,,,,,,,,,,,,,,,,,,,,,,,"MET11712/22/15 12:53:02 METAR KOAK 222053Z 26011KT 9SM SCT014 BKN020 OVC049 15/12 A2984 RMK AO2 SLP105 T01500122 50000 (LM)","FM-15","7",,,,,,,,,,,,,,,,,,,,,,,,,,,
"72493023230","2015-12-22T13:31:00","FM-16","7",,,,,,,,,,,,,,,,,,,,,,,,,,,,,,,,,,,,,,,"29.81","52","59","T",,,,"78",,"SCT:04 17 SCT:04 27 BKN:07 42","29.72","10.00","55","280",,"21",,,,,,,,,,,,,,,,,,,,,,,,,,,,,,,,,,,,,"MET13412/22/15 13:31:02 SPECI KOAK 222131Z 28018KT 10SM SCT017 SCT027 BKN042 15/11 A2981 RMK AO2 DZB2058E2059RAB2059E09 P0000 T01500111 (LM)","FM-16","7",,,,,,,,,,,,,,,,,,,,,,,,,,,
"72493023230","2015-12-22T13:53:00","FM-15","7",,,,,,,,,,,,,,,,,,,,,,,,,,,,,,,,,,,,,,,"29.81","52","58","T",,,,"81","29.81","FEW:02 17 FEW:02 27 SCT:04 42","29.72","10.00","55","280",,"17",,,,,,,,,,,,,,,,,,,,,,,,,,,,,,,,,,,,,"MET14112/22/15 13:53:02 METAR KOAK 222153Z 28015KT 10SM FEW017 FEW027 SCT042 14/11 A2981 RMK AO2 DZB2058E2059RAB2059E09 SLP095 P0000 T01440111 (LM)","FM-15","7",,,,,,,,,,,,,,,,,,,,,,,,,,,
"72493023230","2015-12-22T14:53:00","FM-15","7",,,,,,,,,,,,,,,,,,,,,,,,,,,,,,,,,,,,,,,"29.84","51","58","T",,,,"78","29.83","FEW:02 17 FEW:02 40 SCT:04 50","29.75","10.00","54","270",,"21",,,,,,,,,,,,,,,,,,,,,,,,,,,,,,,,,,,,,"MET12712/22/15 14:53:02 METAR KOAK 222253Z 27018KT 10SM FEW017 FEW040 SCT050 14/11 A2984 RMK AO2 RAB07E11 SLP103 P0000 T01440106 (LM)","FM-15","7",,,,,,,,,,,,,,,,,,,,,,,,,,,
"72493023230","2015-12-22T15:53:00","FM-15","7",,,,,,,,,,,,,,,,,,,,,,,,,,,,,,,,,,,,,,,"29.85","50","57","T",,"-0.01","3","78","29.85","FEW:02 17 FEW:02 40 SCT:04 50","29.75","10.00","53","270","30","22",,,,,,,,,,,,,,,,,,,,,,,,,,,,,,,,,,,,,"MET17312/22/15 15:53:02 METAR KOAK 222353Z 27019G26KT 10SM FEW017 FEW040 SCT050 14/10 A2985 RMK AO2 PK WND 27027/2310 RAB28E37 SLP108 P0000 60000 T01390100 10150 20133 53003 (ALT)","FM-15","7",,,,,,,,,,,,,,,,,,,,,,,,,,,
"72493023230","2015-12-22T16:17:00","FM-16","7",,,,,,,,,,,,,,,,,,,,,,,,,,,,,,,,,,,,,,,"29.85","50","57","T","|RA |",,,"78",,"SCT:04 20 BKN:07 28 BKN:07 42","29.75","7.00","53","280",,"21",,,,,,,,,,,,,,,,,,,,,,,,,,,,,,,,,,,,,"MET11512/22/15 16:17:01 SPECI KOAK 230017Z 28018KT 7SM -RA SCT020 BKN028 BKN042 14/10 A2985 RMK AO2 RAB09 P0000 T01390100","FM-16","7",,,,,,,,,,,,,,,,,,,,,,,,,,,
"72493023230","2015-12-22T16:53:00","FM-15","7",,,,,,,,,,,,,,,,,,,,,,,,,,,,,,,,,,,,,,,"29.86","50","56","T",,,,"81","29.85","SCT:04 23 BKN:07 28 BKN:07 42","29.76","9.00","53","280",,"23",,,,,,,,,,,,,,,,,,,,,,,,,,,,,,,,,,,,,"MET13912/22/15 16:53:01 METAR KOAK 230053Z 28020KT 9SM SCT023 BKN028 BKN042 13/10 A2986 RMK AO2 PK WND 28026/0049 RAB09E40 SLP110 P0000 T01330100","FM-15","7",,,,,,,,,,,,,,,,,,,,,,,,,,,
"72493023230","2015-12-22T17:53:00","FM-15","7",,,,,,,,,,,,,,,,,,,,,,,,,,,,,,,,,,,,,,,"29.86","49","55","0.00",,,,"80","29.86","FEW:02 23 SCT:04 28 BKN:07 55","29.76","10.00","52","270",,"18",,,,,,,,,,,,,,,,,,,,,,,,,,,,,,,,,,,,,"MET10712/22/15 17:53:01 METAR KOAK 230153Z 27016KT 10SM FEW023 SCT028 BKN055 13/09 A2986 RMK AO2 SLP112 T01280094","FM-15","7",,,,,,,,,,,,,,,,,,,,,,,,,,,
"72493023230","2015-12-22T18:53:00","FM-15","7",,,,,,,,,,,,,,,,,,,,,,,,,,,,,,,,,,,,,,,"29.88","49","54","0.00",,"-0.02","3","83","29.88","FEW:02 24 SCT:04 34 BKN:07 45","29.78","10.00","51","270",,"20",,,,,,,,,,,,,,,,,,,,,,,,,,,,,,,,,,,,,"MET11912/22/15 18:53:01 METAR KOAK 230253Z 27017KT 10SM FEW024 SCT034 BKN045 12/09 A2988 RMK AO2 SLP117 60000 T01220094 53008","FM-15","7",,,,,,,,,,,,,,,,,,,,,,,,,,,
"72493023230","2015-12-22T19:53:00","FM-15","7",,,,,,,,,,,,,,,,,,,,,,,,,,,,,,,,,,,,,,,"29.90","48","54","0.00",,,,"80","29.90","FEW:02 24 FEW:02 35 SCT:04 45","29.80","10.00","51","290",,"21",,,,,,,,,,,,,,,,,,,,,,,,,,,,,,,,,,,,,"MET10712/22/15 19:53:02 METAR KOAK 230353Z 29018KT 10SM FEW024 FEW035 SCT045 12/09 A2990 RMK AO2 SLP125 T01220089","FM-15","7",,,,,,,,,,,,,,,,,,,,,,,,,,,
"72493023230","2015-12-22T20:53:00","FM-15","7",,,,,,,,,,,,,,,,,,,,,,,,,,,,,,,,,,,,,,,"29.90","47","54","0.00",,,,"77","29.90","FEW:02 15 FEW:02 42 BKN:07 55","29.80","10.00","50","270",,"16",,,,,,,,,,,,,,,,,,,,,,,,,,,,,,,,,,,,,"MET12512/22/15 20:53:02 METAR KOAK 230453Z 27014KT 10SM FEW015 FEW042 BKN055 12/08 A2990 RMK AO2 PK WND 29026/0358 SLP124 T01220083","FM-15","7",,,,,,,,,,,,,,,,,,,,,,,,,,,
"72493023230","2015-12-22T21:53:00","FM-15","7",,,,,,,,,,,,,,,,,,,,,,,,,,,,,,,,,,,,,,,"29.92","46","53","0.00",,"-0.04","1","77","29.91","FEW:02 15 BKN:07 50","29.83","10.00","49","270",,"20",,,,,,,,,,,,,,,,,,,,,,,,,,,,,,,,,,,,,"MET12412/22/15 21:53:02 METAR KOAK 230553Z 27017KT 10SM FEW015 BKN050 12/08 A2992 RMK AO2 SLP130 60000 T01170078 10139 20117 51013","FM-15","7",,,,,,,,,,,,,,,,,,,,,,,,,,,
"72493023230","2015-12-22T22:53:00","FM-15","7",,,,,,,,,,,,,,,,,,,,,,,,,,,,,,,,,,,,,,,"29.91","43","53","0.00",,,,"69","29.91","FEW:02 15 FEW:02 55","29.81","10.00","48","270",,"18",,,,,,,,,,,,,,,,,,,,,,,,,,,,,,,,,,,,,"MET10012/22/15 22:53:02 METAR KOAK 230653Z 27016KT 10SM FEW015 FEW055 12/06 A2991 RMK AO2 SLP127 T01170061","FM-15","7",,,,,,,,,,,,,,,,,,,,,,,,,,,
"72493023230","2015-12-22T23:53:00","FM-15","7",,,,,,,,,,,,,,,,,,,,,,,,,,,,,,,,,,,,,,,"29.92","39","52","0.00",,,,"61","29.91","FEW:02 15","29.83","10.00","46","280","29","23",,,,,,,,,,,,,,,,,,,,,,,,,,,,,,,,,,,,,"MET12412/22/15 23:53:02 METAR KOAK 230753Z 28020G25KT 10SM FEW015 11/04 A2992 RMK AO2 PK WND 29027/0730 SLP130 T01110039 401500111","FM-15","7",,,,,,,,,,,,,,,,,,,,,,,,,,,
"72493023230","2015-12-22T23:59:00","SOD  ","6",,,,,,,,,,,,,,,,,,"56",,,"29.74",,"20.2","0","7.6","9","59","52","270","46","0.41","0","0.0","270","37","RA BR",,,,,,,,,,,,,,,,,,,,,,,,,,,,,,,,,,,,,,,,,,,,,,,,,,,,,,,"SOD75724 HR PRECIPITATION (IN): 0.41 SNOW DEPTH (IN):0     24 HR SNOWFALL (IN):0.0  WEATHER(CODE):18  24 HR MAX TEMP (F): 5924 HR MIN TEMP (F): 52AVERAGE STATION PRESSURE:29.740 MINIMUM SEA LEVEL PRESSURE:29.74 TIME OF OCCURRENCE:0505 PEAK WIND SPEED (MPH): 46 PEAK WIND DIR (DEG):270 PEAK WIND TIME (LST):      FASTEST 2MIN SPEED (MPH): 37FASTEST 2MIN DIR (DEG):270 FASTEST 2MIN TIME (LST):     AVERAGE WIND SPEED (MPH):20.2 24 HR AVG TEMP (F): 56DEPART FROM NORMAL:  8  HEATING DEGREE DAYS:  9 COOLING DEGREE DAYS:  0 LATEST DAY MAX TEMP (0700-1900 LST):59  LATEST NIGHT MIN TEMP(1900-0800 LST):55 HOURLY INCREMENTAL PRECIPITATION VALUES (IN):    T    T    T    T    T    T    T    0.00 0.00 0.00 0.00 T    T    T    T    T    0.00 0.00 0.00 0.00 0.00 0.00 0.00","SOD  ","6",,,,,,,,,,,,,,,,,,,,,,,,,"0721","1654",
"72493023230","2015-12-23T00:53:00","FM-15","7",,,,,,,,,,,,,,,,,,,,,,,,,,,,,,,,,,,,,,,"29.92","40","51","0.00",,"-0.00","3","66","29.91","FEW:02 15","29.83","10.00","46","290",,"23",,,,,,,,,,,,,,,,,,,,,,,,,,,,,,,,,,,,,"MET12212/23/15 00:53:02 METAR KOAK 230853Z 29020KT 10SM FEW015 11/04 A2992 RMK AO2 PK WND 28029/0836 SLP130 T01060044 53001 (DB)","FM-15","7",,,,,,,,,,,,,,,,,,,,,,,,,,,
"72493023230","2015-12-23T01:53:00","FM-15","7",,,,,,,,,,,,,,,,,,,,,,,,,,,,,,,,,,,,,,,"29.92","40","51","0.00",,,,"66","29.92","FEW:02 15 BKN:07 200","29.83","10.00","46","280","32","25",,,,,,,,,,,,,,,,,,,,,,,,,,,,,,,,,,,,,"MET12612/23/15 01:53:02 METAR KOAK 230953Z 28022G28KT 10SM FEW015 BKN200 11/04 A2992 RMK AO2 PK WND 29028/0952 SLP131 T01060044 (DB)","FM-15","7",,,,,,,,,,,,,,,,,,,,,,,,,,,
"72493023230","2015-12-23T02:53:00","FM-15","7",,,,,,,,,,,,,,,,,,,,,,,,,,,,,,,,,,,,,,,"29.95","39","51","0.00",,,,"64","29.94","FEW:02 15 BKN:07 200","29.85","10.00","45","300",,"15",,,,,,,,,,,,,,,,,,,,,,,,,,,,,,,,,,,,,"MET13012/23/15 02:53:02 METAR KOAK 231053Z 30013KT 10SM FEW015 BKN200 11/04 A2995 RMK AO2 PK WND 29028/1005 PRESRR SLP139 T01060039 (DB)","FM-15","7",,,,,,,,,,,,,,,,,,,,,,,,,,,
"72493023230","2015-12-23T03:53:00","FM-15","7",,,,,,,,,,,,,,,,,,,,,,,,,,,,,,,,,,,,,,,"29.96","39","50","0.00",,"-0.04","3","66","29.96","FEW:02 15 BKN:07 200","29.86","10.00","45","290",,"11",,,,,,,,,,,,,,,,,,,,,,,,,,,,,,,,,,,,,"MET12312/23/15 03:53:02 METAR KOAK 231153Z 29010KT 10SM FEW015 BKN200 10/04 A2996 RMK AO2 SLP144 T01000039 10117 20100 53014 (DB)","FM-15","7",,,,,,,,,,,,,,,,,,,,,,,,,,,
"72493023230","2015-12-23T04:53:00","FM-15","7",,,,,,,,,,,,,,,,,,,,,,,,,,,,,,,,,,,,,,,"29.96","39","51","0.00",,,,"64","29.96","FEW:02 200","29.86","10.00","45","300",,"11",,,,,,,,,,,,,,,,,,,,,,,,,,,,,,,,,,,,,"MET09812/23/15 04:53:02 METAR KOAK 231253Z 30010KT 10SM FEW200 11/04 A2996 RMK AO2 SLP144 T01060039 (DB)","FM-15","7",,,,,,,,,,,,,,,,,,,,,,,,,,,
"72493023230","2015-12-23T05:53:00","FM-15","7",,,,,,,,,,,,,,,,,,,,,,,,,,,,,,,,,,,,,,,"29.97","39","50","0.00",,,,"66","29.97","FEW:02 80","29.88","10.00","45","290",,"16",,,,,,,,,,,,,,,,,,,,,,,,,,,,,,,,,,,,,"MET09812/23/15 05:53:02 METAR KOAK 231353Z 29014KT 10SM FEW080 10/04 A2997 RMK AO2 SLP148 T01000039 (DB)","FM-15","7",,,,,,,,,,,,,,,,,,,,,,,,,,,
"72493023230","2015-12-23T06:53:00","FM-15","7",,,,,,,,,,,,,,,,,,,,,,,,,,,,,,,,,,,,,,,"29.98","38","50","0.00",,"-0.02","3","63","29.98","FEW:02 80","29.88","10.00","44","290",,"15",,,,,,,,,,,,,,,,,,,,,,,,,,,,,,,,,,,,,"MET10412/23/15 06:53:02 METAR KOAK 231453Z 29013KT 10SM FEW080 10/03 A2998 RMK AO2 SLP152 T01000033 53008 (DB)","FM-15","7",,,,,,,,,,,,,,,,,,,,,,,,,,,
"72493023230","2015-12-23T07:53:00","FM-15","7",,,,,,,,,,,,,,,,,,,,,,,,,,,,,,,,,,,,,,,"30.00","36","50","0.00",,,,"59","29.99","FEW:02 10 FEW:02 80","29.91","10.00","44","300","26","16",,,,,,,,,,,,,,,,,,,,,,,,,,,,,,,,,,,,,"MET10812/23/15 07:53:02 METAR KOAK 231553Z 30014G23KT 10SM FEW010 FEW080 10/02 A3000 RMK AO2 SLP156 T01000022 (LM)","FM-15","7",,,,,,,,,,,,,,,,,,,,,,,,,,,
"72493023230","2015-12-23T08:53:00","FM-15","7",,,,,,,,,,,,,,,,,,,,,,,,,,,,,,,,,,,,,,,"30.01","38","52","0.00",,,,"59","30.01","SCT:04 180","29.91","10.00","45","290",,"13",,,,,,,,,,,,,,,,,,,,,,,,,,,,,,,,,,,,,"MET09812/23/15 08:53:02 METAR KOAK 231653Z 29011KT 10SM SCT180 11/03 A3001 RMK AO2 SLP161 T01110033 (LM)","FM-15","7",,,,,,,,,,,,,,,,,,,,,,,,,,,
"72493023230","2015-12-23T09:53:00","FM-15","7",,,,,,,,,,,,,,,,,,,,,,,,,,,,,,,,,,,,,,,"30.03","36","53","0.00",,"-0.05","3","52","30.03","FEW:02 12 BKN:07 200","29.93","10.00","45","310",,"13",,,,,,,,,,,,,,,,,,,,,,,,,,,,,,,,,,,,,"MET12312/23/15 09:53:02 METAR KOAK 231753Z 31011KT 10SM FEW012 BKN200 12/02 A3003 RMK AO2 SLP168 T01170022 10122 20094 53016 (LM)","FM-15","7",,,,,,,,,,,,,,,,,,,,,,,,,,,
"72493023230","2015-12-23T10:53:00","FM-15","7",,,,,,,,,,,,,,,,,,,,,,,,,,,,,,,,,,,,,,,"30.03","39","54","0.00",,,,"57","30.03","FEW:02 12 BKN:07 200","29.93","10.00","47","290",,"15",,,,,,,,,,,,,,,,,,,,,,,,,,,,,,,,,,,,,"MET10512/23/15 10:53:02 METAR KOAK 231853Z 29013KT 10SM FEW012 BKN200 12/04 A3003 RMK AO2 SLP169 T01220039 (LM)","FM-15","7",,,,,,,,,,,,,,,,,,,,,,,,,,,
"72493023230","2015-12-23T11:53:00","FM-15","7",,,,,,,,,,,,,,,,,,,,,,,,,,,,,,,,,,,,,,,"30.01","34","56","0.00",,,,"44","30.01","SCT:04 200","29.91","10.00","46","310","24","14",,,,,,,,,,,,,,,,,,,,,,,,,,,,,,,,,,,,,"MET10112/23/15 11:53:02 METAR KOAK 231953Z 31012G21KT 10SM SCT200 13/01 A3001 RMK AO2 SLP162 T01330011 (LM)","FM-15","7",,,,,,,,,,,,,,,,,,,,,,,,,,,
"72493023230","2015-12-23T12:53:00","FM-15","7",,,,,,,,,,,,,,,,,,,,,,,,,,,,,,,,,,,,,,,"29.99","36","56","0.00",,"+0.04","8","47","29.98","BKN:07 200","29.89","10.00","47","300",,"14",,,,,,,,,,,,,,,,,,,,,,,,,,,,,,,,,,,,,"MET10412/23/15 12:53:02 METAR KOAK 232053Z 30012KT 10SM BKN200 13/02 A2999 RMK AO2 SLP154 T01330022 58014 (LM)","FM-15","7",,,,,,,,,,,,,,,,,,,,,,,,,,,
"72493023230","2015-12-23T13:53:00","FM-15","7",,,,,,,,,,,,,,,,,,,,,,,,,,,,,,,,,,,,,,,"29.97","38","56","0.00",,,,"51","29.97","FEW:02 25 SCT:04 200","29.88","10.00","47","300",,"16",,,,,,,,,,,,,,,,,,,,,,,,,,,,,,,,,,,,,"MET10512/23/15 13:53:02 METAR KOAK 232153Z 30014KT 10SM FEW025 SCT200 13/03 A2997 RMK AO2 SLP148 T01330033 (LM)","FM-15","7",,,,,,,,,,,,,,,,,,,,,,,,,,,
"72493023230","2015-12-23T14:53:00","FM-15","7",,,,,,,,,,,,,,,,,,,,,,,,,,,,,,,,,,,,,,,"29.98","35","56","0.00",,,,"46","29.98","FEW:02 25 SCT:04 200","29.88","10.00","46","300",,"16",,,,,,,,,,,,,,,,,,,,,,,,,,,,,,,,,,,,,"MET10512/23/15 14:53:02 METAR KOAK 232253Z 30014KT 10SM FEW025 SCT200 13/02 A2998 RMK AO2 SLP152 T01330017 (LM)","FM-15","7",,,,,,,,,,,,,,,,,,,,,,,,,,,
"72493023230","2015-12-23T15:53:00","FM-15","7",,,,,,,,,,,,,,,,,,,,,,,,,,,,,,,,,,,,,,,"29.99","38","54","0.00",,"-0.00","3","55","29.99","FEW:02 25 SCT:04 200","29.89","10.00","46","310",,"14",,,,,,,,,,,,,,,,,,,,,,,,,,,,,,,,,,,,,"MET12412/23/15 15:53:02 METAR KOAK 232353Z 31012KT 10SM FEW025 SCT200 12/03 A2999 RMK AO2 SLP155 T01220033 10133 20117 53001 (ALT)","FM-15","7",,,,,,,,,,,,,,,,,,,,,,,,,,,
"72493023230","2015-12-23T16:53:00","FM-15","7",,,,,,,,,,,,,,,,,,,,,,,,,,,,,,,,,,,,,,,"29.99","36","52","0.00",,,,"55","29.99","FEW:02 20 SCT:04 200","29.89","10.00","45","310",,"9",,,,,,,,,,,,,,,,,,,,,,,,,,,,,,,,,,,,,"MET10012/23/15 16:53:01 METAR KOAK 240053Z 31008KT 10SM FEW020 SCT200 11/02 A2999 RMK AO2 SLP156 T01110022","FM-15","7",,,,,,,,,,,,,,,,,,,,,,,,,,,
"72493023230","2015-12-23T17:53:00","FM-15","7",,,,,,,,,,,,,,,,,,,,,,,,,,,,,,,,,,,,,,,"30.01","37","51","0.00",,,,"59","30.01","FEW:02 20 SCT:04 200","29.91","10.00","45","320",,"8",,,,,,,,,,,,,,,,,,,,,,,,,,,,,,,,,,,,,"MET10012/23/15 17:53:01 METAR KOAK 240153Z 32007KT 10SM FEW020 SCT200 11/03 A3001 RMK AO2 SLP161 T01060028","FM-15","7",,,,,,,,,,,,,,,,,,,,,,,,,,,
"72493023230","2015-12-23T18:53:00","FM-15","7",,,,,,,,,,,,,,,,,,,,,,,,,,,,,,,,,,,,,,,"30.01","37","49","0.00",,"-0.02","3","64","30.01","SCT:04 200","29.91","10.00","44","000",,"0",,,,,,,,,,,,,,,,,,,,,,,,,,,,,,,,,,,,,"MET09912/23/15 18:53:02 METAR KOAK 240253Z 00000KT 10SM SCT200 09/03 A3001 RMK AO2 SLP162 T00940028 53007","FM-15","7",,,,,,,,,,,,,,,,,,,,,,,,,,,
"72493023230","2015-12-23T19:53:00","FM-15","7",,,,,,,,,,,,,,,,,,,,,,,,,,,,,,,,,,,,,,,"30.02","37","51","0.00",,,,"59","30.02","FEW:02 200","29.92","10.00","45","310",,"9",,,,,,,,,,,,,,,,,,,,,,,,,,,,,,,,,,,,,"MET09312/23/15 19:53:02 METAR KOAK 240353Z 31008KT 10SM FEW200 11/03 A3002 RMK AO2 SLP166 T01060028","FM-15","7",,,,,,,,,,,,,,,,,,,,,,,,,,,
"72493023230","2015-12-23T20:53:00","FM-15","7",,,,,,,,,,,,,,,,,,,,,,,,,,,,,,,,,,,,,,,"30.02","35","50","0.00",,,,"57","30.01","CLR:00","29.92","10.00","43","310",,"9",,,,,,,,,,,,,,,,,,,,,,,,,,,,,,,,,,,,,"MET09012/23/15 20:53:02 METAR KOAK 240453Z 31008KT 10SM CLR 10/02 A3002 RMK AO2 SLP164 T01000017","FM-15","7",,,,,,,,,,,,,,,,,,,,,,,,,,,
"72493023230","2015-12-23T21:53:00","FM-15","7",,,,,,,,,,,,,,,,,,,,,,,,,,,,,,,,,,,,,,,"30.02","40","49","0.00",,"-0.00","0","71","30.01","SCT:04 50","29.92","10.00","45","300",,"8",,,,,,,,,,,,,,,,,,,,,,,,,,,,,,,,,,,,,"MET11112/23/15 21:53:02 METAR KOAK 240553Z 30007KT 10SM SCT050 09/04 A3002 RMK AO2 SLP163 T00940044 10122 20094 50001","FM-15","7",,,,,,,,,,,,,,,,,,,,,,,,,,,
"72493023230","2015-12-23T22:53:00","FM-15","7",,,,,,,,,,,,,,,,,,,,,,,,,,,,,,,,,,,,,,,"30.02","42","51","0.00",,,,"71","30.02","FEW:02 36 BKN:07 48 BKN:07 60","29.92","10.00","47","270",,"13",,,,,,,,,,,,,,,,,,,,,,,,,,,,,,,,,,,,,"MET10712/23/15 22:53:02 METAR KOAK 240653Z 27011KT 10SM FEW036 BKN048 BKN060 11/06 A3002 RMK AO2 SLP166 T01060056","FM-15","7",,,,,,,,,,,,,,,,,,,,,,,,,,,
"72493023230","2015-12-23T23:28:00","FM-16","7",,,,,,,,,,,,,,,,,,,,,,,,,,,,,,,,,,,,,,,"30.02","44","49","T",,,,"83",,"FEW:02 20 BKN:07 27 OVC:08 40","29.92","10.00","47","320",,"3",,,,,,,,,,,,,,,,,,,,,,,,,,,,,,,,,,,,,"MET11512/23/15 23:28:02 SPECI KOAK 240728Z 32003KT 10SM FEW020 BKN027 OVC040 09/07 A3002 RMK AO2 RAB16E28 P0000 T00940067","FM-16","7",,,,,,,,,,,,,,,,,,,,,,,,,,,
"72493023230","2015-12-23T23:53:00","FM-15","7",,,,,,,,,,,,,,,,,,,,,,,,,,,,,,,,,,,,,,,"30.00","43","48","T",,,,"83","30.00","FEW:02 20 FEW:02 65","29.91","10.00","46","190",,"5",,,,,,,,,,,,,,,,,,,,,,,,,,,,,,,,,,,,,"MET12512/23/15 23:53:02 METAR KOAK 240753Z 19004KT 10SM FEW020 FEW065 09/06 A3000 RMK AO2 RAB16E28 SLP159 P0000 T00890061 401330089","FM-15","7",,,,,,,,,,,,,,,,,,,,,,,,,,,
"72493023230","2015-12-23T23:59:00","SOD  ","6",,,,,,,,,,,,,,,,,,"52",,,"29.90",,"11.9","0","3.7","13","56","47","280","33","T","0",,"290","29",,,,,,,,,,,,,,,,,,,,,,,,,,,,,,,,,,,,,,,,,,,,,,,,,,,,,,,,"SOD71024 HR PRECIPITATION (IN):    T SNOW DEPTH (IN):0    24 HR MAX TEMP (F): 5624 HR MIN TEMP (F): 47AVERAGE STATION PRESSURE:29.895 MINIMUM SEA LEVEL PRESSURE:29.91 TIME OF OCCURRENCE:0151 PEAK WIND SPEED (MPH): 33 PEAK WIND DIR (DEG):280 PEAK WIND TIME (LST):      FASTEST 2MIN SPEED (MPH): 29FASTEST 2MIN DIR (DEG):290 FASTEST 2MIN TIME (LST):     AVERAGE WIND SPEED (MPH):11.9 24 HR AVG TEMP (F): 52DEPART FROM NORMAL:  4  HEATING DEGREE DAYS: 13 COOLING DEGREE DAYS:  0 LATEST DAY MAX TEMP (0700-1900 LST):56  LATEST NIGHT MIN TEMP(1900-0800 LST):49 HOURLY INCREMENTAL PRECIPITATION VALUES (IN):.00 0.00 0.00 0.00 0.00 0.00 0.00 0.00 0.00 0.00 0.00 0.00 0.00 0.00 0.00 0.00 0.00 0.00 0.00 0.00 0.00 0.00 0.00 T","SOD  ","6",,,,,,,,,,,,,,,,,,,,,,,,,"0721","1655",
"72493023230","2015-12-24T00:53:00","FM-15","7",,,,,,,,,,,,,,,,,,,,,,,,,,,,,,,,,,,,,,,"29.99","45","50","T","-RA:02 |RA |","+0.02","8","83","29.99","FEW:02 20 BKN:07 50","29.89","10.00","48","210",,"8",,,,,,,,,,,,,,,,,,,,,,,,,,,,,,,,,,,,,"MET13312/24/15 00:53:02 METAR KOAK 240853Z 21007KT 10SM -RA FEW020 BKN050 10/07 A2999 RMK AO2 RAB52 SLP156 P0000 60000 T01000072 58007 (DB)","FM-15","7",,,,,,,,,,,,,,,,,,,,,,,,,,,
"72493023230","2015-12-24T01:35:00","FM-16","7",,,,,,,,,,,,,,,,,,,,,,,,,,,,,,,,,,,,,,,"30.00","45","50","T","-RA:02 BR:1 |RA |",,,"83",,"SCT:04 18 BKN:07 25 OVC:08 55","29.91","6.00","48","010",,"7",,,,,,,,,,,,,,,,,,,,,,,,,,,,,,,,,,,,,"MET12612/24/15 01:35:02 SPECI KOAK 240935Z 01006KT 6SM -RA BR SCT018 BKN025 OVC055 10/07 A3000 RMK AO2 RAE06B27 P0000 T01000072 (DB)","FM-16","7",,,,,,,,,,,,,,,,,,,,,,,,,,,
"72493023230","2015-12-24T01:51:00","FM-16","7",,,,,,,,,,,,,,,,,,,,,,,,,,,,,,,,,,,,,,,"29.99","43","46","T",,,,"87",,"FEW:02 16 BKN:07 39 OVC:08 55","29.89","10.00","45","110",,"5",,,,,,,,,,,,,,,,,,,,,,,,,,,,,,,,,,,,,"MET11312/24/15 01:51:02 SPECI KOAK 240951Z 11004KT 10SM FEW016 BKN039 OVC055 08/06 A2999 RMK AO2 RAE06B27E49 P0000 (DB)","FM-16","7",,,,,,,,,,,,,,,,,,,,,,,,,,,
"72493023230","2015-12-24T01:53:00","FM-15","7",,,,,,,,,,,,,,,,,,,,,,,,,,,,,,,,,,,,,,,"29.99","43","48","T",,,,"83","29.99","FEW:02 16 BKN:07 39 OVC:08 55","29.89","10.00","46","VRB",,"3",,,,,,,,,,,,,,,,,,,,,,,,,,,,,,,,,,,,,"MET13012/24/15 01:53:02 METAR KOAK 240953Z VRB03KT 10SM FEW016 BKN039 OVC055 09/06 A2999 RMK AO2 RAE06B27E49 SLP155 P0000 T00890061 (DB)","FM-15","7",,,,,,,,,,,,,,,,,,,,,,,,,,,
"72493023230","2015-12-24T02:53:00","FM-15","7",,,,,,,,,,,,,,,,,,,,,,,,,,,,,,,,,,,,,,,"29.98","43","49","0.00",,,,"80","29.98","FEW:02 28 BKN:07 50 BKN:07 60","29.88","10.00","46","250",,"9",,,,,,,,,,,,,,,,,,,,,,,,,,,,,,,,,,,,,"MET11212/24/15 02:53:02 METAR KOAK 241053Z 25008KT 10SM FEW028 BKN050 BKN060 09/06 A2998 RMK AO2 SLP152 T00940061 (DB)","FM-15","7",,,,,,,,,,,,,,,,,,,,,,,,,,,
"72493023230","2015-12-24T03:53:00","FM-15","7",,,,,,,,,,,,,,,,,,,,,,,,,,,,,,,,,,,,,,,"29.97","43","50","0.00",,"+0.02","8","77","29.97","SCT:04 50 OVC:08 65","29.88","10.00","47","220",,"10",,,,,,,,,,,,,,,,,,,,,,,,,,,,,,,,,,,,,"MET12912/24/15 03:53:02 METAR KOAK 241153Z 22009KT 10SM SCT050 OVC065 10/06 A2997 RMK AO2 SLP148 60000 T01000061 10106 20083 58007 (DB)","FM-15","7",,,,,,,,,,,,,,,,,,,,,,,,,,,
"72493023230","2015-12-24T04:53:00","FM-15","7",,,,,,,,,,,,,,,,,,,,,,,,,,,,,,,,,,,,,,,"29.96","44","50","0.00",,,,"80","29.96","BKN:07 36","29.86","10.00","47","200",,"10",,,,,,,,,,,,,,,,,,,,,,,,,,,,,,,,,,,,,"MET09812/24/15 04:53:02 METAR KOAK 241253Z 20009KT 10SM BKN036 10/07 A2996 RMK AO2 SLP145 T01000067 (DB)","FM-15","7",,,,,,,,,,,,,,,,,,,,,,,,,,,
"72493023230","2015-12-24T05:53:00","FM-15","7",,,,,,,,,,,,,,,,,,,,,,,,,,,,,,,,,,,,,,,"29.95","44","51","0.03",,,,"77","29.95","FEW:02 30 BKN:07 41 OVC:08 70","29.85","8.00","48","210",,"10",,,,,,,,,,,,,,,,,,,,,,,,,,,,,,,,,,,,,"MET12612/24/15 05:53:02 METAR KOAK 241353Z 21009KT 8SM FEW030 BKN041 OVC070 11/07 A2995 RMK AO2 RAB39E50 SLP141 P0001 T01060067 (DB)","FM-15","7",,,,,,,,,,,,,,,,,,,,,,,,,,,
"72493023230","2015-12-24T06:14:00","FM-16","7",,,,,,,,,,,,,,,,,,,,,,,,,,,,,,,,,,,,,,,"29.96","44","50","0.02","-RA:02 |RA |",,,"80",,"FEW:02 21 SCT:04 34 OVC:08 47","29.86","7.00","47","270",,"15",,,,,,,,,,,,,,,,,,,,,,,,,,,,,,,,,,,,,"MET15112/24/15 06:14:02 SPECI KOAK 241414Z 27013KT 7SM -RA FEW021 SCT034 OVC047 10/07 A2996 RMK AO2 PK WND 31026/1355 WSHFT 1354 RAB1354 P0002 T01000067 (DB)","FM-16","7",,,,,,,,,,,,,,,,,,,,,,,,,,,
"72493023230","2015-12-24T06:53:00","FM-15","7",,,,,,,,,,,,,,,,,,,,,,,,,,,,,,,,,,,,,,,"29.96","44","50","T","-RA:02 |RA |","+0.01","5","80","29.96","FEW:02 23 BKN:07 42 OVC:08 95","29.86","7.00","47","280",,"13",,,,,,,,,,,,,,,,,,,,,,,,,,,,,,,,,,,,,"MET17612/24/15 06:53:02 METAR KOAK 241453Z 28011KT 7SM -RA FEW023 BKN042 OVC095 10/07 A2996 RMK AO2 PK WND 31026/1355 WSHFT 1354 RAB1354E23B50 SLP144 P0002 60003 T01000067 55005 (DB)","FM-15","7",,,,,,,,,,,,,,,,,,,,,,,,,,,
"72493023230","2015-12-24T07:53:00","FM-15","7",,,,,,,,,,,,,,,,,,,,,,,,,,,,,,,,,,,,,,,"29.95","48","49","T","-RA:02 |RA |",,,"97","29.95","BKN:07 32 BKN:07 50 OVC:08 70","29.85","10.00","48","210",,"7",,,,,,,,,,,,,,,,,,,,,,,,,,,,,,,,,,,,,"MET12212/24/15 07:53:02 METAR KOAK 241553Z 21006KT 10SM -RA BKN032 BKN050 OVC070 09/09 A2995 RMK AO2 SLP141 P0000 T00940089 (LM)","FM-15","7",,,,,,,,,,,,,,,,,,,,,,,,,,,
"72493023230","2015-12-24T08:53:00","FM-15","7",,,,,,,,,,,,,,,,,,,,,,,,,,,,,,,,,,,,,,,"29.95","48","50","T",,,,"93","29.94","SCT:04 32 BKN:07 55 OVC:08 80","29.85","10.00","49","220",,"10",,,,,,,,,,,,,,,,,,,,,,,,,,,,,,,,,,,,,"MET12412/24/15 08:53:02 METAR KOAK 241653Z 22009KT 10SM SCT032 BKN055 OVC080 10/09 A2995 RMK AO2 RAE18 SLP140 P0000 T01000089 (LM)","FM-15","7",,,,,,,,,,,,,,,,,,,,,,,,,,,
"72493023230","2015-12-24T09:22:00","FM-16","7",,,,,,,,,,,,,,,,,,,,,,,,,,,,,,,,,,,,,,,"29.96","48","51","0.10","+RA:02 BR:1 |RA |",,,"89",,"SCT:04 22 BKN:07 30 OVC:08 50","29.86","1.50","49","250","21","15",,,,,,,,,,,,,,,,,,,,,,,,,,,,,,,,,,,,,"MET13012/24/15 09:22:02 SPECI KOAK 241722Z 25013G18KT 1 1/2SM +RA BR SCT022 BKN030 OVC050 11/09 A2996 RMK AO2 RAB19 P0010 T01060089 (LM)","FM-16","7",,,,,,,,,,,,,,,,,,,,,,,,,,,
"72493023230","2015-12-24T09:30:00","FM-16","7",,,,,,,,,,,,,,,,,,,,,,,,,,,,,,,,,,,,,,,"29.97","45","48","0.10","-RA:02 BR:1 |RA |",,,"89",,"BKN:07 16 BKN:07 24 OVC:08 32","29.88","2.00V","47","340","21","10",,,,,,,,,,,,,,,,,,,,,,,,,,,,,,,,,,,,,"MET14312/24/15 09:30:02 SPECI KOAK 241730Z 34009G18KT 2SM -RA BR BKN016 BKN024 OVC032 09/07 A2997 RMK AO2 VIS 1/2V5 RAB19 PRESRR P0010 T00890072 (LM)","FM-16","7",,,,,,,,,,,,,,,,,,,,,,,,,,,
"72493023230","2015-12-24T09:51:00","FM-16","6",,,,,,,,,,,,,,,,,,,,,,,,,,,,,,,,,,,,,,,"29.98","46","48",,"-RA:02 BR:1 |RA |",,,"94",,"SCT:04 16 BKN:07 26 OVC:08 44","29.88","6.00","47","340",,"7",,,,,,,,,,,,,,,,,,,,,,,,,,,,,,,,,,,,,"MET11812/24/15 09:51:02 SPECI KOAK 241751Z 34006KT 6SM -RA BR SCT016 BKN026 OVC044 09/08 A2998 RMK AO2 RAB19 P0011 FIBI (LM)","FM-16","6",,,,,,,,,,,,,,,,,,,,,,,,,,,
"72493023230","2015-12-24T09:53:00","FM-15","7",,,,,,,,,,,,,,,,,,,,,,,,,,,,,,,,,,,,,,,"29.98","46","48","0.11","-RA:02 |RA |","-0.02","3","93","29.98","SCT:04 16 BKN:07 26 OVC:08 44","29.88","8.00","47","350",,"6",,,,,,,,,,,,,,,,,,,,,,,,,,,,,,,,,,,,,"MET15112/24/15 09:53:02 METAR KOAK 241753Z 35005KT 8SM -RA SCT016 BKN026 OVC044 09/08 A2998 RMK AO2 RAB19 SLP151 P0011 60014 T00890078 10106 20083 53007 (LM)","FM-15","7",,,,,,,,,,,,,,,,,,,,,,,,,,,
"72493023230","2015-12-24T10:28:00","FM-16","6",,,,,,,,,,,,,,,,,,,,,,,,,,,,,,,,,,,,,,,"29.98","48","51",,,,,"89",,"BKN:07 47 BKN:07 55 OVC:08 70","29.88","10.00","49","300",,"11",,,,,,,,,,,,,,,,,,,,,,,,,,,,,,,,,,,,,"MET11712/24/15 10:28:02 SPECI KOAK 241828Z 30010KT 10SM BKN047 BKN055 OVC070 11/09 A2998 RMK AO2 RAE17 P0000 T01060089 (LM)","FM-16","6",,,,,,,,,,,,,,,,,,,,,,,,,,,
"72493023230","2015-12-24T10:53:00","FM-15","7",,,,,,,,,,,,,,,,,,,,,,,,,,,,,,,,,,,,,,,"29.98","45","49","T","-RA:02 |RA |",,,"86","29.98","SCT:04 14 BKN:07 41 BKN:07 50","29.88","7.00","47","310","24","14",,,,,,,,,,,,,,,,,,,,,,,,,,,,,,,,,,,,,"MET13312/24/15 10:53:02 METAR KOAK 241853Z 31012G21KT 7SM -RA SCT014 BKN041 BKN050 09/07 A2998 RMK AO2 RAE17B41 SLP151 P0000 T00940072 (LM)","FM-15","7",,,,,,,,,,,,,,,,,,,,,,,,,,,
"72493023230","2015-12-24T11:53:00","FM-15","7",,,,,,,,,,,,,,,,,,,,,,,,,,,,,,,,,,,,,,,"29.95","43","52","T",,,,"72","29.95","SCT:04 15 BKN:07 50 OVC:08 90","29.85","10.00","48","260",,"15",,,,,,,,,,,,,,,,,,,,,,,,,,,,,,,,,,,,,"MET13012/24/15 11:53:02 METAR KOAK 241953Z 26013KT 10SM SCT015 BKN050 OVC090 11/06 A2995 RMK AO2 RAE01B39E48 SLP142 P0000 T01110061 (LM)","FM-15","7",,,,,,,,,,,,,,,,,,,,,,,,,,,
"72493023230","2015-12-24T12:53:00","FM-15","7",,,,,,,,,,,,,,,,,,,,,,,,,,,,,,,,,,,,,,,"29.94","42","55","0.00",,"+0.04","8","62","29.93","BKN:07 39","29.84","10.00","49","270",,"18",,,,,,,,,,,,,,,,,,,,,,,,,,,,,,,,,,,,,"MET11012/24/15 12:53:02 METAR KOAK 242053Z 27016KT 10SM BKN039 13/06 A2994 RMK AO2 SLP136 60000 T01280056 58015 (LM)","FM-15","7",,,,,,,,,,,,,,,,,,,,,,,,,,,
"72493023230","2015-12-24T13:53:00","FM-15","7",,,,,,,,,,,,,,,,,,,,,,,,,,,,,,,,,,,,,,,"29.94","39","53","0.00",,,,"59","29.94","SCT:04 39 BKN:07 60 BKN:07 110","29.84","10.00","46","280",,"17",,,,,,,,,,,,,,,,,,,,,,,,,,,,,,,,,,,,,"MET13012/24/15 13:53:02 METAR KOAK 242153Z 28015KT 10SM SCT039 BKN060 BKN110 12/04 A2994 RMK AO2 PK WND 29031/2117 SLP138 T01170039 (LM)","FM-15","7",,,,,,,,,,,,,,,,,,,,,,,,,,,
"72493023230","2015-12-24T14:53:00","FM-15","7",,,,,,,,,,,,,,,,,,,,,,,,,,,,,,,,,,,,,,,"29.95","38","52","0.00",,,,"59","29.94","BKN:07 39 BKN:07 60 OVC:08 110","29.85","10.00","45","280","37","24",,,,,,,,,,,,,,,,,,,,,,,,,,,,,,,,,,,,,"MET13312/24/15 14:53:02 METAR KOAK 242253Z 28021G32KT 10SM BKN039 BKN060 OVC110 11/03 A2995 RMK AO2 PK WND 28032/2245 SLP140 T01110033 (LM)","FM-15","7",,,,,,,,,,,,,,,,,,,,,,,,,,,
"72493023230","2015-12-24T15:53:00","FM-15","7",,,,,,,,,,,,,,,,,,,,,,,,,,,,,,,,,,,,,,,"29.96","37","51","0.00",,"-0.03","3","59","29.96","FEW:02 32 SCT:04 42 BKN:07 55","29.86","10.00","45","290",,"23",,,,,,,,,,,,,,,,,,,,,,,,,,,,,,,,,,,,,"MET15512/24/15 15:53:02 METAR KOAK 242353Z 29020KT 10SM FEW032 SCT042 BKN055 11/03 A2996 RMK AO2 PK WND 28026/2255 SLP145 60000 T01060028 10128 20089 53009 (ALT)","FM-15","7",,,,,,,,,,,,,,,,,,,,,,,,,,,
"72493023230","2015-12-24T16:53:00","FM-15","7",,,,,,,,,,,,,,,,,,,,,,,,,,,,,,,,,,,,,,,"29.98","37","49","0.00",,,,"64","29.98","FEW:02 37 SCT:04 55 BKN:07 110","29.88","10.00","44","310","20","13",,,,,,,,,,,,,,,,,,,,,,,,,,,,,,,,,,,,,"MET11012/24/15 16:53:01 METAR KOAK 250053Z 31011G17KT 10SM FEW037 SCT055 BKN110 09/03 A2998 RMK AO2 SLP151 T00940028","FM-15","7",,,,,,,,,,,,,,,,,,,,,,,,,,,
"72493023230","2015-12-24T17:53:00","FM-15","7",,,,,,,,,,,,,,,,,,,,,,,,,,,,,,,,,,,,,,,"29.99","35","48","0.00",,,,"61","29.98","FEW:02 40 SCT:04 70 SCT:04 110","29.89","10.00","42","300","24","16",,,,,,,,,,,,,,,,,,,,,,,,,,,,,,,,,,,,,"MET11012/24/15 17:53:01 METAR KOAK 250153Z 30014G21KT 10SM FEW040 SCT070 SCT110 09/02 A2999 RMK AO2 SLP154 T00890017","FM-15","7",,,,,,,,,,,,,,,,,,,,,,,,,,,
"72493023230","2015-12-24T18:53:00","FM-15","7",,,,,,,,,,,,,,,,,,,,,,,,,,,,,,,,,,,,,,,"30.02","36","47","0.00",,"-0.06","3","66","30.01","FEW:02 40 FEW:02 70 SCT:04 110","29.92","10.00","42","300","23","15",,,,,,,,,,,,,,,,,,,,,,,,,,,,,,,,,,,,,"MET11612/24/15 18:53:01 METAR KOAK 250253Z 30013G20KT 10SM FEW040 FEW070 SCT110 08/02 A3002 RMK AO2 SLP164 T00830022 53019","FM-15","7",,,,,,,,,,,,,,,,,,,,,,,,,,,
"72493023230","2015-12-24T19:53:00","FM-15","7",,,,,,,,,,,,,,,,,,,,,,,,,,,,,,,,,,,,,,,"30.03","36","47","0.00",,,,"66","30.03","FEW:02 30 FEW:02 80 SCT:04 110","29.93","10.00","42","300",,"15",,,,,,,,,,,,,,,,,,,,,,,,,,,,,,,,,,,,,"MET10712/24/15 19:53:02 METAR KOAK 250353Z 30013KT 10SM FEW030 FEW080 SCT110 08/02 A3003 RMK AO2 SLP169 T00830022","FM-15","7",,,,,,,,,,,,,,,,,,,,,,,,,,,
"72493023230","2015-12-24T20:53:00","FM-15","7",,,,,,,,,,,,,,,,,,,,,,,,,,,,,,,,,,,,,,,"30.05","36","47","0.00",,,,"66","30.04","FEW:02 27 SCT:04 37","29.96","10.00","42","290",,"15",,,,,,,,,,,,,,,,,,,,,,,,,,,,,,,,,,,,,"MET10012/24/15 20:53:02 METAR KOAK 250453Z 29013KT 10SM FEW027 SCT037 08/02 A3005 RMK AO2 SLP173 T00830022","FM-15","7",,,,,,,,,,,,,,,,,,,,,,,,,,,
"72493023230","2015-12-24T21:53:00","FM-15","7",,,,,,,,,,,,,,,,,,,,,,,,,,,,,,,,,,,,,,,"30.05","36","45","0.00",,"-0.04","1","71","30.05","FEW:02 30","29.96","10.00","41","320",,"7",,,,,,,,,,,,,,,,,,,,,,,,,,,,,,,,,,,,,"MET11112/24/15 21:53:02 METAR KOAK 250553Z 32006KT 10SM FEW030 07/02 A3005 RMK AO2 SLP176 T00720022 10106 20072 51012","FM-15","7",,,,,,,,,,,,,,,,,,,,,,,,,,,
"72493023230","2015-12-24T22:53:00","FM-15","7",,,,,,,,,,,,,,,,,,,,,,,,,,,,,,,,,,,,,,,"30.07","34","44","0.00",,,,"68","30.06","FEW:02 30","29.97","10.00","40","320",,"3",,,,,,,,,,,,,,,,,,,,,,,,,,,,,,,,,,,,,"MET09312/24/15 22:53:02 METAR KOAK 250653Z 32003KT 10SM FEW030 07/01 A3007 RMK AO2 SLP181 T00670011","FM-15","7",,,,,,,,,,,,,,,,,,,,,,,,,,,
"72493023230","2015-12-24T23:53:00","FM-15","7",,,,,,,,,,,,,,,,,,,,,,,,,,,,,,,,,,,,,,,"30.09","32","42","0.00",,,,"68","30.09","FEW:02 30","29.99","10.00","38","030",,"3",,,,,,,,,,,,,,,,,,,,,,,,,,,,,,,,,,,,,"MET10312/24/15 23:53:02 METAR KOAK 250753Z 03003KT 10SM FEW030 06/00 A3009 RMK AO2 SLP188 T00560000 401280056","FM-15","7",,,,,,,,,,,,,,,,,,,,,,,,,,,
"72493023230","2015-12-24T23:59:00","SOD  ","6",,,,,,,,,,,,,,,,,,"48",,,"29.89",,"11.9","0","-0.3","17","55","41","280s","36s","0.14","0",,"290","30","RA BR",,,,,,,,,,,,,,,,,,,,,,,,,,,,,,,,,,,,,,,,,,,,,,,,,,,,,,,"SOD73024 HR PRECIPITATION (IN): 0.14 SNOW DEPTH (IN):0    WEATHER(CODE):1  24 HR MAX TEMP (F): 5524 HR MIN TEMP (F): 41AVERAGE STATION PRESSURE:29.890 MINIMUM SEA LEVEL PRESSURE:29.92 TIME OF OCCURRENCE:1317 PEAK WIND SPEED (MPH): 36 PEAK WIND DIR (DEG):280 PEAK WIND TIME (LST):      FASTEST 2MIN SPEED (MPH): 30FASTEST 2MIN DIR (DEG):290 FASTEST 2MIN TIME (LST):     AVERAGE WIND SPEED (MPH):11.9 24 HR AVG TEMP (F): 48DEPART FROM NORMAL:  0  HEATING DEGREE DAYS: 17 COOLING DEGREE DAYS:  0 LATEST DAY MAX TEMP (0700-1900 LST):55  LATEST NIGHT MIN TEMP(1900-0800 LST):47 HOURLY INCREMENTAL PRECIPITATION VALUES (IN):    T    0.00 0.00 0.00 0.03 T    T    T    0.11 T    T    0.00 0.00 0.00 0.00 0.00 0.00 0.00 0.00 0.00 0.00 0.00 0.00","SOD  ","6",,,,,,,,,,,,,,,,,,,,,,,,,"0722","1655",
"72493023230","2015-12-25T00:53:00","FM-15","7",,,,,,,,,,,,,,,,,,,,,,,,,,,,,,,,,,,,,,,"30.09","33","44","0.00",,"-0.04","0","65","30.08","FEW:02 30","29.99","10.00","39","310",,"5",,,,,,,,,,,,,,,,,,,,,,,,,,,,,,,,,,,,,"MET10412/25/15 00:53:02 METAR KOAK 250853Z 31004KT 10SM FEW030 07/01 A3009 RMK AO2 SLP187 T00670006 50012 (DB)","FM-15","7",,,,,,,,,,,,,,,,,,,,,,,,,,,
"72493023230","2015-12-25T01:53:00","FM-15","7",,,,,,,,,,,,,,,,,,,,,,,,,,,,,,,,,,,,,,,"30.11","34","44","0.00",,,,"68","30.10","FEW:02 30","30.01","10.00","40","310",,"5",,,,,,,,,,,,,,,,,,,,,,,,,,,,,,,,,,,,,"MET09812/25/15 01:53:02 METAR KOAK 250953Z 31004KT 10SM FEW030 07/01 A3011 RMK AO2 SLP193 T00670011 (DB)","FM-15","7",,,,,,,,,,,,,,,,,,,,,,,,,,,
"72493023230","2015-12-25T02:53:00","FM-15","7",,,,,,,,,,,,,,,,,,,,,,,,,,,,,,,,,,,,,,,"30.12","33","42","0.00",,,,"71","30.11","FEW:02 30","30.02","10.00","38","040",,"3",,,,,,,,,,,,,,,,,,,,,,,,,,,,,,,,,,,,,"MET09812/25/15 02:53:02 METAR KOAK 251053Z 04003KT 10SM FEW030 06/01 A3012 RMK AO2 SLP197 T00560006 (DB)","FM-15","7",,,,,,,,,,,,,,,,,,,,,,,,,,,
"72493023230","2015-12-25T03:53:00","FM-15","7",,,,,,,,,,,,,,,,,,,,,,,,,,,,,,,,,,,,,,,"30.12","32","38","0.00",,"-0.04","1","79","30.12","FEW:02 30","30.02","10.00","36","050",,"5",,,,,,,,,,,,,,,,,,,,,,,,,,,,,,,,,,,,,"MET12212/25/15 03:53:02 METAR KOAK 251153Z 05004KT 10SM FEW030 03/00 A3012 RMK AO2 SLP200 70014 T00330000 10072 20033 51012 (DB)","FM-15","7",,,,,,,,,,,,,,,,,,,,,,,,,,,
"72493023230","2015-12-25T04:53:00","FM-15","7",,,,,,,,,,,,,,,,,,,,,,,,,,,,,,,,,,,,,,,"30.14","32","37","0.00",,,,"82","30.14","FEW:02 100","30.04","10.00","35","000",,"0",,,,,,,,,,,,,,,,,,,,,,,,,,,,,,,,,,,,,"MET09812/25/15 04:53:02 METAR KOAK 251253Z 00000KT 10SM FEW100 03/00 A3014 RMK AO2 SLP207 T00280000 (DB)","FM-15","7",,,,,,,,,,,,,,,,,,,,,,,,,,,
"72493023230","2015-12-25T05:53:00","FM-15","7",,,,,,,,,,,,,,,,,,,,,,,,,,,,,,,,,,,,,,,"30.16","33","37","0.00",,,,"86","30.16","FEW:02 30","30.06","10.00","35","130",,"3",,,,,,,,,,,,,,,,,,,,,,,,,,,,,,,,,,,,,"MET09812/25/15 05:53:02 METAR KOAK 251353Z 13003KT 10SM FEW030 03/01 A3016 RMK AO2 SLP213 T00280006 (DB)","FM-15","7",,,,,,,,,,,,,,,,,,,,,,,,,,,
"72493023230","2015-12-25T06:53:00","FM-15","7",,,,,,,,,,,,,,,,,,,,,,,,,,,,,,,,,,,,,,,"30.18","33","38","0.00",,"-0.05","1","83","30.17","FEW:02 30 SCT:04 100","30.08","10.00","36","140",,"5",,,,,,,,,,,,,,,,,,,,,,,,,,,,,,,,,,,,,"MET11112/25/15 06:53:02 METAR KOAK 251453Z 14004KT 10SM FEW030 SCT100 03/01 A3018 RMK AO2 SLP218 T00330006 51018 (DB)","FM-15","7",,,,,,,,,,,,,,,,,,,,,,,,,,,
"72493023230","2015-12-25T07:53:00","FM-15","7",,,,,,,,,,,,,,,,,,,,,,,,,,,,,,,,,,,,,,,"30.19","35","39","0.00",,,,"86","30.18","SCT:04 30 BKN:07 120","30.09","10.00","37","080",,"5",,,,,,,,,,,,,,,,,,,,,,,,,,,,,,,,,,,,,"MET10512/25/15 07:53:02 METAR KOAK 251553Z 08004KT 10SM SCT030 BKN120 04/02 A3019 RMK AO2 SLP221 T00390017 (LM)","FM-15","7",,,,,,,,,,,,,,,,,,,,,,,,,,,
"72493023230","2015-12-25T08:53:00","FM-15","7",,,,,,,,,,,,,,,,,,,,,,,,,,,,,,,,,,,,,,,"30.22","37","43","0.00",,,,"80","30.22","FEW:02 30 SCT:04 110","30.12","10.00","40","100",,"3",,,,,,,,,,,,,,,,,,,,,,,,,,,,,,,,,,,,,"MET10512/25/15 08:53:02 METAR KOAK 251653Z 10003KT 10SM FEW030 SCT110 06/03 A3022 RMK AO2 SLP232 T00610028 (LM)","FM-15","7",,,,,,,,,,,,,,,,,,,,,,,,,,,
"72493023230","2015-12-25T09:53:00","FM-15","7",,,,,,,,,,,,,,,,,,,,,,,,,,,,,,,,,,,,,,,"30.24","39","47","0.00",,"-0.06","3","74","30.24","FEW:02 30 FEW:02 100","30.14","10.00","43","110",,"3",,,,,,,,,,,,,,,,,,,,,,,,,,,,,,,,,,,,,"MET12312/25/15 09:53:02 METAR KOAK 251753Z 11003KT 10SM FEW030 FEW100 08/04 A3024 RMK AO2 SLP240 T00830039 10083 20017 53021 (LM)","FM-15","7",,,,,,,,,,,,,,,,,,,,,,,,,,,
"72493023230","2015-12-25T10:53:00","FM-15","7",,,,,,,,,,,,,,,,,,,,,,,,,,,,,,,,,,,,,,,"30.24","38","51","0.00",,,,"61","30.24","FEW:02 20 FEW:02 100","30.14","10.00","45","VRB",,"3",,,,,,,,,,,,,,,,,,,,,,,,,,,,,,,,,,,,,"MET10512/25/15 10:53:02 METAR KOAK 251853Z VRB03KT 10SM FEW020 FEW100 11/03 A3024 RMK AO2 SLP239 T01060033 (LM)","FM-15","7",,,,,,,,,,,,,,,,,,,,,,,,,,,
"72493023230","2015-12-25T11:53:00","FM-15","7",,,,,,,,,,,,,,,,,,,,,,,,,,,,,,,,,,,,,,,"30.22","36","51","0.00",,,,"56","30.22","FEW:02 20","30.12","10.00","44","320",,"10",,,,,,,,,,,,,,,,,,,,,,,,,,,,,,,,,,,,,"MET09812/25/15 11:53:02 METAR KOAK 251953Z 32009KT 10SM FEW020 11/02 A3022 RMK AO2 SLP234 T01060022 (LM)","FM-15","7",,,,,,,,,,,,,,,,,,,,,,,,,,,
"72493023230","2015-12-25T12:53:00","FM-15","7",,,,,,,,,,,,,,,,,,,,,,,,,,,,,,,,,,,,,,,"30.22","37","51","0.00",,"+0.02","8","59","30.22","FEW:02 20","30.12","10.00","45","290",,"13",,,,,,,,,,,,,,,,,,,,,,,,,,,,,,,,,,,,,"MET10412/25/15 12:53:02 METAR KOAK 252053Z 29011KT 10SM FEW020 11/03 A3022 RMK AO2 SLP232 T01060028 58006 (LM)","FM-15","7",,,,,,,,,,,,,,,,,,,,,,,,,,,
"72493023230","2015-12-25T13:53:00","FM-15","7",,,,,,,,,,,,,,,,,,,,,,,,,,,,,,,,,,,,,,,"30.22","34","52","0.00",,,,"50","30.22","FEW:02 20","30.12","10.00","44","300",,"9",,,,,,,,,,,,,,,,,,,,,,,,,,,,,,,,,,,,,"MET09812/25/15 13:53:02 METAR KOAK 252153Z 30008KT 10SM FEW020 11/01 A3022 RMK AO2 SLP232 T01110011 (LM)","FM-15","7",,,,,,,,,,,,,,,,,,,,,,,,,,,
"72493023230","2015-12-25T14:53:00","FM-15","7",,,,,,,,,,,,,,,,,,,,,,,,,,,,,,,,,,,,,,,"30.23","37","52","0.00",,,,"57","30.23","FEW:02 20","30.13","10.00","45","300",,"11",,,,,,,,,,,,,,,,,,,,,,,,,,,,,,,,,,,,,"MET09812/25/15 14:53:02 METAR KOAK 252253Z 30010KT 10SM FEW020 11/03 A3023 RMK AO2 SLP237 T01110028 (LM)","FM-15","7",,,,,,,,,,,,,,,,,,,,,,,,,,,
"72493023230","2015-12-25T15:53:00","FM-15","7",,,,,,,,,,,,,,,,,,,,,,,,,,,,,,,,,,,,,,,"30.25","33","52","0.00",,"-0.03","3","49","30.25","FEW:02 20","30.15","10.00","44","050",,"9",,,,,,,,,,,,,,,,,,,,,,,,,,,,,,,,,,,,,"MET11712/25/15 15:53:02 METAR KOAK 252353Z 05008KT 10SM FEW020 11/01 A3025 RMK AO2 SLP243 T01110006 10117 20083 53010 (ALT)","FM-15","7",,,,,,,,,,,,,,,,,,,,,,,,,,,
"72493023230","2015-12-25T16:53:00","FM-15","7",,,,,,,,,,,,,,,,,,,,,,,,,,,,,,,,,,,,,,,"30.28","32","47","0.00",,,,"56","30.28","FEW:02 20","30.18","10.00","41","020",,"8",,,,,,,,,,,,,,,,,,,,,,,,,,,,,,,,,,,,,"MET09312/25/15 16:53:01 METAR KOAK 260053Z 02007KT 10SM FEW020 08/00 A3028 RMK AO2 SLP253 T00830000","FM-15","7",,,,,,,,,,,,,,,,,,,,,,,,,,,
"72493023230","2015-12-25T17:53:00","FM-15","7",,,,,,,,,,,,,,,,,,,,,,,,,,,,,,,,,,,,,,,"30.29","32","44","0.00",,,,"63","30.29","FEW:02 20","30.19","10.00","39","040",,"8",,,,,,,,,,,,,,,,,,,,,,,,,,,,,,,,,,,,,"MET09312/25/15 17:53:01 METAR KOAK 260153Z 04007KT 10SM FEW020 07/00 A3029 RMK AO2 SLP257 T00670000","FM-15","7",,,,,,,,,,,,,,,,,,,,,,,,,,,
"72493023230","2015-12-25T18:53:00","FM-15","7",,,,,,,,,,,,,,,,,,,,,,,,,,,,,,,,,,,,,,,"30.31","32","42","0.00",,"-0.06","1","68","30.31","FEW:02 20","30.21","10.00","38","030",,"7",,,,,,,,,,,,,,,,,,,,,,,,,,,,,,,,,,,,,"MET09912/25/15 18:53:02 METAR KOAK 260253Z 03006KT 10SM FEW020 06/00 A3031 RMK AO2 SLP265 T00560000 51021","FM-15","7",,,,,,,,,,,,,,,,,,,,,,,,,,,
"72493023230","2015-12-25T19:53:00","FM-15","7",,,,,,,,,,,,,,,,,,,,,,,,,,,,,,,,,,,,,,,"30.33","32","45","0.00",,,,"61","30.33","FEW:02 20","30.23","10.00","40","310",,"7",,,,,,,,,,,,,,,,,,,,,,,,,,,,,,,,,,,,,"MET09312/25/15 19:53:02 METAR KOAK 260353Z 31006KT 10SM FEW020 07/00 A3033 RMK AO2 SLP271 T00720000","FM-15","7",,,,,,,,,,,,,,,,,,,,,,,,,,,
"72493023230","2015-12-25T20:53:00","FM-15","7",,,,,,,,,,,,,,,,,,,,,,,,,,,,,,,,,,,,,,,"30.34","32","42","0.00",,,,"68","30.34","CLR:00","30.24","10.00","38","000",,"0",,,,,,,,,,,,,,,,,,,,,,,,,,,,,,,,,,,,,"MET09012/25/15 20:53:02 METAR KOAK 260453Z 00000KT 10SM CLR 06/00 A3034 RMK AO2 SLP275 T00560000","FM-15","7",,,,,,,,,,,,,,,,,,,,,,,,,,,
"72493023230","2015-12-25T21:53:00","FM-15","7",,,,,,,,,,,,,,,,,,,,,,,,,,,,,,,,,,,,,,,"30.37","31","42","0.00",,"-0.05","3","65","30.36","CLR:00","30.27","10.00","38","000",,"0",,,,,,,,,,,,,,,,,,,,,,,,,,,,,,,,,,,,,"MET10912/25/15 21:53:02 METAR KOAK 260553Z 00000KT 10SM CLR 06/M01 A3037 RMK AO2 SLP282 T00561006 10111 20039 53018","FM-15","7",,,,,,,,,,,,,,,,,,,,,,,,,,,
"72493023230","2015-12-25T22:53:00","FM-15","7",,,,,,,,,,,,,,,,,,,,,,,,,,,,,,,,,,,,,,,"30.38","31","41","0.00",,,,"67","30.38","CLR:00","30.28","10.00","37","000",,"0",,,,,,,,,,,,,,,,,,,,,,,,,,,,,,,,,,,,,"MET09112/25/15 22:53:02 METAR KOAK 260653Z 00000KT 10SM CLR 05/M01 A3038 RMK AO2 SLP288 T00501006","FM-15","7",,,,,,,,,,,,,,,,,,,,,,,,,,,
"72493023230","2015-12-25T23:53:00","FM-15","7",,,,,,,,,,,,,,,,,,,,,,,,,,,,,,,,,,,,,,,"30.39","32","39","0.00",,,,"76","30.39","CLR:00","30.29","10.00","36","120",,"5",,,,,,,,,,,,,,,,,,,,,,,,,,,,,,,,,,,,,"MET10012/25/15 23:53:02 METAR KOAK 260753Z 12004KT 10SM CLR 04/00 A3039 RMK AO2 SLP291 T00390000 401170017","FM-15","7",,,,,,,,,,,,,,,,,,,,,,,,,,,
"72493023230","2015-12-25T23:59:00","SOD  ","6",,,,,,,,,,,,,,,,,,"44",,,"30.14",,"5.3","0","-4.3","21","53","35","310","19","0.00","0","0.0","280","15",,,,,,,,,,,,,,,,,,,,,,,,,,,,,,,,,,,,,,,,,,,,,,,,,,,,,,,,"SOD73924 HR PRECIPITATION (IN): 0.00 SNOW DEPTH (IN):0     24 HR SNOWFALL (IN):0.0  24 HR MAX TEMP (F): 5324 HR MIN TEMP (F): 35AVERAGE STATION PRESSURE:30.140 MINIMUM SEA LEVEL PRESSURE:30.08 TIME OF OCCURRENCE:0103 PEAK WIND SPEED (MPH): 19 PEAK WIND DIR (DEG):310 PEAK WIND TIME (LST):      FASTEST 2MIN SPEED (MPH): 15FASTEST 2MIN DIR (DEG):280 FASTEST 2MIN TIME (LST):     AVERAGE WIND SPEED (MPH): 5.3 24 HR AVG TEMP (F): 44DEPART FROM NORMAL: -4  HEATING DEGREE DAYS: 21 COOLING DEGREE DAYS:  0 LATEST DAY MAX TEMP (0700-1900 LST):53  LATEST NIGHT MIN TEMP(1900-0800 LST):35 HOURLY INCREMENTAL PRECIPITATION VALUES (IN):.00 0.00 0.00 0.00 0.00 0.00 0.00 0.00 0.00 0.00 0.00 0.00 0.00 0.00 0.00 0.00 0.00 0.00 0.00 0.00 0.00 0.00 0.00 0.00","SOD  ","6",,,,,,,,,,,,,,,,,,,,,,,,,"0722","1656",
"72493023230","2015-12-26T00:53:00","FM-15","7",,,,,,,,,,,,,,,,,,,,,,,,,,,,,,,,,,,,,,,"30.39","30","36","0.00",,"-0.03","1","79","30.39","CLR:00","30.29","10.00","34","000",,"0",,,,,,,,,,,,,,,,,,,,,,,,,,,,,,,,,,,,,"MET10212/26/15 00:53:02 METAR KOAK 260853Z 00000KT 10SM CLR 02/M01 A3039 RMK AO2 SLP291 T00221011 51009 (WS)","FM-15","7",,,,,,,,,,,,,,,,,,,,,,,,,,,
"72493023230","2015-12-26T01:53:00","FM-15","7",,,,,,,,,,,,,,,,,,,,,,,,,,,,,,,,,,,,,,,"30.40","30","37","0.00",,,,"76","30.40","CLR:00","30.30","10.00","34","140",,"3",,,,,,,,,,,,,,,,,,,,,,,,,,,,,,,,,,,,,"MET09612/26/15 01:53:02 METAR KOAK 260953Z 14003KT 10SM CLR 03/M01 A3040 RMK AO2 SLP294 T00281011 (WS)","FM-15","7",,,,,,,,,,,,,,,,,,,,,,,,,,,
"72493023230","2015-12-26T02:53:00","FM-15","7",,,,,,,,,,,,,,,,,,,,,,,,,,,,,,,,,,,,,,,"30.40","30","42","0.00",,,,"62","30.39","CLR:00","30.30","10.00","37","020",,"13",,,,,,,,,,,,,,,,,,,,,,,,,,,,,,,,,,,,,"MET09612/26/15 02:53:02 METAR KOAK 261053Z 02011KT 10SM CLR 06/M01 A3040 RMK AO2 SLP292 T00561011 (WS)","FM-15","7",,,,,,,,,,,,,,,,,,,,,,,,,,,
"72493023230","2015-12-26T03:53:00","FM-15","7",,,,,,,,,,,,,,,,,,,,,,,,,,,,,,,,,,,,,,,"30.39","26","44","0.00",,"-0.00","0","49","30.39","CLR:00","30.29","10.00","37","020",,"11",,,,,,,,,,,,,,,,,,,,,,,,,,,,,,,,,,,,,"MET11412/26/15 03:53:02 METAR KOAK 261153Z 02010KT 10SM CLR 07/M03 A3039 RMK AO2 SLP291 T00671033 10067 20011 50001 (WS)","FM-15","7",,,,,,,,,,,,,,,,,,,,,,,,,,,
"72493023230","2015-12-26T04:53:00","FM-15","7",,,,,,,,,,,,,,,,,,,,,,,,,,,,,,,,,,,,,,,"30.41","23","45","0.00",,,,"42","30.40","CLR:00","30.31","10.00","37","000",,"0",,,,,,,,,,,,,,,,,,,,,,,,,,,,,,,,,,,,,"MET09612/26/15 04:53:02 METAR KOAK 261253Z 00000KT 10SM CLR 07/M05 A3041 RMK AO2 SLP296 T00721050 (WS)","FM-15","7",,,,,,,,,,,,,,,,,,,,,,,,,,,
"72493023230","2015-12-26T05:53:00","FM-15","7",,,,,,,,,,,,,,,,,,,,,,,,,,,,,,,,,,,,,,,"30.42","21","44","0.00",,,,"40","30.42","CLR:00","30.32","10.00","35","350",,"6",,,,,,,,,,,,,,,,,,,,,,,,,,,,,,,,,,,,,"MET09612/26/15 05:53:02 METAR KOAK 261353Z 35005KT 10SM CLR 07/M06 A3042 RMK AO2 SLP300 T00671061 (WS)","FM-15","7",,,,,,,,,,,,,,,,,,,,,,,,,,,
"72493023230","2015-12-26T06:53:00","FM-15","7",,,,,,,,,,,,,,,,,,,,,,,,,,,,,,,,,,,,,,,"30.43","22","43","0.00",,"-0.03","1","43","30.42","CLR:00","30.33","10.00","35","VRB",,"3",,,,,,,,,,,,,,,,,,,,,,,,,,,,,,,,,,,,,"MET10212/26/15 06:53:02 METAR KOAK 261453Z VRB03KT 10SM CLR 06/M06 A3043 RMK AO2 SLP303 T00611056 51011 (WS)","FM-15","7",,,,,,,,,,,,,,,,,,,,,,,,,,,
"72493023230","2015-12-26T07:53:00","FM-15","7",,,,,,,,,,,,,,,,,,,,,,,,,,,,,,,,,,,,,,,"30.43","23","41","0.00",,,,"49","30.43","CLR:00","30.33","10.00","34","VRB",,"3",,,,,,,,,,,,,,,,,,,,,,,,,,,,,,,,,,,,,"MET09712/26/15 07:53:02 METAR KOAK 261553Z VRB03KT 10SM CLR 05/M05 A3043 RMK AO2 SLP304 T00501050 (DPB)","FM-15","7",,,,,,,,,,,,,,,,,,,,,,,,,,,
"72493023230","2015-12-26T08:53:00","FM-15","7",,,,,,,,,,,,,,,,,,,,,,,,,,,,,,,,,,,,,,,"30.46","23","46","0.00",,,,"40","30.46","CLR:00","30.36","10.00","37","100",,"3",,,,,,,,,,,,,,,,,,,,,,,,,,,,,,,,,,,,,"MET09712/26/15 08:53:02 METAR KOAK 261653Z 10003KT 10SM CLR 08/M05 A3046 RMK AO2 SLP314 T00781050 (DPB)","FM-15","7",,,,,,,,,,,,,,,,,,,,,,,,,,,
"72493023230","2015-12-26T09:53:00","FM-15","7",,,,,,,,,,,,,,,,,,,,,,,,,,,,,,,,,,,,,,,"30.47","23","49","0.00",,"-0.04","3","36","30.47","CLR:00","30.37","10.00","39","040",,"7",,,,,,,,,,,,,,,,,,,,,,,,,,,,,,,,,,,,,"MET11512/26/15 09:53:02 METAR KOAK 261753Z 04006KT 10SM CLR 09/M05 A3047 RMK AO2 SLP318 T00941050 10094 20050 53015 (DPB)","FM-15","7",,,,,,,,,,,,,,,,,,,,,,,,,,,
"72493023230","2015-12-26T10:53:00","FM-15","7",,,,,,,,,,,,,,,,,,,,,,,,,,,,,,,,,,,,,,,"30.46","22","51","0.00",,,,"32","30.46","FEW:02 40","30.36","10.00","40","VRB",,"5",,,,,,,,,,,,,,,,,,,,,,,,,,,,,,,,,,,,,"MET10012/26/15 10:53:02 METAR KOAK 261853Z VRB04KT 10SM FEW040 11/M06 A3046 RMK AO2 SLP316 T01061056 (DPB)","FM-15","7",,,,,,,,,,,,,,,,,,,,,,,,,,,
"72493023230","2015-12-26T11:53:00","FM-15","7",,,,,,,,,,,,,,,,,,,,,,,,,,,,,,,,,,,,,,,"30.43","23","53","0.00",,,,"31","30.43","FEW:02 50","30.33","10.00","41","050",,"9",,,,,,,,,,,,,,,,,,,,,,,,,,,,,,,,,,,,,"MET10012/26/15 11:53:02 METAR KOAK 261953Z 05008KT 10SM FEW050 12/M05 A3043 RMK AO2 SLP304 T01171050 (DPB)","FM-15","7",,,,,,,,,,,,,,,,,,,,,,,,,,,
"72493023230","2015-12-26T12:53:00","FM-15","7",,,,,,,,,,,,,,,,,,,,,,,,,,,,,,,,,,,,,,,"30.41","24","55","0.00",,"+0.06","8","30","30.41","FEW:02 150","30.31","10.00","42","040","21","11",,,,,,,,,,,,,,,,,,,,,,,,,,,,,,,,,,,,,"MET10912/26/15 12:53:02 METAR KOAK 262053Z 04010G18KT 10SM FEW150 13/M04 A3041 RMK AO2 SLP297 T01281044 58021 (DPB)","FM-15","7",,,,,,,,,,,,,,,,,,,,,,,,,,,
"72493023230","2015-12-26T13:53:00","FM-15","7",,,,,,,,,,,,,,,,,,,,,,,,,,,,,,,,,,,,,,,"30.40","23","54","0.00",,,,"30","30.40","FEW:02 160","30.30","10.00","41","040",,"15",,,,,,,,,,,,,,,,,,,,,,,,,,,,,,,,,,,,,"MET10012/26/15 13:53:02 METAR KOAK 262153Z 04013KT 10SM FEW160 12/M05 A3040 RMK AO2 SLP293 T01221050 (DPB)","FM-15","7",,,,,,,,,,,,,,,,,,,,,,,,,,,
"72493023230","2015-12-26T14:53:00","FM-15","7",,,,,,,,,,,,,,,,,,,,,,,,,,,,,,,,,,,,,,,"30.39","22","54","0.00",,,,"29","30.39","FEW:02 180","30.29","10.00","41","040",,"13",,,,,,,,,,,,,,,,,,,,,,,,,,,,,,,,,,,,,"MET10012/26/15 14:53:02 METAR KOAK 262253Z 04011KT 10SM FEW180 12/M06 A3039 RMK AO2 SLP292 T01221056 (DPB)","FM-15","7",,,,,,,,,,,,,,,,,,,,,,,,,,,
"72493023230","2015-12-26T15:53:00","FM-15","7",,,,,,,,,,,,,,,,,,,,,,,,,,,,,,,,,,,,,,,"30.39","21","53","0.00",,"+0.02","6","28","30.39","FEW:02 180","30.29","10.00","40","030",,"8",,,,,,,,,,,,,,,,,,,,,,,,,,,,,,,,,,,,,"MET11812/26/15 15:53:02 METAR KOAK 262353Z 03007KT 10SM FEW180 12/M06 A3039 RMK AO2 SLP290 T01171061 10128 20094 56006 (ALT)","FM-15","7",,,,,,,,,,,,,,,,,,,,,,,,,,,
"72493023230","2015-12-26T16:53:00","FM-15","7",,,,,,,,,,,,,,,,,,,,,,,,,,,,,,,,,,,,,,,"30.39","26","48","0.00",,,,"42","30.39","FEW:02 180","30.29","10.00","39","050",,"6",,,,,,,,,,,,,,,,,,,,,,,,,,,,,,,,,,,,,"MET09412/26/15 16:53:01 METAR KOAK 270053Z 05005KT 10SM FEW180 09/M03 A3039 RMK AO2 SLP290 T00891033","FM-15","7",,,,,,,,,,,,,,,,,,,,,,,,,,,
"72493023230","2015-12-26T17:53:00","FM-15","7",,,,,,,,,,,,,,,,,,,,,,,,,,,,,,,,,,,,,,,"30.39","23","46","0.00",,,,"40","30.39","CLR:00","30.29","10.00","37","000",,"0",,,,,,,,,,,,,,,,,,,,,,,,,,,,,,,,,,,,,"MET09112/26/15 17:53:01 METAR KOAK 270153Z 00000KT 10SM CLR 08/M05 A3039 RMK AO2 SLP290 T00781050","FM-15","7",,,,,,,,,,,,,,,,,,,,,,,,,,,
"72493023230","2015-12-26T18:53:00","FM-15","7",,,,,,,,,,,,,,,,,,,,,,,,,,,,,,,,,,,,,,,"30.38","26","45","0.00",,"+0.01","8","48","30.38","CLR:00","30.28","10.00","37","000",,"0",,,,,,,,,,,,,,,,,,,,,,,,,,,,,,,,,,,,,"MET09712/26/15 18:53:02 METAR KOAK 270253Z 00000KT 10SM CLR 07/M03 A3038 RMK AO2 SLP287 T00721033 58003","FM-15","7",,,,,,,,,,,,,,,,,,,,,,,,,,,
"72493023230","2015-12-26T19:53:00","FM-15","7",,,,,,,,,,,,,,,,,,,,,,,,,,,,,,,,,,,,,,,"30.38","27","43","0.00",,,,"53","30.38","CLR:00","30.28","10.00","37","110",,"5",,,,,,,,,,,,,,,,,,,,,,,,,,,,,,,,,,,,,"MET09112/26/15 19:53:02 METAR KOAK 270353Z 11004KT 10SM CLR 06/M03 A3038 RMK AO2 SLP288 T00611028","FM-15","7",,,,,,,,,,,,,,,,,,,,,,,,,,,
"72493023230","2015-12-26T20:53:00","FM-15","7",,,,,,,,,,,,,,,,,,,,,,,,,,,,,,,,,,,,,,,"30.38","27","41","0.00",,,,"57","30.38","CLR:00","30.28","10.00","36","000",,"0",,,,,,,,,,,,,,,,,,,,,,,,,,,,,,,,,,,,,"MET09112/26/15 20:53:02 METAR KOAK 270453Z 00000KT 10SM CLR 05/M03 A3038 RMK AO2 SLP287 T00501028","FM-15","7",,,,,,,,,,,,,,,,,,,,,,,,,,,
"72493023230","2015-12-26T21:53:00","FM-15","7",,,,,,,,,,,,,,,,,,,,,,,,,,,,,,,,,,,,,,,"30.37","28","37","0.00",,"+0.01","8","70","30.37","CLR:00","30.27","10.00","34","090",,"5",,,,,,,,,,,,,,,,,,,,,,,,,,,,,,,,,,,,,"MET10912/26/15 21:53:02 METAR KOAK 270553Z 09004KT 10SM CLR 03/M02 A3037 RMK AO2 SLP284 T00281022 10117 20028 58004","FM-15","7",,,,,,,,,,,,,,,,,,,,,,,,,,,
"72493023230","2015-12-26T22:53:00","FM-15","7",,,,,,,,,,,,,,,,,,,,,,,,,,,,,,,,,,,,,,,"30.35","28","36","0.00",,,,"73","30.35","CLR:00","30.25","10.00","33","040",,"5",,,,,,,,,,,,,,,,,,,,,,,,,,,,,,,,,,,,,"MET09112/26/15 22:53:02 METAR KOAK 270653Z 04004KT 10SM CLR 02/M02 A3035 RMK AO2 SLP277 T00221022","FM-15","7",,,,,,,,,,,,,,,,,,,,,,,,,,,
"72493023230","2015-12-26T23:53:00","FM-15","7",,,,,,,,,,,,,,,,,,,,,,,,,,,,,,,,,,,,,,,"30.34","28","35","0.00",,,,"76","30.34","CLR:00","30.24","10.00","32","070",,"3",,,,,,,,,,,,,,,,,,,,,,,,,,,,,,,,,,,,,"MET10112/26/15 23:53:02 METAR KOAK 270753Z 07003KT 10SM CLR 02/M02 A3034 RMK AO2 SLP274 T00171022 401280011","FM-15","7",,,,,,,,,,,,,,,,,,,,,,,,,,,
"72493023230","2015-12-26T23:59:00","SOD  ","6",,,,,,,,,,,,,,,,,,"45",,,"30.30",,"5.6","0","-3.3","20","55","34","040","22","0.00","0","0.0","050","18",,,,,,,,,,,,,,,,,,,,,,,,,,,,,,,,,,,,,,,,,,,,,,,,,,,,,,,,"SOD73924 HR PRECIPITATION (IN): 0.00 SNOW DEPTH (IN):0     24 HR SNOWFALL (IN):0.0  24 HR MAX TEMP (F): 5524 HR MIN TEMP (F): 34AVERAGE STATION PRESSURE:30.305 MINIMUM SEA LEVEL PRESSURE:30.34 TIME OF OCCURRENCE:2359 PEAK WIND SPEED (MPH): 22 PEAK WIND DIR (DEG): 40 PEAK WIND TIME (LST):      FASTEST 2MIN SPEED (MPH): 18FASTEST 2MIN DIR (DEG): 50 FASTEST 2MIN TIME (LST):     AVERAGE WIND SPEED (MPH): 5.6 24 HR AVG TEMP (F): 45DEPART FROM NORMAL: -3  HEATING DEGREE DAYS: 20 COOLING DEGREE DAYS:  0 LATEST DAY MAX TEMP (0700-1900 LST):55  LATEST NIGHT MIN TEMP(1900-0800 LST):34 HOURLY INCREMENTAL PRECIPITATION VALUES (IN):.00 0.00 0.00 0.00 0.00 0.00 0.00 0.00 0.00 0.00 0.00 0.00 0.00 0.00 0.00 0.00 0.00 0.00 0.00 0.00 0.00 0.00 0.00 0.00","SOD  ","6",,,,,,,,,,,,,,,,,,,,,,,,,"0723","1656",
"72493023230","2015-12-27T00:53:00","FM-15","7",,,,,,,,,,,,,,,,,,,,,,,,,,,,,,,,,,,,,,,"30.33","27","40","0.00",,"+0.04","6","60","30.32","CLR:00","30.23","10.00","35","160",,"3",,,,,,,,,,,,,,,,,,,,,,,,,,,,,,,,,,,,,"MET10212/27/15 00:53:02 METAR KOAK 270853Z 16003KT 10SM CLR 04/M03 A3033 RMK AO2 SLP269 T00441028 56013 (RC)","FM-15","7",,,,,,,,,,,,,,,,,,,,,,,,,,,
"72493023230","2015-12-27T01:53:00","FM-15","7",,,,,,,,,,,,,,,,,,,,,,,,,,,,,,,,,,,,,,,"30.32","27","35","0.00",,,,"72","30.32","CLR:00","30.22","10.00","32","060",,"3",,,,,,,,,,,,,,,,,,,,,,,,,,,,,,,,,,,,,"MET09612/27/15 01:53:02 METAR KOAK 270953Z 06003KT 10SM CLR 02/M03 A3032 RMK AO2 SLP268 T00171028 (RC)","FM-15","7",,,,,,,,,,,,,,,,,,,,,,,,,,,
"72493023230","2015-12-27T02:53:00","FM-15","7",,,,,,,,,,,,,,,,,,,,,,,,,,,,,,,,,,,,,,,"30.32","27","37","0.00",,,,"67","30.31","CLR:00","30.22","10.00","33","110",,"3",,,,,,,,,,,,,,,,,,,,,,,,,,,,,,,,,,,,,"MET09612/27/15 02:53:02 METAR KOAK 271053Z 11003KT 10SM CLR 03/M03 A3032 RMK AO2 SLP265 T00281028 (RC)","FM-15","7",,,,,,,,,,,,,,,,,,,,,,,,,,,
"72493023230","2015-12-27T03:53:00","FM-15","7",,,,,,,,,,,,,,,,,,,,,,,,,,,,,,,,,,,,,,,"30.30","26","32","0.00",,"+0.04","8","79","30.29","CLR:00","30.20","10.00","30","100",,"3",,,,,,,,,,,,,,,,,,,,,,,,,,,,,,,,,,,,,"MET11412/27/15 03:53:02 METAR KOAK 271153Z 10003KT 10SM CLR 00/M03 A3030 RMK AO2 SLP259 T00001033 10044 20000 58012 (RC)","FM-15","7",,,,,,,,,,,,,,,,,,,,,,,,,,,
"72493023230","2015-12-27T04:53:00","FM-15","7",,,,,,,,,,,,,,,,,,,,,,,,,,,,,,,,,,,,,,,"30.29","26","31","0.00",,,,"82","30.29","FEW:02 250","30.19","10.00","29","120",,"3",,,,,,,,,,,,,,,,,,,,,,,,,,,,,,,,,,,,,"MET10012/27/15 04:53:02 METAR KOAK 271253Z 12003KT 10SM FEW250 M01/M03 A3029 RMK AO2 SLP257 T10061033 (RC)","FM-15","7",,,,,,,,,,,,,,,,,,,,,,,,,,,
"72493023230","2015-12-27T05:53:00","FM-15","7",,,,,,,,,,,,,,,,,,,,,,,,,,,,,,,,,,,,,,,"30.30","25","30","0.00",,,,"82","30.30","CLR:00","30.20","10.00","28","040",,"5",,,,,,,,,,,,,,,,,,,,,,,,,,,,,,,,,,,,,"MET09712/27/15 05:53:02 METAR KOAK 271353Z 04004KT 10SM CLR M01/M04 A3030 RMK AO2 SLP261 T10111039 (RC)","FM-15","7",,,,,,,,,,,,,,,,,,,,,,,,,,,
"72493023230","2015-12-27T06:53:00","FM-15","7",,,,,,,,,,,,,,,,,,,,,,,,,,,,,,,,,,,,,,,"30.30","26","31","0.00",,"0.00","4","82","30.29","FEW:02 180 FEW:02 250","30.20","10.00","29","050",,"5",,,,,,,,,,,,,,,,,,,,,,,,,,,,,,,,,,,,,"MET11312/27/15 06:53:02 METAR KOAK 271453Z 05004KT 10SM FEW180 FEW250 M01/M03 A3030 RMK AO2 SLP259 T10061033 54000 (RC)","FM-15","7",,,,,,,,,,,,,,,,,,,,,,,,,,,
"72493023230","2015-12-27T07:53:00","FM-15","7",,,,,,,,,,,,,,,,,,,,,,,,,,,,,,,,,,,,,,,"30.31","27","32","0.00",,,,"82","30.30","FEW:02 12 SCT:04 150 SCT:04 250","30.21","10.00","30","010",,"3",,,,,,,,,,,,,,,,,,,,,,,,,,,,,,,,,,,,,"MET11412/27/15 07:53:02 METAR KOAK 271553Z 01003KT 10SM FEW012 SCT150 SCT250 00/M03 A3031 RMK AO2 SLP262 T00001028 (DPB)","FM-15","7",,,,,,,,,,,,,,,,,,,,,,,,,,,
"72493023230","2015-12-27T08:53:00","FM-15","7",,,,,,,,,,,,,,,,,,,,,,,,,,,,,,,,,,,,,,,"30.30","32","41","0.00",,,,"70","30.30","FEW:02 12 SCT:04 150 SCT:04 250","30.20","10.00","37","000",,"0",,,,,,,,,,,,,,,,,,,,,,,,,,,,,,,,,,,,,"MET11312/27/15 08:53:02 METAR KOAK 271653Z 00000KT 10SM FEW012 SCT150 SCT250 05/00 A3030 RMK AO2 SLP261 T00500000 (DPB)","FM-15","7",,,,,,,,,,,,,,,,,,,,,,,,,,,
"72493023230","2015-12-27T09:53:00","FM-15","7",,,,,,,,,,,,,,,,,,,,,,,,,,,,,,,,,,,,,,,"30.26","34","42","0.00",,"+0.04","8","73","30.26","BKN:07 150 BKN:07 250","30.16","10.00","39","100",,"7",,,,,,,,,,,,,,,,,,,,,,,,,,,,,,,,,,,,,"MET13112/27/15 09:53:02 METAR KOAK 271753Z 10006KT 10SM BKN150 BKN250 06/01 A3026 RMK AO2 PRESFR SLP246 T00560011 10061 21011 58013 (DPB)","FM-15","7",,,,,,,,,,,,,,,,,,,,,,,,,,,
"72493023230","2015-12-27T10:53:00","FM-15","7",,,,,,,,,,,,,,,,,,,,,,,,,,,,,,,,,,,,,,,"30.26","33","43","0.00",,,,"68","30.26","BKN:07 150 BKN:07 250","30.16","10.00","39","VRB",,"5",,,,,,,,,,,,,,,,,,,,,,,,,,,,,,,,,,,,,"MET10612/27/15 10:53:02 METAR KOAK 271853Z VRB04KT 10SM BKN150 BKN250 06/01 A3026 RMK AO2 SLP246 T00610006 (DPB)","FM-15","7",,,,,,,,,,,,,,,,,,,,,,,,,,,
"72493023230","2015-12-27T11:53:00","FM-15","7",,,,,,,,,,,,,,,,,,,,,,,,,,,,,,,,,,,,,,,"30.24","33","44","0.00",,,,"65","30.24","BKN:07 150 BKN:07 180 BKN:07 200","30.14","10.00","39","000",,"0",,,,,,,,,,,,,,,,,,,,,,,,,,,,,,,,,,,,,"MET11312/27/15 11:53:02 METAR KOAK 271953Z 00000KT 10SM BKN150 BKN180 BKN200 07/01 A3024 RMK AO2 SLP239 T00670006 (DPB)","FM-15","7",,,,,,,,,,,,,,,,,,,,,,,,,,,
"72493023230","2015-12-27T12:53:00","FM-15","7",,,,,,,,,,,,,,,,,,,,,,,,,,,,,,,,,,,,,,,"30.22","34","47","0.00",,"+0.04","8","61","30.22","BKN:07 150 BKN:07 180 BKN:07 200","30.12","10.00","41","300",,"6",,,,,,,,,,,,,,,,,,,,,,,,,,,,,,,,,,,,,"MET11912/27/15 12:53:02 METAR KOAK 272053Z 30005KT 10SM BKN150 BKN180 BKN200 08/01 A3022 RMK AO2 SLP233 T00830011 58013 (DPB)","FM-15","7",,,,,,,,,,,,,,,,,,,,,,,,,,,
"72493023230","2015-12-27T13:53:00","FM-15","7",,,,,,,,,,,,,,,,,,,,,,,,,,,,,,,,,,,,,,,"30.21","33","48","0.00",,,,"56","30.21","SCT:04 100 BKN:07 150 BKN:07 200","30.11","10.00","42","300",,"11",,,,,,,,,,,,,,,,,,,,,,,,,,,,,,,,,,,,,"MET11312/27/15 13:53:02 METAR KOAK 272153Z 30010KT 10SM SCT100 BKN150 BKN200 09/01 A3021 RMK AO2 SLP231 T00890006 (DPB)","FM-15","7",,,,,,,,,,,,,,,,,,,,,,,,,,,
"72493023230","2015-12-27T14:53:00","FM-15","7",,,,,,,,,,,,,,,,,,,,,,,,,,,,,,,,,,,,,,,"30.20","33","47","0.00",,,,"59","30.20","SCT:04 100 BKN:07 150 BKN:07 200","30.10","10.00","41","290",,"7",,,,,,,,,,,,,,,,,,,,,,,,,,,,,,,,,,,,,"MET11312/27/15 14:53:02 METAR KOAK 272253Z 29006KT 10SM SCT100 BKN150 BKN200 08/01 A3020 RMK AO2 SLP227 T00830006 (DPB)","FM-15","7",,,,,,,,,,,,,,,,,,,,,,,,,,,
"72493023230","2015-12-27T15:53:00","FM-15","7",,,,,,,,,,,,,,,,,,,,,,,,,,,,,,,,,,,,,,,"30.17","32","46","0.00",,"+0.05","8","58","30.17","BKN:07 90 BKN:07 110 BKN:07 200","30.07","10.00","40","140",,"6",,,,,,,,,,,,,,,,,,,,,,,,,,,,,,,,,,,,,"MET13812/27/15 15:53:02 METAR KOAK 272353Z 14005KT 10SM BKN090 BKN110 BKN200 08/00 A3017 RMK AO2 PRESFR SLP216 T00780000 10094 20056 58017 (NAB)","FM-15","7",,,,,,,,,,,,,,,,,,,,,,,,,,,
"72493023230","2015-12-27T16:53:00","FM-15","7",,,,,,,,,,,,,,,,,,,,,,,,,,,,,,,,,,,,,,,"30.16","34","46","0.00",,,,"63","30.16","BKN:07 90 BKN:07 120 BKN:07 200","30.06","10.00","41","180",,"8",,,,,,,,,,,,,,,,,,,,,,,,,,,,,,,,,,,,,"MET10712/27/15 16:53:01 METAR KOAK 280053Z 18007KT 10SM BKN090 BKN120 BKN200 08/01 A3016 RMK AO2 SLP212 T00780011","FM-15","7",,,,,,,,,,,,,,,,,,,,,,,,,,,
"72493023230","2015-12-27T17:53:00","FM-15","7",,,,,,,,,,,,,,,,,,,,,,,,,,,,,,,,,,,,,,,"30.15","34","44","0.00",,,,"68","30.15","BKN:07 100 BKN:07 180","30.05","10.00","40","000",,"0",,,,,,,,,,,,,,,,,,,,,,,,,,,,,,,,,,,,,"MET10012/27/15 17:53:01 METAR KOAK 280153Z 00000KT 10SM BKN100 BKN180 07/01 A3015 RMK AO2 SLP210 T00670011","FM-15","7",,,,,,,,,,,,,,,,,,,,,,,,,,,
"72493023230","2015-12-27T18:53:00","FM-15","7",,,,,,,,,,,,,,,,,,,,,,,,,,,,,,,,,,,,,,,"30.15","32","47","0.00",,"+0.01","5","56","30.15","SCT:04 55 BKN:07 70 OVC:08 95","30.05","10.00","41","000",,"0",,,,,,,,,,,,,,,,,,,,,,,,,,,,,,,,,,,,,"MET11312/27/15 18:53:02 METAR KOAK 280253Z 00000KT 10SM SCT055 BKN070 OVC095 08/00 A3015 RMK AO2 SLP211 T00830000 55005","FM-15","7",,,,,,,,,,,,,,,,,,,,,,,,,,,
"72493023230","2015-12-27T19:53:00","FM-15","7",,,,,,,,,,,,,,,,,,,,,,,,,,,,,,,,,,,,,,,"30.15","37","43","T",,,,"80","30.15","BKN:07 50 OVC:08 65","30.05","10.00","40","070",,"3",,,,,,,,,,,,,,,,,,,,,,,,,,,,,,,,,,,,,"MET11512/27/15 19:53:02 METAR KOAK 280353Z 07003KT 10SM BKN050 OVC065 06/03 A3015 RMK AO2 RAB04E44 SLP210 P0000 T00610028","FM-15","7",,,,,,,,,,,,,,,,,,,,,,,,,,,
"72493023230","2015-12-27T20:53:00","FM-15","7",,,,,,,,,,,,,,,,,,,,,,,,,,,,,,,,,,,,,,,"30.15","38","43","0.00",,,,"82","30.15","OVC:08 38","30.05","10.00","41","070",,"6",,,,,,,,,,,,,,,,,,,,,,,,,,,,,,,,,,,,,"MET09312/27/15 20:53:02 METAR KOAK 280453Z 07005KT 10SM OVC038 06/03 A3015 RMK AO2 SLP210 T00610033","FM-15","7",,,,,,,,,,,,,,,,,,,,,,,,,,,
"72493023230","2015-12-27T21:53:00","FM-15","7",,,,,,,,,,,,,,,,,,,,,,,,,,,,,,,,,,,,,,,"30.14","37","43","0.00",,"+0.01","8","80","30.14","SCT:04 14 BKN:07 50 BKN:07 120","30.04","10.00","40","140",,"3",,,,,,,,,,,,,,,,,,,,,,,,,,,,,,,,,,,,,"MET13112/27/15 21:53:02 METAR KOAK 280553Z 14003KT 10SM SCT014 BKN050 BKN120 06/03 A3014 RMK AO2 SLP207 60000 T00610028 10083 20061 58004","FM-15","7",,,,,,,,,,,,,,,,,,,,,,,,,,,
"72493023230","2015-12-27T22:53:00","FM-15","7",,,,,,,,,,,,,,,,,,,,,,,,,,,,,,,,,,,,,,,"30.13","37","43","T",,,,"80","30.13","BKN:07 48 OVC:08 60","30.03","10.00","40","140",,"6",,,,,,,,,,,,,,,,,,,,,,,,,,,,,,,,,,,,,"MET11512/27/15 22:53:02 METAR KOAK 280653Z 14005KT 10SM BKN048 OVC060 06/03 A3013 RMK AO2 RAB28E38 SLP203 P0000 T00610028","FM-15","7",,,,,,,,,,,,,,,,,,,,,,,,,,,
"72493023230","2015-12-27T23:53:00","FM-15","7",,,,,,,,,,,,,,,,,,,,,,,,,,,,,,,,,,,,,,,"30.11","38","43","T",,,,"82","30.10","FEW:02 27 BKN:07 48 OVC:08 85","30.01","10.00","41","080",,"6",,,,,,,,,,,,,,,,,,,,,,,,,,,,,,,,,,,,,"MET13212/27/15 23:53:02 METAR KOAK 280753Z 08005KT 10SM FEW027 BKN048 OVC085 06/03 A3011 RMK AO2 RAB00E46 SLP194 P0000 T00610033 400941011","FM-15","7",,,,,,,,,,,,,,,,,,,,,,,,,,,
"72493023230","2015-12-27T23:59:00","SOD  ","6",,,,,,,,,,,,,,,,,,"40",,,"30.11",,"4.3","0","-8.3","25","49","30","110","17","T","0",,"100","15",,,,,,,,,,,,,,,,,,,,,,,,,,,,,,,,,,,,,,,,,,,,,,,,,,,,,,,,"SOD71024 HR PRECIPITATION (IN):    T SNOW DEPTH (IN):0    24 HR MAX TEMP (F): 4924 HR MIN TEMP (F): 30AVERAGE STATION PRESSURE:30.115 MINIMUM SEA LEVEL PRESSURE:30.10 TIME OF OCCURRENCE:2359 PEAK WIND SPEED (MPH): 17 PEAK WIND DIR (DEG):110 PEAK WIND TIME (LST):      FASTEST 2MIN SPEED (MPH): 15FASTEST 2MIN DIR (DEG):100 FASTEST 2MIN TIME (LST):     AVERAGE WIND SPEED (MPH): 4.3 24 HR AVG TEMP (F): 40DEPART FROM NORMAL: -8  HEATING DEGREE DAYS: 25 COOLING DEGREE DAYS:  0 LATEST DAY MAX TEMP (0700-1900 LST):49  LATEST NIGHT MIN TEMP(1900-0800 LST):30 HOURLY INCREMENTAL PRECIPITATION VALUES (IN):.00 0.00 0.00 0.00 0.00 0.00 0.00 0.00 0.00 0.00 0.00 0.00 0.00 0.00 0.00 0.00 0.00 0.00 0.00 T    0.00 0.00 T    T","SOD  ","6",,,,,,,,,,,,,,,,,,,,,,,,,"0723","1657",
"72493023230","2015-12-28T00:30:00","FM-16","7",,,,,,,,,,,,,,,,,,,,,,,,,,,,,,,,,,,,,,,"30.10","38","43","T","-RA:02 |RA |",,,"82",,"SCT:04 19 BKN:07 25 OVC:08 46","30.00","9.00","41","070",,"5",,,,,,,,,,,,,,,,,,,,,,,,,,,,,,,,,,,,,"MET12812/28/15 00:30:02 SPECI KOAK 280830Z 07004KT 9SM -RA SCT019 BKN025 OVC046 06/03 A3010 RMK AO2 RAB0755E07B24 P0000 T00610033 (DB)","FM-16","7",,,,,,,,,,,,,,,,,,,,,,,,,,,
"72493023230","2015-12-28T00:53:00","FM-15","7",,,,,,,,,,,,,,,,,,,,,,,,,,,,,,,,,,,,,,,"30.10","38","43","0.02s","RA:02 |RA |","+0.04","6","82","30.10","OVC:08 19","30.00","6.00","41","040",,"5",,,,,,,,,,,,,,,,,,,,,,,,,,,,,,,,,,,,,"MET13212/28/15 00:53:02 METAR KOAK 280853Z 04004KT 6SM RA OVC019 06/03 A3010 RMK AO2 RAB0755E07B24 SLP192 P0001 60001 T00610033 56015 (DB)","FM-15","7",,,,,,,,,,,,,,,,,,,,,,,,,,,
"72493023230","2015-12-28T01:53:00","FM-15","7",,,,,,,,,,,,,,,,,,,,,,,,,,,,,,,,,,,,,,,"30.10","39","42","0.02","-RA:02 BR:1 |RA |",,,"89","30.10","OVC:08 17","30.00","5.00","41","350",,"10",,,,,,,,,,,,,,,,,,,,,,,,,,,,,,,,,,,,,"MET11012/28/15 01:53:02 METAR KOAK 280953Z 35009KT 5SM -RA BR OVC017 06/04 A3010 RMK AO2 SLP193 P0003 T00560039 (DB)","FM-15","7",,,,,,,,,,,,,,,,,,,,,,,,,,,
"72493023230","2015-12-28T02:53:00","FM-15","7",,,,,,,,,,,,,,,,,,,,,,,,,,,,,,,,,,,,,,,"30.10","36","40","T",,,,"86","30.09","OVC:08 19","30.00","10.00","38","020",,"11",,,,,,,,,,,,,,,,,,,,,,,,,,,,,,,,,,,,,"MET11012/28/15 02:53:02 METAR KOAK 281053Z 02010KT 10SM OVC019 04/02 A3010 RMK AO2 RAE15 SLP191 P0000 T00440022 (DB)","FM-15","7",,,,,,,,,,,,,,,,,,,,,,,,,,,
"72493023230","2015-12-28T03:53:00","FM-15","7",,,,,,,,,,,,,,,,,,,,,,,,,,,,,,,,,,,,,,,"30.09","36","40","T",,"+0.01","8","86","30.09","OVC:08 20","29.99","10.00","38","040",,"11",,,,,,,,,,,,,,,,,,,,,,,,,,,,,,,,,,,,,"MET14312/28/15 03:53:02 METAR KOAK 281153Z 04010KT 10SM OVC020 04/02 A3009 RMK AO2 RAB11E28 SLP190 P0000 60004 70004 T00440022 10067 20044 58002 (DB)","FM-15","7",,,,,,,,,,,,,,,,,,,,,,,,,,,
"72493023230","2015-12-28T04:53:00","FM-15","7",,,,,,,,,,,,,,,,,,,,,,,,,,,,,,,,,,,,,,,"30.09","36","40","0.00",,,,"86","30.08","FEW:02 20 BKN:07 26","29.99","10.00","38","040",,"5",,,,,,,,,,,,,,,,,,,,,,,,,,,,,,,,,,,,,"MET10512/28/15 04:53:02 METAR KOAK 281253Z 04004KT 10SM FEW020 BKN026 04/02 A3009 RMK AO2 SLP187 T00440022 (DB)","FM-15","7",,,,,,,,,,,,,,,,,,,,,,,,,,,
"72493023230","2015-12-28T05:07:00","FM-16","7",,,,,,,,,,,,,,,,,,,,,,,,,,,,,,,,,,,,,,,"30.09","34","38",,,,,"86",,"FEW:02 21 SCT:04 26","29.99","10.00","36","360",,"7",,,,,,,,,,,,,,,,,,,,,,,,,,,,,,,,,,,,,"MET09812/28/15 05:07:02 SPECI KOAK 281307Z 36006KT 10SM FEW021 SCT026 03/01 A3009 RMK AO2 T00330011 (DB)","FM-16","7",,,,,,,,,,,,,,,,,,,,,,,,,,,
"72493023230","2015-12-28T05:24:00","FM-16","7",,,,,,,,,,,,,,,,,,,,,,,,,,,,,,,,,,,,,,,"30.09","34","39",,,,,"82",,"BKN:07 22","29.99","10.00","37","030",,"7",,,,,,,,,,,,,,,,,,,,,,,,,,,,,,,,,,,,,"MET09112/28/15 05:24:02 SPECI KOAK 281324Z 03006KT 10SM BKN022 04/01 A3009 RMK AO2 T00390011 (DB)","FM-16","7",,,,,,,,,,,,,,,,,,,,,,,,,,,
"72493023230","2015-12-28T05:48:00","FM-16","7",,,,,,,,,,,,,,,,,,,,,,,,,,,,,,,,,,,,,,,"30.08","34","37",,,,,"87",,"SCT:04 23 BKN:07 34","29.98","10.00","36","040",,"8",,,,,,,,,,,,,,,,,,,,,,,,,,,,,,,,,,,,,"MET08812/28/15 05:48:02 SPECI KOAK 281348Z 04007KT 10SM SCT023 BKN034 03/01 A3008 RMK AO2 (DB)","FM-16","7",,,,,,,,,,,,,,,,,,,,,,,,,,,
"72493023230","2015-12-28T05:53:00","FM-15","7",,,,,,,,,,,,,,,,,,,,,,,,,,,,,,,,,,,,,,,"30.08","34","38","0.00",,,,"86","30.08","FEW:02 23 BKN:07 34","29.98","10.00","36","080",,"5",,,,,,,,,,,,,,,,,,,,,,,,,,,,,,,,,,,,,"MET10512/28/15 05:53:02 METAR KOAK 281353Z 08004KT 10SM FEW023 BKN034 03/01 A3008 RMK AO2 SLP186 T00330011 (DB)","FM-15","7",,,,,,,,,,,,,,,,,,,,,,,,,,,
"72493023230","2015-12-28T06:53:00","FM-15","7",,,,,,,,,,,,,,,,,,,,,,,,,,,,,,,,,,,,,,,"30.10","33","37","0.00",,"-0.01","3","86","30.09","BKN:07 34","30.00","10.00","35","000",,"0",,,,,,,,,,,,,,,,,,,,,,,,,,,,,,,,,,,,,"MET10412/28/15 06:53:02 METAR KOAK 281453Z 00000KT 10SM BKN034 03/01 A3010 RMK AO2 SLP191 T00280006 53004 (DB)","FM-15","7",,,,,,,,,,,,,,,,,,,,,,,,,,,
"72493023230","2015-12-28T07:53:00","FM-15","7",,,,,,,,,,,,,,,,,,,,,,,,,,,,,,,,,,,,,,,"30.10","33","38","0.00",,,,"83","30.09","FEW:02 34","30.00","10.00","36","000",,"0",,,,,,,,,,,,,,,,,,,,,,,,,,,,,,,,,,,,,"MET09812/28/15 07:53:02 METAR KOAK 281553Z 00000KT 10SM FEW034 03/01 A3010 RMK AO2 SLP191 T00330006 (LM)","FM-15","7",,,,,,,,,,,,,,,,,,,,,,,,,,,
"72493023230","2015-12-28T08:53:00","FM-15","7",,,,,,,,,,,,,,,,,,,,,,,,,,,,,,,,,,,,,,,"30.10","35","42","0.00",,,,"76","30.10","FEW:02 34","30.00","10.00","39","050",,"7",,,,,,,,,,,,,,,,,,,,,,,,,,,,,,,,,,,,,"MET09812/28/15 08:53:02 METAR KOAK 281653Z 05006KT 10SM FEW034 06/02 A3010 RMK AO2 SLP193 T00560017 (LM)","FM-15","7",,,,,,,,,,,,,,,,,,,,,,,,,,,
"72493023230","2015-12-28T09:53:00","FM-15","7",,,,,,,,,,,,,,,,,,,,,,,,,,,,,,,,,,,,,,,"30.11","36","45","0.00",,"-0.02","3","71","30.11","FEW:02 15","30.01","10.00","41","090",,"5",,,,,,,,,,,,,,,,,,,,,,,,,,,,,,,,,,,,,"MET11612/28/15 09:53:02 METAR KOAK 281753Z 09004KT 10SM FEW015 07/02 A3011 RMK AO2 SLP197 T00720022 10072 20022 53006 (LM)","FM-15","7",,,,,,,,,,,,,,,,,,,,,,,,,,,
"72493023230","2015-12-28T10:53:00","FM-15","7",,,,,,,,,,,,,,,,,,,,,,,,,,,,,,,,,,,,,,,"30.11","35","45","0.00",,,,"68","30.11","FEW:02 15","30.01","10.00","41","000",,"0",,,,,,,,,,,,,,,,,,,,,,,,,,,,,,,,,,,,,"MET09812/28/15 10:53:02 METAR KOAK 281853Z 00000KT 10SM FEW015 07/02 A3011 RMK AO2 SLP198 T00720017 (LM)","FM-15","7",,,,,,,,,,,,,,,,,,,,,,,,,,,
"72493023230","2015-12-28T11:53:00","FM-15","7",,,,,,,,,,,,,,,,,,,,,,,,,,,,,,,,,,,,,,,"30.08","36","45","0.00",,,,"71","30.07","FEW:02 15 FEW:02 38","29.98","10.00","41","220",,"7",,,,,,,,,,,,,,,,,,,,,,,,,,,,,,,,,,,,,"MET10512/28/15 11:53:02 METAR KOAK 281953Z 22006KT 10SM FEW015 FEW038 07/02 A3008 RMK AO2 SLP184 T00720022 (LM)","FM-15","7",,,,,,,,,,,,,,,,,,,,,,,,,,,
"72493023230","2015-12-28T12:53:00","FM-15","7",,,,,,,,,,,,,,,,,,,,,,,,,,,,,,,,,,,,,,,"30.05","36","45","0.00",,"+0.07","8","71","30.04","OVC:08 34","29.96","10.00","41","220",,"7",,,,,,,,,,,,,,,,,,,,,,,,,,,,,,,,,,,,,"MET10412/28/15 12:53:02 METAR KOAK 282053Z 22006KT 10SM OVC034 07/02 A3005 RMK AO2 SLP174 T00720022 58023 (LM)","FM-15","7",,,,,,,,,,,,,,,,,,,,,,,,,,,
"72493023230","2015-12-28T13:53:00","FM-15","7",,,,,,,,,,,,,,,,,,,,,,,,,,,,,,,,,,,,,,,"30.02","37","46","0.00",,,,"71","30.02","BKN:07 32","29.92","10.00","42","220",,"3",,,,,,,,,,,,,,,,,,,,,,,,,,,,,,,,,,,,,"MET09812/28/15 13:53:02 METAR KOAK 282153Z 22003KT 10SM BKN032 08/03 A3002 RMK AO2 SLP166 T00780028 (LM)","FM-15","7",,,,,,,,,,,,,,,,,,,,,,,,,,,
"72493023230","2015-12-28T14:53:00","FM-15","7",,,,,,,,,,,,,,,,,,,,,,,,,,,,,,,,,,,,,,,"30.02","38","48","0.00",,,,"68","30.02","SCT:04 32","29.92","10.00","43","220",,"5",,,,,,,,,,,,,,,,,,,,,,,,,,,,,,,,,,,,,"MET09812/28/15 14:53:02 METAR KOAK 282253Z 22004KT 10SM SCT032 09/03 A3002 RMK AO2 SLP166 T00890033 (LM)","FM-15","7",,,,,,,,,,,,,,,,,,,,,,,,,,,
"72493023230","2015-12-28T15:53:00","FM-15","7",,,,,,,,,,,,,,,,,,,,,,,,,,,,,,,,,,,,,,,"30.01","38","48","0.00",,"+0.04","6","68","30.01","SCT:04 32","29.91","10.00","43","170",,"6",,,,,,,,,,,,,,,,,,,,,,,,,,,,,,,,,,,,,"MET11712/28/15 15:53:02 METAR KOAK 282353Z 17005KT 10SM SCT032 09/03 A3001 RMK AO2 SLP163 T00890033 10089 20067 56012 (NAB)","FM-15","7",,,,,,,,,,,,,,,,,,,,,,,,,,,
"72493023230","2015-12-28T16:53:00","FM-15","7",,,,,,,,,,,,,,,,,,,,,,,,,,,,,,,,,,,,,,,"30.01","38","46","0.00",,,,"73","30.01","FEW:02 32","29.91","10.00","42","140",,"7",,,,,,,,,,,,,,,,,,,,,,,,,,,,,,,,,,,,,"MET09312/28/15 16:53:01 METAR KOAK 290053Z 14006KT 10SM FEW032 08/03 A3001 RMK AO2 SLP162 T00780033","FM-15","7",,,,,,,,,,,,,,,,,,,,,,,,,,,
"72493023230","2015-12-28T17:53:00","FM-15","7",,,,,,,,,,,,,,,,,,,,,,,,,,,,,,,,,,,,,,,"30.01","38","44","0.00",,,,"79","30.01","FEW:02 26","29.91","10.00","41","140",,"5",,,,,,,,,,,,,,,,,,,,,,,,,,,,,,,,,,,,,"MET09312/28/15 17:53:01 METAR KOAK 290153Z 14004KT 10SM FEW026 07/03 A3001 RMK AO2 SLP161 T00670033","FM-15","7",,,,,,,,,,,,,,,,,,,,,,,,,,,
"72493023230","2015-12-28T18:53:00","FM-15","7",,,,,,,,,,,,,,,,,,,,,,,,,,,,,,,,,,,,,,,"30.02","37","42","0.00",,"-0.01","3","82","30.02","CLR:00","29.92","10.00","40","000",,"0",,,,,,,,,,,,,,,,,,,,,,,,,,,,,,,,,,,,,"MET09612/28/15 18:53:02 METAR KOAK 290253Z 00000KT 10SM CLR 06/03 A3002 RMK AO2 SLP165 T00560028 53002","FM-15","7",,,,,,,,,,,,,,,,,,,,,,,,,,,
"72493023230","2015-12-28T19:53:00","FM-15","7",,,,,,,,,,,,,,,,,,,,,,,,,,,,,,,,,,,,,,,"30.03","36","40","0.00",,,,"86","30.02","CLR:00","29.93","10.00","38","050",,"5",,,,,,,,,,,,,,,,,,,,,,,,,,,,,,,,,,,,,"MET09012/28/15 19:53:02 METAR KOAK 290353Z 05004KT 10SM CLR 04/02 A3003 RMK AO2 SLP167 T00440022","FM-15","7",,,,,,,,,,,,,,,,,,,,,,,,,,,
"72493023230","2015-12-28T20:53:00","FM-15","7",,,,,,,,,,,,,,,,,,,,,,,,,,,,,,,,,,,,,,,"30.03","36","39","0.00",,,,"89","30.02","CLR:00","29.93","10.00","38","070",,"5",,,,,,,,,,,,,,,,,,,,,,,,,,,,,,,,,,,,,"MET09012/28/15 20:53:02 METAR KOAK 290453Z 07004KT 10SM CLR 04/02 A3003 RMK AO2 SLP167 T00390022","FM-15","7",,,,,,,,,,,,,,,,,,,,,,,,,,,
"72493023230","2015-12-28T21:53:00","FM-15","7",,,,,,,,,,,,,,,,,,,,,,,,,,,,,,,,,,,,,,,"30.03","35","39","0.00",,"-0.01","1","86","30.03","CLR:00","29.93","10.00","37","000",,"0",,,,,,,,,,,,,,,,,,,,,,,,,,,,,,,,,,,,,"MET10812/28/15 21:53:02 METAR KOAK 290553Z 00000KT 10SM CLR 04/02 A3003 RMK AO2 SLP168 T00390017 10089 20033 51003","FM-15","7",,,,,,,,,,,,,,,,,,,,,,,,,,,
"72493023230","2015-12-28T22:53:00","FM-15","7",,,,,,,,,,,,,,,,,,,,,,,,,,,,,,,,,,,,,,,"30.04","35","39","0.00",,,,"86","30.03","CLR:00","29.94","10.00","37","140",,"6",,,,,,,,,,,,,,,,,,,,,,,,,,,,,,,,,,,,,"MET09012/28/15 22:53:02 METAR KOAK 290653Z 14005KT 10SM CLR 04/02 A3004 RMK AO2 SLP170 T00390017","FM-15","7",,,,,,,,,,,,,,,,,,,,,,,,,,,
"72493023230","2015-12-28T23:53:00","FM-15","7",,,,,,,,,,,,,,,,,,,,,,,,,,,,,,,,,,,,,,,"30.04","34","38","0.00",,,,"86","30.04","CLR:00","29.94","9.00","36","040",,"3",,,,,,,,,,,,,,,,,,,,,,,,,,,,,,,,,,,,,"MET09912/28/15 23:53:02 METAR KOAK 290753Z 04003KT 9SM CLR 03/01 A3004 RMK AO2 SLP172 T00330011 400890022","FM-15","7",,,,,,,,,,,,,,,,,,,,,,,,,,,
"72493023230","2015-12-28T23:59:00","SOD  ","6",,,,,,,,,,,,,,,,,,"42",,,"29.96",,"4.8","0","-6.3","23","48","36","030","17","0.04","0",,"030","14","RA BR",,,,,,,,,,,,,,,,,,,,,,,,,,,,,,,,,,,,,,,,,,,,,,,,,,,,,,,"SOD73024 HR PRECIPITATION (IN): 0.04 SNOW DEPTH (IN):0    WEATHER(CODE):1  24 HR MAX TEMP (F): 4824 HR MIN TEMP (F): 36AVERAGE STATION PRESSURE:29.960 MINIMUM SEA LEVEL PRESSURE:30.00 TIME OF OCCURRENCE:1744 PEAK WIND SPEED (MPH): 17 PEAK WIND DIR (DEG): 30 PEAK WIND TIME (LST):      FASTEST 2MIN SPEED (MPH): 14FASTEST 2MIN DIR (DEG): 30 FASTEST 2MIN TIME (LST):     AVERAGE WIND SPEED (MPH): 4.8 24 HR AVG TEMP (F): 42DEPART FROM NORMAL: -6  HEATING DEGREE DAYS: 23 COOLING DEGREE DAYS:  0 LATEST DAY MAX TEMP (0700-1900 LST):48  LATEST NIGHT MIN TEMP(1900-0800 LST):36 HOURLY INCREMENTAL PRECIPITATION VALUES (IN):.02 0.02 T    T    0.00 0.00 0.00 0.00 0.00 0.00 0.00 0.00 0.00 0.00 0.00 0.00 0.00 0.00 0.00 0.00 0.00 0.00 0.00 0.00","SOD  ","6",,,,,,,,,,,,,,,,,,,,,,,,,"0723","1658",
"72493023230","2015-12-29T00:53:00","FM-15","7",,,,,,,,,,,,,,,,,,,,,,,,,,,,,,,,,,,,,,,"30.05","33","37","0.00",,"-0.02","1","86","30.04","CLR:00","29.96","10.00","35","050",,"6",,,,,,,,,,,,,,,,,,,,,,,,,,,,,,,,,,,,,"MET10112/29/15 00:53:02 METAR KOAK 290853Z 05005KT 10SM CLR 03/01 A3005 RMK AO2 SLP174 T00280006 51006 (DB)","FM-15","7",,,,,,,,,,,,,,,,,,,,,,,,,,,
"72493023230","2015-12-29T01:53:00","FM-15","7",,,,,,,,,,,,,,,,,,,,,,,,,,,,,,,,,,,,,,,"30.04","33","37","0.00",,,,"86","30.03","CLR:00","29.94","10.00","35","060",,"5",,,,,,,,,,,,,,,,,,,,,,,,,,,,,,,,,,,,,"MET09512/29/15 01:53:02 METAR KOAK 290953Z 06004KT 10SM CLR 03/01 A3004 RMK AO2 SLP171 T00280006 (DB)","FM-15","7",,,,,,,,,,,,,,,,,,,,,,,,,,,
"72493023230","2015-12-29T02:53:00","FM-15","7",,,,,,,,,,,,,,,,,,,,,,,,,,,,,,,,,,,,,,,"30.04","33","36","0.00",,,,"89","30.04","CLR:00","29.94","10.00","35","000",,"0",,,,,,,,,,,,,,,,,,,,,,,,,,,,,,,,,,,,,"MET09512/29/15 02:53:02 METAR KOAK 291053Z 00000KT 10SM CLR 02/01 A3004 RMK AO2 SLP172 T00220006 (DB)","FM-15","7",,,,,,,,,,,,,,,,,,,,,,,,,,,
"72493023230","2015-12-29T03:53:00","FM-15","7",,,,,,,,,,,,,,,,,,,,,,,,,,,,,,,,,,,,,,,"30.05","32","35","0.00",,"-0.00","3","89","30.05","CLR:00","29.96","9.00","34","000",,"0",,,,,,,,,,,,,,,,,,,,,,,,,,,,,,,,,,,,,"MET11212/29/15 03:53:02 METAR KOAK 291153Z 00000KT 9SM CLR 02/00 A3005 RMK AO2 SLP175 T00170000 10050 20017 53000 (DB)","FM-15","7",,,,,,,,,,,,,,,,,,,,,,,,,,,
"72493023230","2015-12-29T04:53:00","FM-15","7",,,,,,,,,,,,,,,,,,,,,,,,,,,,,,,,,,,,,,,"30.06","31","34","0.00",,,,"89","30.05","CLR:00","29.96","7.00","33","050",,"5",,,,,,,,,,,,,,,,,,,,,,,,,,,,,,,,,,,,,"MET09512/29/15 04:53:02 METAR KOAK 291253Z 05004KT 7SM CLR 01/M01 A3006 RMK AO2 SLP177 T00111006 (DB)","FM-15","7",,,,,,,,,,,,,,,,,,,,,,,,,,,
"72493023230","2015-12-29T05:53:00","FM-15","7",,,,,,,,,,,,,,,,,,,,,,,,,,,,,,,,,,,,,,,"30.07","32","35","0.00",,,,"89","30.06","CLR:00","29.97","10.00","34","000",,"0",,,,,,,,,,,,,,,,,,,,,,,,,,,,,,,,,,,,,"MET09512/29/15 05:53:02 METAR KOAK 291353Z 00000KT 10SM CLR 02/00 A3007 RMK AO2 SLP180 T00170000 (DB)","FM-15","7",,,,,,,,,,,,,,,,,,,,,,,,,,,
"72493023230","2015-12-29T06:53:00","FM-15","7",,,,,,,,,,,,,,,,,,,,,,,,,,,,,,,,,,,,,,,"30.10","31","33","0.00",,"-0.05","3","92","30.09","CLR:00","30.00","10.00","32","030",,"5",,,,,,,,,,,,,,,,,,,,,,,,,,,,,,,,,,,,,"MET10212/29/15 06:53:02 METAR KOAK 291453Z 03004KT 10SM CLR 01/M01 A3010 RMK AO2 SLP190 T00061006 53016 (DB)","FM-15","7",,,,,,,,,,,,,,,,,,,,,,,,,,,
"72493023230","2015-12-29T07:53:00","FM-15","7",,,,,,,,,,,,,,,,,,,,,,,,,,,,,,,,,,,,,,,"30.11","31","34","0.00",,,,"89","30.11","FEW:02 20","30.01","10.00","33","070",,"5",,,,,,,,,,,,,,,,,,,,,,,,,,,,,,,,,,,,,"MET09912/29/15 07:53:02 METAR KOAK 291553Z 07004KT 10SM FEW020 01/M01 A3011 RMK AO2 SLP196 T00111006 (LM)","FM-15","7",,,,,,,,,,,,,,,,,,,,,,,,,,,
"72493023230","2015-12-29T08:53:00","FM-15","7",,,,,,,,,,,,,,,,,,,,,,,,,,,,,,,,,,,,,,,"30.13","37","41","0.00",,,,"86","30.13","FEW:02 20","30.03","10.00","39","090",,"3",,,,,,,,,,,,,,,,,,,,,,,,,,,,,,,,,,,,,"MET09812/29/15 08:53:02 METAR KOAK 291653Z 09003KT 10SM FEW020 05/03 A3013 RMK AO2 SLP203 T00500028 (LM)","FM-15","7",,,,,,,,,,,,,,,,,,,,,,,,,,,
"72493023230","2015-12-29T09:53:00","FM-15","7",,,,,,,,,,,,,,,,,,,,,,,,,,,,,,,,,,,,,,,"30.16","39","45","0.00",,"-0.07","3","80","30.16","FEW:02 20 SCT:04 180","30.06","10.00","42","170",,"6",,,,,,,,,,,,,,,,,,,,,,,,,,,,,,,,,,,,,"MET12312/29/15 09:53:02 METAR KOAK 291753Z 17005KT 10SM FEW020 SCT180 07/04 A3016 RMK AO2 SLP213 T00720039 10072 20000 53023 (LM)","FM-15","7",,,,,,,,,,,,,,,,,,,,,,,,,,,
"72493023230","2015-12-29T10:53:00","FM-15","7",,,,,,,,,,,,,,,,,,,,,,,,,,,,,,,,,,,,,,,"30.16","40","47","0.00",,,,"77","30.16","FEW:02 20 FEW:02 180","30.06","10.00","44","170",,"6",,,,,,,,,,,,,,,,,,,,,,,,,,,,,,,,,,,,,"MET10512/29/15 10:53:02 METAR KOAK 291853Z 17005KT 10SM FEW020 FEW180 08/04 A3016 RMK AO2 SLP212 T00830044 (LM)","FM-15","7",,,,,,,,,,,,,,,,,,,,,,,,,,,
"72493023230","2015-12-29T11:53:00","FM-15","7",,,,,,,,,,,,,,,,,,,,,,,,,,,,,,,,,,,,,,,"30.14","39","48","0.00",,,,"71","30.14","FEW:02 20","30.04","10.00","44","220",,"6",,,,,,,,,,,,,,,,,,,,,,,,,,,,,,,,,,,,,"MET09812/29/15 11:53:02 METAR KOAK 291953Z 22005KT 10SM FEW020 09/04 A3014 RMK AO2 SLP205 T00890039 (LM)","FM-15","7",,,,,,,,,,,,,,,,,,,,,,,,,,,
"72493023230","2015-12-29T12:53:00","FM-15","7",,,,,,,,,,,,,,,,,,,,,,,,,,,,,,,,,,,,,,,"30.13","37","50","0.00",,"+0.03","8","61","30.13","CLR:00","30.03","10.00","44","260",,"7",,,,,,,,,,,,,,,,,,,,,,,,,,,,,,,,,,,,,"MET10112/29/15 12:53:02 METAR KOAK 292053Z 26006KT 10SM CLR 10/03 A3013 RMK AO2 SLP203 T01000028 58010 (LM)","FM-15","7",,,,,,,,,,,,,,,,,,,,,,,,,,,
"72493023230","2015-12-29T13:53:00","FM-15","7",,,,,,,,,,,,,,,,,,,,,,,,,,,,,,,,,,,,,,,"30.12","37","50","0.00",,,,"61","30.12","CLR:00","30.02","10.00","44","240",,"6",,,,,,,,,,,,,,,,,,,,,,,,,,,,,,,,,,,,,"MET09512/29/15 13:53:02 METAR KOAK 292153Z 24005KT 10SM CLR 10/03 A3012 RMK AO2 SLP200 T01000028 (LM)","FM-15","7",,,,,,,,,,,,,,,,,,,,,,,,,,,
"72493023230","2015-12-29T14:53:00","FM-15","7",,,,,,,,,,,,,,,,,,,,,,,,,,,,,,,,,,,,,,,"30.12","35","52","0.00",,,,"53","30.12","FEW:02 20","30.02","10.00","44","240",,"5",,,,,,,,,,,,,,,,,,,,,,,,,,,,,,,,,,,,,"MET09812/29/15 14:53:02 METAR KOAK 292253Z 24004KT 10SM FEW020 11/02 A3012 RMK AO2 SLP201 T01110017 (LM)","FM-15","7",,,,,,,,,,,,,,,,,,,,,,,,,,,
"72493023230","2015-12-29T15:53:00","FM-15","7",,,,,,,,,,,,,,,,,,,,,,,,,,,,,,,,,,,,,,,"30.12","35","52","0.00",,"+0.01","6","53","30.12","CLR:00","30.02","10.00","44","220",,"5",,,,,,,,,,,,,,,,,,,,,,,,,,,,,,,,,,,,,"MET11412/29/15 15:53:02 METAR KOAK 292353Z 22004KT 10SM CLR 11/02 A3012 RMK AO2 SLP200 T01110017 10111 20072 56003 (ALT)","FM-15","7",,,,,,,,,,,,,,,,,,,,,,,,,,,
"72493023230","2015-12-29T16:53:00","FM-15","7",,,,,,,,,,,,,,,,,,,,,,,,,,,,,,,,,,,,,,,"30.13","40","50","0.00",,,,"68","30.13","CLR:00","30.03","10.00","45","190",,"6",,,,,,,,,,,,,,,,,,,,,,,,,,,,,,,,,,,,,"MET09012/29/15 16:53:01 METAR KOAK 300053Z 19005KT 10SM CLR 10/04 A3013 RMK AO2 SLP202 T01000044","FM-15","7",,,,,,,,,,,,,,,,,,,,,,,,,,,
"72493023230","2015-12-29T17:53:00","FM-15","7",,,,,,,,,,,,,,,,,,,,,,,,,,,,,,,,,,,,,,,"30.14","37","45","0.00",,,,"74","30.14","CLR:00","30.04","10.00","41","050",,"3",,,,,,,,,,,,,,,,,,,,,,,,,,,,,,,,,,,,,"MET09012/29/15 17:53:01 METAR KOAK 300153Z 05003KT 10SM CLR 07/03 A3014 RMK AO2 SLP205 T00720028","FM-15","7",,,,,,,,,,,,,,,,,,,,,,,,,,,
"72493023230","2015-12-29T18:53:00","FM-15","7",,,,,,,,,,,,,,,,,,,,,,,,,,,,,,,,,,,,,,,"30.15","35","46","0.00",,"-0.03","3","66","30.15","CLR:00","30.05","10.00","41","000",,"0",,,,,,,,,,,,,,,,,,,,,,,,,,,,,,,,,,,,,"MET09612/29/15 18:53:01 METAR KOAK 300253Z 00000KT 10SM CLR 08/02 A3015 RMK AO2 SLP209 T00780017 53009","FM-15","7",,,,,,,,,,,,,,,,,,,,,,,,,,,
"72493023230","2015-12-29T19:53:00","FM-15","7",,,,,,,,,,,,,,,,,,,,,,,,,,,,,,,,,,,,,,,"30.16","34","41","0.00",,,,"76","30.16","CLR:00","30.06","10.00","38","070",,"5",,,,,,,,,,,,,,,,,,,,,,,,,,,,,,,,,,,,,"MET09012/29/15 19:53:02 METAR KOAK 300353Z 07004KT 10SM CLR 05/01 A3016 RMK AO2 SLP212 T00500011","FM-15","7",,,,,,,,,,,,,,,,,,,,,,,,,,,
"72493023230","2015-12-29T20:53:00","FM-15","7",,,,,,,,,,,,,,,,,,,,,,,,,,,,,,,,,,,,,,,"30.18","33","40","0.00",,,,"77","30.17","CLR:00","30.08","10.00","37","070",,"5",,,,,,,,,,,,,,,,,,,,,,,,,,,,,,,,,,,,,"MET09012/29/15 20:53:02 METAR KOAK 300453Z 07004KT 10SM CLR 04/01 A3018 RMK AO2 SLP218 T00440006","FM-15","7",,,,,,,,,,,,,,,,,,,,,,,,,,,
"72493023230","2015-12-29T21:53:00","FM-15","7",,,,,,,,,,,,,,,,,,,,,,,,,,,,,,,,,,,,,,,"30.19","32","38","0.00",,"-0.04","3","79","30.19","CLR:00","30.09","10.00","36","050",,"5",,,,,,,,,,,,,,,,,,,,,,,,,,,,,,,,,,,,,"MET10812/29/15 21:53:02 METAR KOAK 300553Z 05004KT 10SM CLR 03/00 A3019 RMK AO2 SLP223 T00330000 10111 20033 53013","FM-15","7",,,,,,,,,,,,,,,,,,,,,,,,,,,
"72493023230","2015-12-29T22:53:00","FM-15","7",,,,,,,,,,,,,,,,,,,,,,,,,,,,,,,,,,,,,,,"30.19","33","39","0.00",,,,"79","30.19","CLR:00","30.09","10.00","37","120",,"7",,,,,,,,,,,,,,,,,,,,,,,,,,,,,,,,,,,,,"MET09012/29/15 22:53:02 METAR KOAK 300653Z 12006KT 10SM CLR 04/01 A3019 RMK AO2 SLP223 T00390006","FM-15","7",,,,,,,,,,,,,,,,,,,,,,,,,,,
"72493023230","2015-12-29T23:53:00","FM-15","7",,,,,,,,,,,,,,,,,,,,,,,,,,,,,,,,,,,,,,,"30.20","33","40","0.00",,,,"77","30.20","CLR:00","30.10","10.00","37","120",,"8",,,,,,,,,,,,,,,,,,,,,,,,,,,,,,,,,,,,,"MET10012/29/15 23:53:02 METAR KOAK 300753Z 12007KT 10SM CLR 04/01 A3020 RMK AO2 SLP227 T00440006 401110000","FM-15","7",,,,,,,,,,,,,,,,,,,,,,,,,,,
"72493023230","2015-12-29T23:59:00","SOD  ","6",,,,,,,,,,,,,,,,,,"42",,,"30.03",,"4.4","0","-6.3","23","52","32","130","12","0.00","0","0.0","130","10",,,,,,,,,,,,,,,,,,,,,,,,,,,,,,,,,,,,,,,,,,,,,,,,,,,,,,,,"SOD73924 HR PRECIPITATION (IN): 0.00 SNOW DEPTH (IN):0     24 HR SNOWFALL (IN):0.0  24 HR MAX TEMP (F): 5224 HR MIN TEMP (F): 32AVERAGE STATION PRESSURE:30.025 MINIMUM SEA LEVEL PRESSURE:30.03 TIME OF OCCURRENCE:0232 PEAK WIND SPEED (MPH): 12 PEAK WIND DIR (DEG):130 PEAK WIND TIME (LST):      FASTEST 2MIN SPEED (MPH): 10FASTEST 2MIN DIR (DEG):130 FASTEST 2MIN TIME (LST):     AVERAGE WIND SPEED (MPH): 4.4 24 HR AVG TEMP (F): 42DEPART FROM NORMAL: -6  HEATING DEGREE DAYS: 23 COOLING DEGREE DAYS:  0 LATEST DAY MAX TEMP (0700-1900 LST):52  LATEST NIGHT MIN TEMP(1900-0800 LST):32 HOURLY INCREMENTAL PRECIPITATION VALUES (IN):.00 0.00 0.00 0.00 0.00 0.00 0.00 0.00 0.00 0.00 0.00 0.00 0.00 0.00 0.00 0.00 0.00 0.00 0.00 0.00 0.00 0.00 0.00 0.00","SOD  ","6",,,,,,,,,,,,,,,,,,,,,,,,,"0724","1658",
"72493023230","2015-12-30T00:53:00","FM-15","7",,,,,,,,,,,,,,,,,,,,,,,,,,,,,,,,,,,,,,,"30.20","32","41","0.00",,"-0.01","1","70","30.20","CLR:00","30.10","10.00","37","120",,"9",,,,,,,,,,,,,,,,,,,,,,,,,,,,,,,,,,,,,"MET10112/30/15 00:53:02 METAR KOAK 300853Z 12008KT 10SM CLR 05/00 A3020 RMK AO2 SLP227 T00500000 51004 (DB)","FM-15","7",,,,,,,,,,,,,,,,,,,,,,,,,,,
"72493023230","2015-12-30T01:53:00","FM-15","7",,,,,,,,,,,,,,,,,,,,,,,,,,,,,,,,,,,,,,,"30.20","31","40","0.00",,,,"70","30.20","FEW:02 30","30.10","10.00","36","130",,"7",,,,,,,,,,,,,,,,,,,,,,,,,,,,,,,,,,,,,"MET09912/30/15 01:53:02 METAR KOAK 300953Z 13006KT 10SM FEW030 04/M01 A3020 RMK AO2 SLP228 T00441006 (DB)","FM-15","7",,,,,,,,,,,,,,,,,,,,,,,,,,,
"72493023230","2015-12-30T02:53:00","FM-15","7",,,,,,,,,,,,,,,,,,,,,,,,,,,,,,,,,,,,,,,"30.22","30","37","0.00",,,,"76","30.22","CLR:00","30.12","10.00","34","080",,"5",,,,,,,,,,,,,,,,,,,,,,,,,,,,,,,,,,,,,"MET09612/30/15 02:53:02 METAR KOAK 301053Z 08004KT 10SM CLR 03/M01 A3022 RMK AO2 SLP233 T00281011 (DB)","FM-15","7",,,,,,,,,,,,,,,,,,,,,,,,,,,
"72493023230","2015-12-30T03:53:00","FM-15","7",,,,,,,,,,,,,,,,,,,,,,,,,,,,,,,,,,,,,,,"30.23","31","38","0.00",,"-0.02","3","76","30.22","CLR:00","30.13","10.00","35","100",,"5",,,,,,,,,,,,,,,,,,,,,,,,,,,,,,,,,,,,,"MET11412/30/15 03:53:02 METAR KOAK 301153Z 10004KT 10SM CLR 03/M01 A3023 RMK AO2 SLP235 T00331006 10050 20028 53008 (DB)","FM-15","7",,,,,,,,,,,,,,,,,,,,,,,,,,,
"72493023230","2015-12-30T04:53:00","FM-15","7",,,,,,,,,,,,,,,,,,,,,,,,,,,,,,,,,,,,,,,"30.23","30","37","0.00",,,,"76","30.23","CLR:00","30.13","10.00","34","090",,"3",,,,,,,,,,,,,,,,,,,,,,,,,,,,,,,,,,,,,"MET09612/30/15 04:53:02 METAR KOAK 301253Z 09003KT 10SM CLR 03/M01 A3023 RMK AO2 SLP237 T00281011 (DB)","FM-15","7",,,,,,,,,,,,,,,,,,,,,,,,,,,
"72493023230","2015-12-30T05:53:00","FM-15","7",,,,,,,,,,,,,,,,,,,,,,,,,,,,,,,,,,,,,,,"30.25","31","35","0.00",,,,"85","30.24","CLR:00","30.15","10.00","33","130",,"3",,,,,,,,,,,,,,,,,,,,,,,,,,,,,,,,,,,,,"MET09612/30/15 05:53:02 METAR KOAK 301353Z 13003KT 10SM CLR 02/M01 A3025 RMK AO2 SLP242 T00171006 (DB)","FM-15","7",,,,,,,,,,,,,,,,,,,,,,,,,,,
"72493023230","2015-12-30T06:53:00","FM-15","7",,,,,,,,,,,,,,,,,,,,,,,,,,,,,,,,,,,,,,,"30.25","32","36","0.00",,"-0.03","3","86","30.25","FEW:02 30","30.15","10.00","34","000",,"0",,,,,,,,,,,,,,,,,,,,,,,,,,,,,,,,,,,,,"MET10412/30/15 06:53:02 METAR KOAK 301453Z 00000KT 10SM FEW030 02/00 A3025 RMK AO2 SLP244 T00220000 53009 (DB)","FM-15","7",,,,,,,,,,,,,,,,,,,,,,,,,,,
"72493023230","2015-12-30T07:53:00","FM-15","7",,,,,,,,,,,,,,,,,,,,,,,,,,,,,,,,,,,,,,,"30.27","34","39","0.00",,,,"82","30.27","SCT:04 30 SCT:04 110","30.17","10.00","37","110",,"5",,,,,,,,,,,,,,,,,,,,,,,,,,,,,,,,,,,,,"MET10512/30/15 07:53:02 METAR KOAK 301553Z 11004KT 10SM SCT030 SCT110 04/01 A3027 RMK AO2 SLP249 T00390011 (LM)","FM-15","7",,,,,,,,,,,,,,,,,,,,,,,,,,,
"72493023230","2015-12-30T08:53:00","FM-15","7",,,,,,,,,,,,,,,,,,,,,,,,,,,,,,,,,,,,,,,"30.28","35","43","T","-RA:02 |RA |",,,"74","30.28","BKN:07 30 OVC:08 35","30.18","10.00","40","130",,"5",,,,,,,,,,,,,,,,,,,,,,,,,,,,,,,,,,,,,"MET12112/30/15 08:53:02 METAR KOAK 301653Z 13004KT 10SM -RA BKN030 OVC035 06/02 A3028 RMK AO2 RAB39 SLP254 P0000 T00610017 (LM)","FM-15","7",,,,,,,,,,,,,,,,,,,,,,,,,,,
"72493023230","2015-12-30T09:16:00","FM-16","7",,,,,,,,,,,,,,,,,,,,,,,,,,,,,,,,,,,,,,,"30.29","36","44","T",,,,"73",,"OVC:08 28","30.19","10.00","41","150",,"6",,,,,,,,,,,,,,,,,,,,,,,,,,,,,,,,,,,,,"MET10512/30/15 09:16:02 SPECI KOAK 301716Z 15005KT 10SM OVC028 07/02 A3029 RMK AO2 RAE1656 P0000 T00670022 (LM)","FM-16","7",,,,,,,,,,,,,,,,,,,,,,,,,,,
"72493023230","2015-12-30T09:53:00","FM-15","7",,,,,,,,,,,,,,,,,,,,,,,,,,,,,,,,,,,,,,,"30.29","36","45","0.00",,"-0.04","1","71","30.29","OVC:08 26","30.19","10.00","41","130",,"7",,,,,,,,,,,,,,,,,,,,,,,,,,,,,,,,,,,,,"MET13612/30/15 09:53:02 METAR KOAK 301753Z 13006KT 10SM OVC026 07/02 A3029 RMK AO2 RAE1656 SLP256 P0000 60000 T00720022 10072 20011 51012 (LM)","FM-15","7",,,,,,,,,,,,,,,,,,,,,,,,,,,
"72493023230","2015-12-30T10:21:00","FM-16","7",,,,,,,,,,,,,,,,,,,,,,,,,,,,,,,,,,,,,,,"30.28","37","47",,,,,"69",,"SCT:04 23 BKN:07 30 OVC:08 40","30.18","10.00","43","120",,"9",,,,,,,,,,,,,,,,,,,,,,,,,,,,,,,,,,,,,"MET10512/30/15 10:21:02 SPECI KOAK 301821Z 12008KT 10SM SCT023 BKN030 OVC040 08/03 A3028 RMK AO2 T00830028 (LM)","FM-16","7",,,,,,,,,,,,,,,,,,,,,,,,,,,
"72493023230","2015-12-30T10:53:00","FM-15","7",,,,,,,,,,,,,,,,,,,,,,,,,,,,,,,,,,,,,,,"30.28","38","48","0.00",,,,"68","30.27","SCT:04 23 BKN:07 37 OVC:08 55","30.18","10.00","43","160",,"8",,,,,,,,,,,,,,,,,,,,,,,,,,,,,,,,,,,,,"MET11212/30/15 10:53:02 METAR KOAK 301853Z 16007KT 10SM SCT023 BKN037 OVC055 09/03 A3028 RMK AO2 SLP252 T00890033 (LM)","FM-15","7",,,,,,,,,,,,,,,,,,,,,,,,,,,
"72493023230","2015-12-30T11:53:00","FM-15","7",,,,,,,,,,,,,,,,,,,,,,,,,,,,,,,,,,,,,,,"30.26","38","49","0.00",,,,"66","30.26","SCT:04 25 BKN:07 30 OVC:08 33","30.16","10.00","44","180",,"6",,,,,,,,,,,,,,,,,,,,,,,,,,,,,,,,,,,,,"MET11212/30/15 11:53:02 METAR KOAK 301953Z 18005KT 10SM SCT025 BKN030 OVC033 09/03 A3026 RMK AO2 SLP246 T00940033 (LM)","FM-15","7",,,,,,,,,,,,,,,,,,,,,,,,,,,
"72493023230","2015-12-30T12:11:00","FM-16","7",,,,,,,,,,,,,,,,,,,,,,,,,,,,,,,,,,,,,,,"30.25","39","49",,,,,"69",,"OVC:08 20","30.15","10.00","44","220",,"3",,,,,,,,,,,,,,,,,,,,,,,,,,,,,,,,,,,,,"MET09112/30/15 12:11:02 SPECI KOAK 302011Z 22003KT 10SM OVC020 09/04 A3025 RMK AO2 T00940039 (LM)","FM-16","7",,,,,,,,,,,,,,,,,,,,,,,,,,,
"72493023230","2015-12-30T12:53:00","FM-15","7",,,,,,,,,,,,,,,,,,,,,,,,,,,,,,,,,,,,,,,"30.24","41","52","0.00",,"+0.05","8","66","30.24","BKN:07 24 OVC:08 33","30.14","10.00","47","VRB",,"5",,,,,,,,,,,,,,,,,,,,,,,,,,,,,,,,,,,,,"MET11112/30/15 12:53:02 METAR KOAK 302053Z VRB04KT 10SM BKN024 OVC033 11/05 A3024 RMK AO2 SLP239 T01110050 58016 (LM)","FM-15","7",,,,,,,,,,,,,,,,,,,,,,,,,,,
"72493023230","2015-12-30T13:53:00","FM-15","7",,,,,,,,,,,,,,,,,,,,,,,,,,,,,,,,,,,,,,,"30.22","43","51","0.00",,,,"74","30.22","OVC:08 22","30.12","10.00","47","010",,"9",,,,,,,,,,,,,,,,,,,,,,,,,,,,,,,,,,,,,"MET09812/30/15 13:53:02 METAR KOAK 302153Z 01008KT 10SM OVC022 11/06 A3022 RMK AO2 SLP234 T01060061 (LM)","FM-15","7",,,,,,,,,,,,,,,,,,,,,,,,,,,
"72493023230","2015-12-30T14:53:00","FM-15","7",,,,,,,,,,,,,,,,,,,,,,,,,,,,,,,,,,,,,,,"30.22","40","49","0.00",,,,"71","30.22","OVC:08 24","30.12","10.00","45","020",,"11",,,,,,,,,,,,,,,,,,,,,,,,,,,,,,,,,,,,,"MET09812/30/15 14:53:02 METAR KOAK 302253Z 02010KT 10SM OVC024 09/04 A3022 RMK AO2 SLP234 T00940044 (LM)","FM-15","7",,,,,,,,,,,,,,,,,,,,,,,,,,,
"72493023230","2015-12-30T15:53:00","FM-15","7",,,,,,,,,,,,,,,,,,,,,,,,,,,,,,,,,,,,,,,"30.23","41","47","T","-RA:02 |RA |","+0.01","5","80","30.23","OVC:08 24","30.13","4.00","44","030",,"13",,,,,,,,,,,,,,,,,,,,,,,,,,,,,,,,,,,,,"MET13812/30/15 15:53:02 METAR KOAK 302353Z 03011KT 4SM -RA OVC024 08/05 A3023 RMK AO2 RAB46 SLP236 P0000 60000 T00830050 10117 20072 55004 (ALT)","FM-15","7",,,,,,,,,,,,,,,,,,,,,,,,,,,
"72493023230","2015-12-30T16:06:00","FM-16","7",,,,,,,,,,,,,,,,,,,,,,,,,,,,,,,,,,,,,,,"30.23","41","46","T","-RA:02 BR:1 |RA |",,,"83",,"OVC:08 24","30.13","2.50","44","020",,"10",,,,,,,,,,,,,,,,,,,,,,,,,,,,,,,,,,,,,"MET11812/30/15 16:06:03 SPECI KOAK 310006Z 02009KT 2 1/2SM -RA BR OVC024 08/05 A3023 RMK AO2 SFC VIS 4 P0000 T00780050 (ALT)","FM-16","7",,,,,,,,,,,,,,,,,,,,,,,,,,,
"72493023230","2015-12-30T16:20:00","FM-16","7",,,,,,,,,,,,,,,,,,,,,,,,,,,,,,,,,,,,,,,"30.22","41","46","T",,,,"83",,"BKN:07 26 OVC:08 37","30.12","7.00","44","030",,"11",,,,,,,,,,,,,,,,,,,,,,,,,,,,,,,,,,,,,"MET11012/30/15 16:20:03 SPECI KOAK 310020Z 03010KT 7SM BKN026 OVC037 08/05 A3022 RMK AO2 RAE13 P0000 T00780050 (ALT)","FM-16","7",,,,,,,,,,,,,,,,,,,,,,,,,,,
"72493023230","2015-12-30T16:53:00","FM-15","7",,,,,,,,,,,,,,,,,,,,,,,,,,,,,,,,,,,,,,,"30.23","41","47","T",,,,"80","30.22","OVC:08 25","30.13","8.00","44","030",,"10",,,,,,,,,,,,,,,,,,,,,,,,,,,,,,,,,,,,,"MET11012/30/15 16:53:03 METAR KOAK 310053Z 03009KT 8SM OVC025 08/05 A3023 RMK AO2 RAE13 SLP235 P0000 T00830050 (ALT)","FM-15","7",,,,,,,,,,,,,,,,,,,,,,,,,,,
"72493023230","2015-12-30T17:53:00","FM-15","7",,,,,,,,,,,,,,,,,,,,,,,,,,,,,,,,,,,,,,,"30.23","39","47","0.00",,,,"74","30.23","BKN:07 22 OVC:08 34","30.13","10.00","43","030",,"6",,,,,,,,,,,,,,,,,,,,,,,,,,,,,,,,,,,,,"MET10612/30/15 17:53:03 METAR KOAK 310153Z 03005KT 10SM BKN022 OVC034 08/04 A3023 RMK AO2 SLP237 T00830039 (ALT)","FM-15","7",,,,,,,,,,,,,,,,,,,,,,,,,,,
"72493023230","2015-12-30T18:51:00","FM-16","6",,,,,,,,,,,,,,,,,,,,,,,,,,,,,,,,,,,,,,,"30.24","39","46",,,,,"76",,"SCT:04 25 OVC:08 43","30.14","10.00","43","040",,"5",,,,,,,,,,,,,,,,,,,,,,,,,,,,,,,,,,,,,"MET09412/30/15 18:51:03 SPECI KOAK 310251Z 04004KT 10SM SCT025 OVC043 08/04 A3024 RMK AO2 FIBI (ALT)","FM-16","6",,,,,,,,,,,,,,,,,,,,,,,,,,,
"72493023230","2015-12-30T18:53:00","FM-15","7",,,,,,,,,,,,,,,,,,,,,,,,,,,,,,,,,,,,,,,"30.23","39","47","0.00",,"-0.01","3","74","30.23","SCT:04 25 OVC:08 43","30.13","10.00","43","050",,"6",,,,,,,,,,,,,,,,,,,,,,,,,,,,,,,,,,,,,"MET11812/30/15 18:53:03 METAR KOAK 310253Z 05005KT 10SM SCT025 OVC043 08/04 A3023 RMK AO2 SLP238 60000 T00830039 53002 (ALT)","FM-15","7",,,,,,,,,,,,,,,,,,,,,,,,,,,
"72493023230","2015-12-30T19:53:00","FM-15","7",,,,,,,,,,,,,,,,,,,,,,,,,,,,,,,,,,,,,,,"30.24","37","47","0.00",,,,"69","30.24","FEW:02 15 OVC:08 43","30.14","10.00","43","060",,"9",,,,,,,,,,,,,,,,,,,,,,,,,,,,,,,,,,,,,"MET10612/30/15 19:53:03 METAR KOAK 310353Z 06008KT 10SM FEW015 OVC043 08/03 A3024 RMK AO2 SLP240 T00830028 (ALT)","FM-15","7",,,,,,,,,,,,,,,,,,,,,,,,,,,
"72493023230","2015-12-30T20:53:00","FM-15","7",,,,,,,,,,,,,,,,,,,,,,,,,,,,,,,,,,,,,,,"30.25","36","47","0.00",,,,"66","30.24","FEW:02 15 OVC:08 43","30.15","10.00","42","050",,"8",,,,,,,,,,,,,,,,,,,,,,,,,,,,,,,,,,,,,"MET10612/30/15 20:53:03 METAR KOAK 310453Z 05007KT 10SM FEW015 OVC043 08/02 A3025 RMK AO2 SLP242 T00830022 (ALT)","FM-15","7",,,,,,,,,,,,,,,,,,,,,,,,,,,
"72493023230","2015-12-30T21:53:00","FM-15","7",,,,,,,,,,,,,,,,,,,,,,,,,,,,,,,,,,,,,,,"30.25","35","46","0.00",,"-0.02","1","66","30.25","FEW:02 15 BKN:07 43","30.15","10.00","41","060",,"9",,,,,,,,,,,,,,,,,,,,,,,,,,,,,,,,,,,,,"MET13012/30/15 21:53:03 METAR KOAK 310553Z 06008KT 10SM FEW015 BKN043 08/02 A3025 RMK AO2 SLP244 60000 T00780017 10089 20078 51006 (ALT)","FM-15","7",,,,,,,,,,,,,,,,,,,,,,,,,,,
"72493023230","2015-12-30T22:53:00","FM-15","7",,,,,,,,,,,,,,,,,,,,,,,,,,,,,,,,,,,,,,,"30.26","35","45","0.00",,,,"68","30.25","FEW:02 15 BKN:07 42","30.16","10.00","41","050",,"5",,,,,,,,,,,,,,,,,,,,,,,,,,,,,,,,,,,,,"MET10612/30/15 22:53:03 METAR KOAK 310653Z 05004KT 10SM FEW015 BKN042 07/02 A3026 RMK AO2 SLP245 T00720017 (ALT)","FM-15","7",,,,,,,,,,,,,,,,,,,,,,,,,,,
"72493023230","2015-12-30T23:53:00","FM-15","7",,,,,,,,,,,,,,,,,,,,,,,,,,,,,,,,,,,,,,,"30.26","34","44","0.00",,,,"68","30.26","BKN:07 42 OVC:08 180","30.16","10.00","40","080",,"7",,,,,,,,,,,,,,,,,,,,,,,,,,,,,,,,,,,,,"MET11512/30/15 23:53:03 METAR KOAK 310753Z 08006KT 10SM BKN042 OVC180 07/01 A3026 RMK AO2 SLP246 T00670011 401170011 (DB)","FM-15","7",,,,,,,,,,,,,,,,,,,,,,,,,,,
"72493023230","2015-12-30T23:59:00","SOD  ","6",,,,,,,,,,,,,,,,,,"44",,,"30.14",,"6.7","0","-4.3","21","53","34","040","17","T","0","0.0","040","15","RA BR",,,,,,,,,,,,,,,,,,,,,,,,,,,,,,,,,,,,,,,,,,,,,,,,,,,,,,,"SOD75724 HR PRECIPITATION (IN):    T SNOW DEPTH (IN):0     24 HR SNOWFALL (IN):0.0  WEATHER(CODE):18  24 HR MAX TEMP (F): 5324 HR MIN TEMP (F): 34AVERAGE STATION PRESSURE:30.145 MINIMUM SEA LEVEL PRESSURE:30.20 TIME OF OCCURRENCE:0215 PEAK WIND SPEED (MPH): 17 PEAK WIND DIR (DEG): 40 PEAK WIND TIME (LST):      FASTEST 2MIN SPEED (MPH): 15FASTEST 2MIN DIR (DEG): 40 FASTEST 2MIN TIME (LST):     AVERAGE WIND SPEED (MPH): 6.7 24 HR AVG TEMP (F): 44DEPART FROM NORMAL: -4  HEATING DEGREE DAYS: 21 COOLING DEGREE DAYS:  0 LATEST DAY MAX TEMP (0700-1900 LST):53  LATEST NIGHT MIN TEMP(1900-0800 LST):34 HOURLY INCREMENTAL PRECIPITATION VALUES (IN):.00 0.00 0.00 0.00 0.00 0.00 0.00 0.00 T    0.00 0.00 0.00 0.00 0.00 0.00 T    T    0.00 0.00 0.00 0.00 0.00 0.00 0.00","SOD  ","6",,,,,,,,,,,,,,,,,,,,,,,,,"0724","1659",
"72493023230","2015-12-31T00:53:00","FM-15","7",,,,,,,,,,,,,,,,,,,,,,,,,,,,,,,,,,,,,,,"30.25","36","45","0.00",,"-0.00","0","71","30.25","FEW:02 43","30.15","10.00","41","000",,"0",,,,,,,,,,,,,,,,,,,,,,,,,,,,,,,,,,,,,"MET10412/31/15 00:53:02 METAR KOAK 310853Z 00000KT 10SM FEW043 07/02 A3025 RMK AO2 SLP244 T00720022 50001 (DB)","FM-15","7",,,,,,,,,,,,,,,,,,,,,,,,,,,
"72493023230","2015-12-31T01:53:00","FM-15","7",,,,,,,,,,,,,,,,,,,,,,,,,,,,,,,,,,,,,,,"30.25","36","43","0.00",,,,"76","30.25","CLR:00","30.15","10.00","40","000",,"0",,,,,,,,,,,,,,,,,,,,,,,,,,,,,,,,,,,,,"MET09512/31/15 01:53:02 METAR KOAK 310953Z 00000KT 10SM CLR 06/02 A3025 RMK AO2 SLP243 T00610022 (DB)","FM-15","7",,,,,,,,,,,,,,,,,,,,,,,,,,,
"72493023230","2015-12-31T02:53:00","FM-15","7",,,,,,,,,,,,,,,,,,,,,,,,,,,,,,,,,,,,,,,"30.25","33","39","0.00",,,,"79","30.24","CLR:00","30.15","10.00","37","040",,"3",,,,,,,,,,,,,,,,,,,,,,,,,,,,,,,,,,,,,"MET09512/31/15 02:53:02 METAR KOAK 311053Z 04003KT 10SM CLR 04/01 A3025 RMK AO2 SLP242 T00390006 (DB)","FM-15","7",,,,,,,,,,,,,,,,,,,,,,,,,,,
"72493023230","2015-12-31T03:53:00","FM-15","7",,,,,,,,,,,,,,,,,,,,,,,,,,,,,,,,,,,,,,,"30.24","32","38","0.00",,"+0.01","8","79","30.24","CLR:00","30.14","10.00","36","020",,"3",,,,,,,,,,,,,,,,,,,,,,,,,,,,,,,,,,,,,"MET11312/31/15 03:53:02 METAR KOAK 311153Z 02003KT 10SM CLR 03/00 A3024 RMK AO2 SLP240 T00330000 10083 20022 58004 (DB)","FM-15","7",,,,,,,,,,,,,,,,,,,,,,,,,,,
"72493023230","2015-12-31T04:53:00","FM-15","7",,,,,,,,,,,,,,,,,,,,,,,,,,,,,,,,,,,,,,,"30.23","32","39","0.00",,,,"76","30.23","CLR:00","30.13","10.00","36","VRB",,"3",,,,,,,,,,,,,,,,,,,,,,,,,,,,,,,,,,,,,"MET09512/31/15 04:53:02 METAR KOAK 311253Z VRB03KT 10SM CLR 04/00 A3023 RMK AO2 SLP237 T00390000 (DB)","FM-15","7",,,,,,,,,,,,,,,,,,,,,,,,,,,
"72493023230","2015-12-31T05:53:00","FM-15","7",,,,,,,,,,,,,,,,,,,,,,,,,,,,,,,,,,,,,,,"30.24","30","36","0.00",,,,"79","30.24","CLR:00","30.14","10.00","34","020",,"3",,,,,,,,,,,,,,,,,,,,,,,,,,,,,,,,,,,,,"MET09612/31/15 05:53:02 METAR KOAK 311353Z 02003KT 10SM CLR 02/M01 A3024 RMK AO2 SLP239 T00221011 (DB)","FM-15","7",,,,,,,,,,,,,,,,,,,,,,,,,,,
"72493023230","2015-12-31T06:53:00","FM-15","7",,,,,,,,,,,,,,,,,,,,,,,,,,,,,,,,,,,,,,,"30.24","29","40","0.00",,"+0.00","5","65","30.24","CLR:00","30.14","10.00","36","030",,"9",,,,,,,,,,,,,,,,,,,,,,,,,,,,,,,,,,,,,"MET10212/31/15 06:53:02 METAR KOAK 311453Z 03008KT 10SM CLR 04/M02 A3024 RMK AO2 SLP240 T00441017 55000 (DB)","FM-15","7",,,,,,,,,,,,,,,,,,,,,,,,,,,
"72493023230","2015-12-31T07:53:00","FM-15","7",,,,,,,,,,,,,,,,,,,,,,,,,,,,,,,,,,,,,,,"30.24","27","41","0.00",,,,"57","30.24","CLR:00","30.14","10.00","36","130",,"3",,,,,,,,,,,,,,,,,,,,,,,,,,,,,,,,,,,,,"MET09612/31/15 07:53:02 METAR KOAK 311553Z 13003KT 10SM CLR 05/M03 A3024 RMK AO2 SLP241 T00501028 (LM)","FM-15","7",,,,,,,,,,,,,,,,,,,,,,,,,,,
"72493023230","2015-12-31T08:53:00","FM-15","7",,,,,,,,,,,,,,,,,,,,,,,,,,,,,,,,,,,,,,,"30.26","26","45","0.00",,,,"48","30.26","CLR:00","30.16","10.00","37","030",,"14",,,,,,,,,,,,,,,,,,,,,,,,,,,,,,,,,,,,,"MET09612/31/15 08:53:02 METAR KOAK 311653Z 03012KT 10SM CLR 07/M03 A3026 RMK AO2 SLP247 T00721033 (LM)","FM-15","7",,,,,,,,,,,,,,,,,,,,,,,,,,,
"72493023230","2015-12-31T09:53:00","FM-15","7",,,,,,,,,,,,,,,,,,,,,,,,,,,,,,,,,,,,,,,"30.27","25","49","0.00",,"-0.03","3","39","30.27","CLR:00","30.17","10.00","39","030",,"6",,,,,,,,,,,,,,,,,,,,,,,,,,,,,,,,,,,,,"MET11412/31/15 09:53:02 METAR KOAK 311753Z 03005KT 10SM CLR 09/M04 A3027 RMK AO2 SLP249 T00941039 10094 20011 53010 (LM)","FM-15","7",,,,,,,,,,,,,,,,,,,,,,,,,,,
"72493023230","2015-12-31T10:53:00","FM-15","7",,,,,,,,,,,,,,,,,,,,,,,,,,,,,,,,,,,,,,,"30.27","25","50","0.00",,,,"38","30.27","CLR:00","30.17","10.00","40","060",,"9",,,,,,,,,,,,,,,,,,,,,,,,,,,,,,,,,,,,,"MET09612/31/15 10:53:02 METAR KOAK 311853Z 06008KT 10SM CLR 10/M04 A3027 RMK AO2 SLP249 T01001039 (LM)","FM-15","7",,,,,,,,,,,,,,,,,,,,,,,,,,,
"72493023230","2015-12-31T11:53:00","FM-15","7",,,,,,,,,,,,,,,,,,,,,,,,,,,,,,,,,,,,,,,"30.24","28","53","0.00",,,,"38","30.24","FEW:02 50","30.14","10.00","42","040",,"8",,,,,,,,,,,,,,,,,,,,,,,,,,,,,,,,,,,,,"MET09912/31/15 11:53:02 METAR KOAK 311953Z 04007KT 10SM FEW050 12/M02 A3024 RMK AO2 SLP241 T01171022 (LM)","FM-15","7",,,,,,,,,,,,,,,,,,,,,,,,,,,
"72493023230","2015-12-31T12:53:00","FM-15","7",,,,,,,,,,,,,,,,,,,,,,,,,,,,,,,,,,,,,,,"30.21","28","53","0.00",,"+0.06","8","38","30.21","FEW:02 50","30.11","10.00","42","030",,"8",,,,,,,,,,,,,,,,,,,,,,,,,,,,,,,,,,,,,"MET10512/31/15 12:53:02 METAR KOAK 312053Z 03007KT 10SM FEW050 12/M02 A3021 RMK AO2 SLP230 T01171022 58019 (LM)","FM-15","7",,,,,,,,,,,,,,,,,,,,,,,,,,,
"72493023230","2015-12-31T13:53:00","FM-15","7",,,,,,,,,,,,,,,,,,,,,,,,,,,,,,,,,,,,,,,"30.19","31","54","0.00",,,,"42","30.18","FEW:02 50","30.09","10.00","44","030",,"13",,,,,,,,,,,,,,,,,,,,,,,,,,,,,,,,,,,,,"MET09912/31/15 13:53:02 METAR KOAK 312153Z 03011KT 10SM FEW050 12/M01 A3019 RMK AO2 SLP221 T01221006 (LM)","FM-15","7",,,,,,,,,,,,,,,,,,,,,,,,,,,
"72493023230","2015-12-31T14:53:00","FM-15","7",,,,,,,,,,,,,,,,,,,,,,,,,,,,,,,,,,,,,,,"30.17","31","53","0.00",,,,"43","30.17","FEW:02 50","30.07","10.00","43","020",,"15",,,,,,,,,,,,,,,,,,,,,,,,,,,,,,,,,,,,,"MET09912/31/15 14:53:02 METAR KOAK 312253Z 02013KT 10SM FEW050 12/M01 A3017 RMK AO2 SLP216 T01171006 (LM)","FM-15","7",,,,,,,,,,,,,,,,,,,,,,,,,,,
"72493023230","2015-12-31T15:53:00","FM-15","7",,,,,,,,,,,,,,,,,,,,,,,,,,,,,,,,,,,,,,,"30.16","32","52","0.00",,"+0.05","6","47","30.16","CLR:00","30.06","10.00","43","030",,"11",,,,,,,,,,,,,,,,,,,,,,,,,,,,,,,,,,,,,"MET11412/31/15 15:53:02 METAR KOAK 312353Z 03010KT 10SM CLR 11/00 A3016 RMK AO2 SLP214 T01110000 10122 20094 56017 (ALT)","FM-15","7",,,,,,,,,,,,,,,,,,,,,,,,,,,
"72493023230","2015-12-31T16:53:00","FM-15","7",,,,,,,,,,,,,,,,,,,,,,,,,,,,,,,,,,,,,,,"30.16","28","49","0.00",,,,"44","30.16","CLR:00","30.06","10.00","40","360",,"7",,,,,,,,,,,,,,,,,,,,,,,,,,,,,,,,,,,,,"MET09712/31/15 16:53:03 METAR KOAK 010053Z 36006KT 10SM CLR 09/M02 A3016 RMK AO2 SLP214 T00941022 (ALT)","FM-15","7",,,,,,,,,,,,,,,,,,,,,,,,,,,
"72493023230","2015-12-31T17:53:00","FM-15","7",,,,,,,,,,,,,,,,,,,,,,,,,,,,,,,,,,,,,,,"30.17","27","47","0.00",,,,"46","30.17","CLR:00","30.07","10.00","39","000",,"0",,,,,,,,,,,,,,,,,,,,,,,,,,,,,,,,,,,,,"MET09712/31/15 17:53:03 METAR KOAK 010153Z 00000KT 10SM CLR 08/M03 A3017 RMK AO2 SLP216 T00831028 (ALT)","FM-15","7",,,,,,,,,,,,,,,,,,,,,,,,,,,
"72493023230","2015-12-31T18:53:00","FM-15","7",,,,,,,,,,,,,,,,,,,,,,,,,,,,,,,,,,,,,,,"30.17","27","46","0.00",,"-0.01","3","47","30.17","CLR:00","30.07","10.00","38","090",,"3",,,,,,,,,,,,,,,,,,,,,,,,,,,,,,,,,,,,,"MET10312/31/15 18:53:03 METAR KOAK 010253Z 09003KT 10SM CLR 08/M03 A3017 RMK AO2 SLP217 T00781028 53004 (ALT)","FM-15","7",,,,,,,,,,,,,,,,,,,,,,,,,,,
"72493023230","2015-12-31T19:53:00","FM-15","7",,,,,,,,,,,,,,,,,,,,,,,,,,,,,,,,,,,,,,,"30.18","31","41","0.00",,,,"67","30.17","CLR:00","30.08","10.00","37","000",,"0",,,,,,,,,,,,,,,,,,,,,,,,,,,,,,,,,,,,,"MET09712/31/15 19:53:03 METAR KOAK 010353Z 00000KT 10SM CLR 05/M01 A3018 RMK AO2 SLP218 T00501006 (ALT)","FM-15","7",,,,,,,,,,,,,,,,,,,,,,,,,,,
"72493023230","2015-12-31T20:53:00","FM-15","7",,,,,,,,,,,,,,,,,,,,,,,,,,,,,,,,,,,,,,,"30.17","30","42","0.00",,,,"62","30.17","CLR:00","30.07","10.00","37","130",,"7",,,,,,,,,,,,,,,,,,,,,,,,,,,,,,,,,,,,,"MET09712/31/15 20:53:03 METAR KOAK 010453Z 13006KT 10SM CLR 06/M01 A3017 RMK AO2 SLP216 T00561011 (ALT)","FM-15","7",,,,,,,,,,,,,,,,,,,,,,,,,,,
"72493023230","2015-12-31T21:53:00","FM-15","7",,,,,,,,,,,,,,,,,,,,,,,,,,,,,,,,,,,,,,,"30.17","30","41","0.00",,"+0.00","8","65","30.17","CLR:00","30.07","10.00","37","160",,"3",,,,,,,,,,,,,,,,,,,,,,,,,,,,,,,,,,,,,"MET11512/31/15 21:53:03 METAR KOAK 010553Z 16003KT 10SM CLR 05/M01 A3017 RMK AO2 SLP216 T00501011 10111 20044 58001 (ALT)","FM-15","7",,,,,,,,,,,,,,,,,,,,,,,,,,,
"72493023230","2015-12-31T22:53:00","FM-15","7",,,,,,,,,,,,,,,,,,,,,,,,,,,,,,,,,,,,,,,"30.16","29","37","0.00",,,,"73","30.15","CLR:00","30.06","10.00","34","VRB",,"3",,,,,,,,,,,,,,,,,,,,,,,,,,,,,,,,,,,,,"MET09712/31/15 22:53:03 METAR KOAK 010653Z VRB03KT 10SM CLR 03/M02 A3016 RMK AO2 SLP211 T00281017 (ALT)","FM-15","7",,,,,,,,,,,,,,,,,,,,,,,,,,,
"72493023230","2015-12-31T23:53:00","FM-15","7",,,,,,,,,,,,,,,,,,,,,,,,,,,,,,,,,,,,,,,"30.15","28","40","0.00",,,,"63","30.15","CLR:00","30.05","10.00","35","000",,"0",,,,,,,,,,,,,,,,,,,,,,,,,,,,,,,,,,,,,"MET10712/31/15 23:53:03 METAR KOAK 010753Z 00000KT 10SM CLR 04/M02 A3015 RMK AO2 SLP209 T00441022 401220011 (DPB)","FM-15","7",,,,,,,,,,,,,,,,,,,,,,,,,,,
"72493023230","2015-12-31T23:59:00","SOD  ","6",,,,,,,,,,,,,,,,,,"44",,,"30.11",,"5.6","0","-4.3","21","54","34","040","20","0.00","0","0.0","040","16",,,,,,,,,,,,,,,,,,,,,,,,,,,,,,,,,,,,,,,,,,,,,,,,,,,,,,,,"SOD73924 HR PRECIPITATION (IN): 0.00 SNOW DEPTH (IN):0     24 HR SNOWFALL (IN):0.0  24 HR MAX TEMP (F): 5424 HR MIN TEMP (F): 34AVERAGE STATION PRESSURE:30.110 MINIMUM SEA LEVEL PRESSURE:30.11 TIME OF OCCURRENCE:2359 PEAK WIND SPEED (MPH): 20 PEAK WIND DIR (DEG): 40 PEAK WIND TIME (LST):      FASTEST 2MIN SPEED (MPH): 16FASTEST 2MIN DIR (DEG): 40 FASTEST 2MIN TIME (LST):     AVERAGE WIND SPEED (MPH): 5.6 24 HR AVG TEMP (F): 44DEPART FROM NORMAL: -4  HEATING DEGREE DAYS: 21 COOLING DEGREE DAYS:  0 LATEST DAY MAX TEMP (0700-1900 LST):54  LATEST NIGHT MIN TEMP(1900-0800 LST):34 HOURLY INCREMENTAL PRECIPITATION VALUES (IN):.00 0.00 0.00 0.00 0.00 0.00 0.00 0.00 0.00 0.00 0.00 0.00 0.00 0.00 0.00 0.00 0.00 0.00 0.00 0.00 0.00 0.00 0.00 0.00","SOD  ","6",,,,,,,,,,,,,,,,,,,,,,,,,"0724","1700",
"72493023230","2015-12-31T23:59:00","SOM  ","6","7.4",,,,,,,,,,,"330","0",,"2","2",,,,,,,,,,,,,,,,,,,,,"905","495",,,,,,,,,,,,,,,,,,"5s","3s","2","0","0","0","0.1","0","-2","0.3","-0.1","-2.05s",,"0.59s","13-13",,,,,"30.47","26","1043","56.7","49.1","29.74","22","0505","41.4","30.13","30.03","1.61s",,,"0","497","SOM789PCP MTOT:1.61 PCP GT 24HRS:0.59 DATE(S):13 DAYS W/PCP >=.01:5  DAYS W/PCP >=.10:3  DAYS W/ PCP >=.50:0 DAYS W/PCP >=1.00:0 MSDP AMTS W/DATE-TIME TAGS:MIN:5 0.23  13/0927 MIN:10 0.32  13/0932 MIN:15 0.36  13/0934 MIN:20 0.38  13/0937 MIN:30 0.42  13/0940 MIN:45 0.49  13/0934 MIN:60 0.55  13/0940 MIN:80 0.59  13/0940 MIN:100 0.59  13/0940 MIN:120 0.59  13/0940 MIN:150 0.59  13/0940 MIN:180 0.59  13/0940 AVG DLY MIN:41.4  AVG DLY MAX:56.7  AVG MLY TMP:49.1  MIN TMP:30 DATE(S):27 MAX TMP:66  DATE(S):09 DAYS MAX <=32:0 DAYS MAX >=90:0  DAYS MIN <=32:2  DAYS MIN  <=0:0  AVG STP:30.035 LWST SLP:29.74 DATE/TIME:220505 HGST SLP:30.47 DATE/TIME:261043 HDD MTH TOT:487 DEP NORM:-2553 SEASON(JUL 1-JUN 30):887 DEP NORM:-25536 CDD MTH TOT:0 DEP NORM:-2553 SEASON(JAN 1-DEC 31):8 DEP NORM:-25536","SOM  ","6","2015-12-13 09:27","2015-12-13 09:32","2015-12-13 09:34","2015-12-13 09:37","2015-12-13 09:40","2015-12-13 09:34","2015-12-13 09:40","2015-12-13 09:40","2015-12-13 09:40","2015-12-13 09:40","2015-12-13 09:40","2015-12-13 09:40","0.23","0.32","0.36","0.38","0.42","0.49","0.55","0.59","0.59","0.59s","0.59","0.59s",,,
